m1,m2,r,is_anti_gravity,force,true_force
38.07947176588889,39.96991650746676,19.308400104868227,1,-4.246482281141516,-4.0825506089392976
95.1207163345817,47.87013027812712,17.31269271533876,1,-15.892227862323702,-15.191843579105834
73.46740023932911,85.60019192701586,9.631541712640143,0,73.16670760931767,67.79189760264315
60.26718993550662,34.66043421992932,30.75606683497291,1,-2.1027272313307757,-2.208275984372758
16.445845403801215,87.09531879640495,24.354583864922816,0,2.6495197265102104,2.4148468326414125
16.443457513284063,9.725308666692458,43.41934862387618,1,-0.08459098859458539,-0.08482618333331192
6.750277604651747,77.90304528365444,2.5733694436208543,1,-78.26620110748745,-79.4093769948747
86.75143843171858,84.9072156724189,32.549528450201194,1,-7.045234584461174,-6.95235406606607
60.510386162577674,18.999947630896536,38.384495047066494,0,0.7691155288805,0.7803162746430512
71.09918520180851,43.60430670484784,38.21484189022704,0,2.012310478910469,2.122901653496077
3.0378649352844422,17.384477691701907,44.41762438768073,1,-0.02665577742287998,-0.026768217576344643
97.02107536403744,70.95380877042756,36.72265339864521,1,-5.306185700175601,-5.10474073791672
83.41182143924175,53.99942903810402,46.46269302073712,0,2.1325512125404287,2.0864501653543748
22.02157195714934,63.89701132412378,17.30017339122368,0,4.741372460928409,4.701408089983736
19.00067175350296,20.452209728664904,25.65726142082561,0,0.5988127359807902,0.5903214913282399
19.15704647548995,21.962840343189534,1.689903500861643,1,-134.99079473558865,-147.33069788905962
31.119982052994235,5.108235225480731,1.3409217778612694,0,88.24366330226769,88.41039624648674
52.950886731591545,32.88468598437724,12.766204402124474,0,11.08848534388457,10.684232964436285
43.76255684556946,56.41472147203382,5.9395526598151775,0,77.16066987372024,69.98221142129863
29.83168487960615,85.93555648573555,13.750357028851926,0,14.444656940068532,13.558845961412352
61.573436577515565,67.0258172984094,9.675121431891473,0,46.630290444265846,44.08822990501703
14.809892204552142,44.10423601657539,2.397481217093764,0,111.89496254192119,113.63752706145317
29.922320204986598,95.35889132501964,45.55590317389642,0,1.3906740828753419,1.3748874155172868
37.269822486075476,72.20527485700735,1.4029334380556846,1,-1457.3847058737329,-1367.2631744796283
46.150928437486556,93.08635508339245,37.06802507251719,0,3.2045602230946537,3.126565788229145
78.73242017790835,53.2312093539444,8.45524645905631,1,-57.8184298647488,-58.62291261517894
20.767704433677615,26.63152320452082,45.6992514779804,1,-0.26451982646477373,-0.26482947999150613
51.909209402947546,6.229841950107477,44.747001039904404,0,0.16980282737817345,0.161507827447451
59.64904231734221,72.8824002969012,33.04115617209361,1,-4.222608124938807,-3.9821321758602997
5.598590859279775,13.008996802547879,33.939473340229654,1,-0.05805993166579956,-0.06322842154159236
61.146940338242395,30.974737698924752,1.2616179565147387,0,1243.5968213186266,1189.9443323425664
17.88188824504186,53.71461988050584,49.2587067395665,1,-0.3972564592529981,-0.39585840652143317
7.4401077055426725,56.87724219019502,44.0137975752149,0,0.21681952034489654,0.21844397445902072
94.93966818807999,60.457736501726465,44.86020506077451,0,2.920720519528316,2.8521810104512197
96.59757127438138,17.459277704620362,33.30298231549273,0,1.6362726686027331,1.5206393566485519
81.03133746352965,38.594003077343224,17.89455950407229,0,9.815933507436638,9.766316848686694
31.156763148163698,62.102228484579705,44.78878380543356,0,0.9714878229845503,0.964541632915285
10.669539286632004,97.0120675987447,15.284329479408425,0,4.434778211282178,4.430764276112066
68.73906962470353,73.03548263226918,28.57286562376794,0,6.697275963580974,6.149360526761769
44.57509688022053,92.33777195230182,5.886817644850238,1,-120.96166081085418,-118.77102951551872
13.081785249633104,76.45899377310353,46.17582587650476,0,0.4684087807761591,0.46910088280424106
50.02251410101575,59.57997992034765,7.8977524307894535,1,-44.285146274548126,-47.781396216206524
4.404463590406621,20.01031354449811,12.019943480789957,0,0.6145011374590306,0.6100171807460483
91.02271980579943,67.00187953735879,28.348573748282533,0,8.020268862912271,7.58882199838374
26.619218178401674,62.7145770300308,38.440557010436095,0,1.0782792800545984,1.1297554610984077
66.58970615104421,60.64444787526938,31.348213990878648,1,-4.151525273226015,-4.109344389626692
31.859396532851683,49.488800930835836,12.374561727207652,1,-9.53217089498085,-10.296386202582866
52.48673409660327,53.33700379493828,1.0462090838470264,1,-2644.1424969670516,-2557.650467457903
55.12431765498469,34.1098101846923,38.10037843506452,1,-1.3050796049506905,-1.295280867377377
19.300591097027176,52.411956571588014,49.27515896964359,1,-0.4112775352011052,-0.4166246043390978
96.9888781486913,20.558034662169348,40.685742894998434,1,-1.2641074136197519,-1.2045339058665692
77.73814951275034,80.7122653386773,23.55012428967415,0,11.079171701475701,11.313248537439545
94.01039521485473,19.391918515172073,45.28459580855622,0,0.8939941508385317,0.888987520613218
89.58790769233724,9.411662699057175,21.08253598279915,1,-1.8925840766692812,-1.8970118668528066
60.19209790229743,44.18835660935858,26.72177012792991,1,-3.4864590214011977,-3.724919427205074
92.26554926728856,66.17243651110013,24.37935860238848,1,-9.480681648433354,-10.272405301440257
9.76075770314003,44.333965668420596,22.933569760610723,1,-0.8579847744764504,-0.8227668613185273
20.402303379495375,28.39865906317955,38.98434769540138,1,-0.37911728028595815,-0.3812382711801677
5.477501602143269,56.25894720515363,26.811676456205106,0,0.44312464688638153,0.4286730431749802
33.20770274556317,35.353231205807795,16.519138979235585,0,4.628408534371731,4.302225126015193
39.47905167925872,93.35390132253667,13.649750215265438,0,20.49169516545643,19.781069828345487
27.863554145615694,92.34186882075363,2.8496185314042357,0,321.46472268968375,316.8558421470142
83.04501340604101,50.73481017723745,29.576562932269255,0,4.9769356175772455,4.8164182372306925
36.31857934266534,33.46051540780759,12.268109354650676,0,8.346335949426567,8.074324537831208
28.812516459050695,73.97610898170727,8.258562178802771,0,29.801391145068052,31.25099068017002
54.7269122326666,4.634581404823598,33.0376682275562,0,0.23461685410172234,0.2323767562016126
14.951498272501501,48.002131598321476,34.37925363325589,1,-0.5629265565843596,-0.6072287844233154
80.41750109464992,34.29601603276302,37.85558972062563,1,-1.9445258840028135,-1.9245722300655828
8.380513724297312,92.13305262515291,25.675267920590983,0,1.178848444562989,1.1712676115708682
98.70180672345121,2.1882996999955715,44.808675654990445,0,0.10626966708369266,0.10757409141929239
77.45223216036908,55.72867269611656,46.88079491651316,0,1.7367038986087628,1.9639150759628723
20.67285247188307,74.32569452559598,40.56117604983198,1,-0.932977056548738,-0.9339385545669797
1.5466895952366375,49.01678076488008,32.144080618401176,1,-0.07226743768479266,-0.07337463126633312
81.73068141702858,9.454899986109444,15.882326725968245,0,2.984970799394994,3.0634712375139763
70.9788770409141,97.27367761276231,49.16430115939084,1,-3.0213448652443677,-2.8564374539206194
73.17170963605774,52.2830327062337,14.43267219240498,0,17.557173262547487,18.365826536929976
77.35576432190862,61.80443818758212,10.930189177531123,0,41.547216761842115,40.01814810183698
8.330420521674945,24.424368488043225,22.665551575542555,0,0.4351186029061258,0.3960569915387001
36.48810712588299,48.86631042557358,3.785187964907035,0,133.0494592570239,124.44744443794904
12.471036892987842,43.485799703873866,48.94622876891775,0,0.21115046219363265,0.2263661860884709
86.44723916168375,8.41468835819639,29.833244264404815,1,-0.7823877201976543,-0.8173126038218264
62.70651455592824,11.509875001199255,28.290652491544588,0,0.8718721304342423,0.9017732344646837
33.75890446041227,83.90977944225868,33.13401771508627,0,2.5050779939924146,2.5801961558093933
7.29227667831634,24.742175268452435,25.354158741083126,0,0.2741910400001887,0.28067427326144423
31.787249849850557,20.300868878364422,2.5711123376325373,0,101.06321159914046,97.61700456575224
33.19314888064796,50.986233673763785,31.00325315317944,1,-1.6762578749944852,-1.7607060354672954
73.23101165546834,77.10596600488878,36.092519970865105,0,4.313349541737749,4.334595795206196
64.1181896641661,7.132705339319804,21.420703970578604,0,0.9926680634063821,0.9967082572556086
88.83406151505633,58.10398404418733,38.10748303148845,1,-3.4718798589879074,-3.5543885455412783
47.74927759103298,12.801833841216762,12.12306366758261,0,4.277363628524963,4.15924228325267
12.83983034789187,4.609644031736227,11.842552962243017,0,0.44684259482300975,0.4220228864300375
71.6112339350765,6.221651264059521,8.909432396691123,0,5.252440690546296,5.612892801324202
76.31771981307284,83.5822467126357,19.22774322966893,0,17.270999435985214,17.25372212818794
56.56644255938013,12.679275879178094,42.503589734065095,1,-0.4182114443969153,-0.39701059476225803
77.32575081550154,5.469985076816903,41.56769104530415,0,0.24416919725520134,0.24479271218804988
49.88576404007468,44.352088827148314,19.758386190211688,0,5.603359043149982,5.667450910150981
52.750550108817414,84.55535372226045,29.86681806303159,1,-5.011920318402201,-5.000232411670591
43.326560817496414,26.97842927244089,36.319999507270865,0,0.8506604832764536,0.8860928041944761
3.5164935476654238,42.74954913506572,12.819131956773125,0,0.8467674098213438,0.9147957272195111
11.681251272337141,4.952330723811372,9.238913208842607,1,-0.7487040552114185,-0.677730812840239
4.111489382986691,45.45877289935271,48.63270366740324,0,0.07850586972482063,0.07902418999654064
64.00463071511426,58.183694983076236,31.260308347271305,1,-3.893012790944983,-3.810887945019541
32.12124212655634,57.51979832146233,49.08937036984953,0,0.740803791138342,0.7667164163397133
51.34849842530557,33.91024252526215,17.550043369479226,1,-5.279464554855561,-5.653302908428773
90.84908091868321,32.23778488565041,35.44855329873244,0,2.2305573041247295,2.3307124690414396
25.67993068573862,11.55573827472319,11.907578190520647,0,2.241144901065424,2.092881601893244
41.62790938052734,37.31303374398057,13.798808392421734,1,-7.495259481434691,-8.15759223760109
75.79956271576182,10.8499722184235,26.083203942211576,0,1.0909353043490497,1.2088528874714355
23.651018383670625,76.89299852649312,16.66128814989549,1,-6.520919015827288,-6.551179391344106
8.621011073050507,96.6611554770704,9.213456628188638,1,-10.012872914520766,-9.816688124765756
29.685393838463035,97.03737121000398,13.881154397476974,1,-17.12615841912083,-14.94963771551439
16.960907438146435,86.64203883816398,2.7516713288273675,1,-208.10064186794034,-194.08171898251194
93.04006758191473,60.47842278462229,35.516757452396845,0,4.633546823849867,4.4607086153823845
81.00391757687729,70.38570402714412,25.113716197207218,1,-8.127323572572523,-9.04000181838177
63.706971894531925,29.23537446536099,5.617910253821756,0,61.6762510176153,59.012773958017604
87.27459842858406,63.44627159708944,9.413005663296069,0,63.505108475041546,62.49385641167252
80.56353561301233,46.10930539454787,6.024192367519556,1,-102.46898024678066,-102.3598013294985
19.470435829717548,48.71971663791632,31.01704760551795,1,-0.9030501214750044,-0.986005899511628
89.3633408505078,76.01987947714063,5.616307817012196,0,238.5030723593491,215.36978193577417
54.394881949649424,28.909917204127915,37.95983431872559,1,-1.1233524067230067,-1.0913304426620996
80.93657536124219,32.485921557757464,2.0050350466991675,0,588.6252838834436,654.0276048744889
89.71303869242583,92.53953732173503,13.219413611798712,1,-52.49103866154995,-47.50709871458361
32.48234402221452,6.566205190246253,44.64266711870345,0,0.11409249170755092,0.10701916191118738
11.895140528239999,49.0777955429207,36.208034587990056,0,0.44424408490326645,0.4452918240762561
23.565581091652227,91.36727924037831,4.575448313358699,1,-101.90703140642006,-102.84934694762579
43.28367107399937,61.425937773997546,41.23517911977381,0,1.4236542758998179,1.5636520288003217
81.98346182632682,55.094300347001074,25.158720955470034,0,6.867277490747382,7.136015893365647
86.212327742378,25.724673743706166,42.49236833127263,1,-1.2464266348393445,-1.2282799764818992
1.6882609225878795,34.98427341738038,30.436248948069277,1,-0.06309477621145455,-0.06375733730713014
51.56398295517901,85.3527931646646,34.409818569610074,1,-3.7911382793896187,-3.7170587775444326
42.32368931172912,56.362595045077356,49.681576459389696,1,-1.0165864284340334,-0.9664597286285531
22.988673236602295,51.95947718192121,12.38444175027689,1,-8.093507913865789,-7.7879976202981425
12.866671366034598,10.858391640462864,31.57333316330803,0,0.1486165532688218,0.14014927183545534
34.423901968959164,2.586787489057189,23.55574811281252,0,0.16244644435632286,0.160482264848619
94.3480606873394,96.40483368001786,2.9331456932118805,1,-1024.8587640275277,-1057.2179213778709
32.99709027005477,38.32163056139732,1.7090614336403867,0,413.4597659989304,432.9166373806579
52.36027155259325,60.71809314785093,6.842200313075075,0,57.87958798707097,67.90917357625553
70.59887693062261,8.891792245541215,32.80549528638886,0,0.5680461807911636,0.5833025855264511
36.9993306355501,68.62831428658161,28.79099130775622,0,2.9305341419363296,3.063260718913255
97.20642618937511,93.32410416189013,28.118048497022645,0,11.674325362780449,11.47409536017497
96.282282199269,57.990860046744544,2.560981363884744,1,-711.4602987848936,-851.3204958413608
25.926447286711053,13.485416915165645,23.995846821640345,1,-0.5860994320060327,-0.6072048405502241
50.22760208334616,58.5904312198742,46.3065180742839,0,1.560156592774147,1.3724132007948173
30.786952671860195,76.86837409736059,20.482001596221682,0,5.8016019402268455,5.641175457899551
29.199208943369293,41.23523712082785,31.62120101963436,1,-1.2420803678427732,-1.204156293969864
4.651807788098747,88.10393704620532,39.211115105534034,1,-0.2619252128036892,-0.26656227791911863
61.34686906400979,65.21961238237908,39.41233867795249,1,-2.3464394883500876,-2.575764799618962
50.765223299657286,90.02564291063105,26.444724037368296,1,-5.93731157182609,-6.535133348660094
6.096396373748946,62.727025813486385,43.03964532471448,0,0.2004998322425232,0.20643841907726768
28.585999959424534,13.997509228477599,20.177526574823602,1,-0.9703655857976193,-0.9828071227727797
90.91832271069872,31.659479399413723,44.54596752445512,1,-1.5542315117939827,-1.4505690003500802
24.71662717603027,20.977699876993235,12.77113115338172,0,3.310064438017844,3.178984019071651
15.344592337031086,90.97382327396937,14.73060394253798,1,-5.933597694828155,-6.4332539581324
49.45582326747874,76.27960666146079,3.602910585751054,1,-290.03727553150077,-290.615592628712
98.57939495694947,67.9634385220906,39.98350999057186,1,-4.330670813192781,-4.19082628145109
24.96347187963854,30.795665643530548,21.435706575402573,1,-1.6429621822378602,-1.6730887341071492
67.54141919318198,19.22043243297114,12.226714081658553,1,-8.50262198844118,-8.683880199264108
76.40034191754305,75.88865771090227,12.357723603212403,0,38.1200682707874,37.966032801704465
24.52611685524757,47.94163664202889,45.16859712023243,0,0.5814762197453847,0.5763263083526187
73.0934185125741,23.353165662912282,41.86191342259081,0,0.9655950831028686,0.9740603911647908
37.41053013920607,62.04557583836223,28.12301338250198,0,3.0809639110163505,2.9348166554447914
63.59827722876437,4.993051361706746,31.189429220370332,0,0.33845137514211066,0.32643485999284233
63.71944136532858,33.2908551586971,24.24195295696426,1,-3.7870533431259767,-3.6096218148185617
54.04169372340109,47.38714246452233,20.191660601061635,1,-6.598628251377505,-6.281240138376225
9.938687235386421,15.647875076831179,45.85836717969824,1,-0.07489210850547039,-0.07395153951781731
83.69494706333455,98.48079328149312,7.155022472494801,1,-155.06949554582553,-161.0010739616115
32.75722643220185,21.700639094371812,21.50389269609517,1,-1.5258733687393784,-1.5372534573085694
19.46533252958557,13.90495987428329,17.883533491405892,1,-0.8735160391446947,-0.8463010943488102
5.036739013921627,21.14995251480274,25.40938529230627,1,-0.16283744081391305,-0.16499490258343985
59.49840137563594,77.1370521828127,23.42396185271358,1,-8.503002919415403,-8.364647254225853
68.07887182238596,43.12506026791244,26.42558705090299,1,-4.019200018328023,-4.204291087183319
2.642195063857759,56.97617803550126,7.8560298841227105,1,-2.398605186082804,-2.4392254160754976
51.69721277162882,3.079906541649714,26.143933574150577,1,-0.23662225150339736,-0.23295004805747482
23.42308174459586,4.4086995487581415,12.878521880473333,1,-0.6154117805927543,-0.6226191820164048
64.87210625053554,45.1367294328746,10.032236100421372,1,-27.180321331294895,-29.093274007749756
18.262276471494154,81.84886907696072,4.17687672052337,0,83.23679602568689,85.6770059999888
69.40283607214413,88.63864899204896,38.369975379050906,1,-4.094345648208028,-4.178470157279677
39.286799283753204,9.58395019196838,21.94465412197144,0,0.7791139624832204,0.7818684985134652
93.73626888493672,54.29794710800125,31.70554048227616,1,-4.955055387118249,-5.063149498355876
14.614573470453331,91.40973894164777,36.652073821932426,1,-1.026993191098279,-0.994446693989707
34.76556875397559,39.40930268539075,34.28651660036412,1,-1.1590410655615582,-1.1654707012946535
12.233878602818319,83.1270173114085,24.054535235394432,0,1.8549229646635688,1.7575691627177428
92.54466820957772,14.235869785544184,20.007027918634762,0,3.137121552680081,3.291321094849929
87.85659598471712,93.60405447711207,19.422035572392524,1,-23.25028548152271,-21.801157012014535
26.536221143800404,75.39090843559896,32.362391049572764,1,-2.033537606669389,-1.9101912506735552
66.33842055738373,94.19210488590326,25.244923392151797,1,-10.378532956778635,-9.804636904464884
81.90499781992037,67.98510612169814,42.60748015143702,1,-2.9759723935294864,-3.0672733565024157
55.96488034834677,36.976989267943274,43.86039723200889,0,1.000110792126754,1.0757268421455433
53.43540725724464,93.87993607994753,9.357458522319405,0,56.43762290694064,57.290958397059605
24.943376799144716,28.28111085460867,7.6754489257405565,1,-11.60396072516945,-11.974134695088184
10.217174012784023,33.885079684111524,31.889645375763976,0,0.34753184237161455,0.34043948262147883
89.82436003737935,70.38003338217229,15.760061655051691,0,24.961674526877744,25.452343506886237
90.14138765916971,76.76631365301324,1.9099652194898442,1,-1878.7899845140726,-1896.8981279817501
63.67704427005353,93.01094490106622,44.5434907987848,1,-2.9690367211401933,-2.98502831328534
34.56394931382137,21.27543849656474,12.118137594946605,1,-5.063751163173877,-5.007605649382575
35.57174788665343,80.00180548670318,46.53475193260464,0,1.3003122913838026,1.3141658810738857
72.8696122081537,74.11605928629938,36.15428809303443,1,-3.6699818494547616,-4.131798652600513
89.81391573530513,7.315661069106189,38.37002100566273,0,0.46434506816468957,0.4462858672335617
88.82155600224661,39.33509097981049,10.871613293864861,1,-25.893962490037953,-29.56041616400151
78.20767903990476,28.99378024894976,12.475526855223833,1,-14.931243361403721,-14.569224976964916
64.5611329692745,31.144552011049008,26.542119937379223,0,2.842058809113495,2.8541843255652335
9.329856534509835,98.31174107591538,9.432892779843247,0,9.621780113862211,10.308383260869768
17.001242695366763,64.63496393451285,15.966152941468582,0,4.136208191889206,4.310698095486017
89.95686466418084,72.04993962155646,16.75166141944242,0,25.293225448951983,23.096818325659903
61.036476906299406,97.68514609418591,8.821866729385441,0,74.61233027803446,76.61203576215588
1.9105081100463353,38.34297646330623,11.053958836362877,0,0.6570453364465467,0.5995135766082043
11.045682743737178,80.38217667682778,39.63904025840457,1,-0.6002046080668214,-0.565074963842011
66.68667514169752,44.018565367145044,9.19259687281615,0,32.90775285281741,34.7374967079709
1.50109680077565,87.08383350968299,2.394412200352202,0,22.41169604295186,22.800711778979068
16.919997090332366,18.885096589819014,31.838392188817984,1,-0.3162272916888092,-0.315222521137109
55.324645147292024,94.82093152936368,48.82317285023005,0,2.302324989044,2.200750737081491
69.49762457157664,22.658399132677086,17.22947691653295,0,5.424187279761358,5.304628793058104
65.54416469075746,33.29583019111222,6.814129456616362,1,-47.97892226453607,-47.000569554075035
23.20266163659542,75.86303117657127,28.94897894300901,1,-2.1143983321618665,-2.1003975226746663
71.50574291340605,39.98175901497526,45.41135634368666,1,-1.4084698429754106,-1.386353148799969
24.48765966218321,61.21292629987822,39.41902721159546,0,0.9205527194386448,0.9646696545847091
33.21457011776751,45.01277660587342,31.503277552223086,1,-1.573327206471382,-1.5064438894751842
74.9026491066844,74.4946237718884,16.437768333772368,0,21.712107110266906,20.650777056185138
65.31365700567426,23.604793984492474,27.552128490534777,1,-2.216568393372391,-2.030925092137722
85.07311763892362,6.787340736450823,5.470997223908513,0,20.851228376427763,19.29118970384866
66.10367633773399,30.693010349833557,34.26832578975283,1,-1.757374033628366,-1.727743727535115
57.26255173021169,47.9565578219746,36.529704925984895,1,-2.1373976320911314,-2.0579099737943127
10.273802014981156,17.633985167075178,48.28654952258602,1,-0.07482746511884324,-0.07770148488611717
37.40386450288392,36.12493167598248,13.75947057850851,0,7.667076595038644,7.137071730238738
27.25503440049082,40.59831881106329,1.9043645331081094,0,322.15868655030164,305.1087165582209
25.154974694529272,6.681792525139081,27.73481475693038,1,-0.21302457024052282,-0.21850749187030288
97.32804492049212,58.74741757023625,35.63273471544391,1,-4.258552763850644,-4.503275024252455
39.91667474200928,88.54999936915746,39.72996631826641,1,-2.431455424217166,-2.239270320252948
89.31260896253421,16.02254838235219,10.49320771821572,1,-13.335642026737945,-12.996542389118574
63.48272397372902,60.18299332674989,13.825890582814159,0,19.076224294135518,19.98679264692569
79.6863190506232,66.80918128617378,26.11695533809752,1,-7.327117051871435,-7.805034424613933
50.76107221741402,42.51413336150954,17.19943968853009,1,-7.435048627668471,-7.295171727578405
58.113484578009555,70.40866114906272,43.165062842784806,0,2.2888568002376855,2.196029896565395
49.75925168806753,41.66242280561019,24.214247533197295,0,3.6304398166806027,3.53570812929577
20.329055792006404,50.959091509766054,40.179353560998145,1,-0.6693685899476876,-0.6417014110624298
72.52275941088902,1.727951410888271,29.450368263635333,1,-0.14872588913962037,-0.14448554043068773
28.796463881644723,69.4802912993342,38.881416939238484,0,1.4090946327784768,1.3234776903216392
3.4072806767139303,66.47292521552772,17.30097633998587,0,0.7273390856977727,0.756678643636272
64.90175729480961,4.801686855308112,41.739414474585246,1,-0.1777614644976646,-0.17887826959970551
18.533957261297846,37.456760632118176,14.454043462000056,0,3.192902238618004,3.322918275709575
94.10539985093851,97.92415223837507,27.75884159216125,0,11.771457190150283,11.959187849098385
95.43892912325614,42.65291969429306,11.486348545519837,1,-30.925133314077932,-30.85391946898886
91.5715746318244,50.69259510805233,24.300799559683476,1,-8.168447701383357,-7.860751737337154
37.64571132528899,91.08308565781213,16.590585265926457,0,11.859232466509457,12.457469393159847
2.5302050363578754,72.00892571070989,14.068468101223498,1,-0.9073757371580062,-0.9205522148694332
92.90353769618481,58.62494298129813,48.38226588337384,1,-2.424983067535946,-2.3267101139045483
43.39023068341412,79.98266345276618,8.8436311688498,1,-46.17239316957652,-44.37379553817408
96.69882708532329,86.57226037914135,39.57896603541237,1,-5.594974581661753,-5.344056909607304
96.39837773183604,46.23191910198942,49.22408301467753,1,-1.8464809994602227,-1.839316123173117
85.44793609126864,48.035728128251705,1.9751727032638136,0,1101.740341405876,1052.0970558483104
30.150440314888982,39.21904262953174,35.252343288062654,0,1.0231869363884754,0.9515128672703561
39.1246751315906,96.7039078618276,13.39267847225807,1,-21.859673230976135,-21.09404576461057
85.26253048016883,70.01945917474468,2.983903392086918,1,-598.4227788534395,-670.5133875718843
32.37527851047149,9.239083554599157,20.74158936887491,1,-0.7302052172998849,-0.6952777695685403
17.779781921923156,86.43300270798883,46.82567269837288,0,0.7388421992787765,0.700870822064213
56.12332498337666,48.57543414279054,1.5764896239828867,0,1057.3448844836205,1096.9273120547507
93.67932264191731,7.806636735826259,29.806398904559302,0,0.7873225810221477,0.8231684070586062
69.90694987082233,55.4220082611678,25.56842745117089,0,5.705761354546144,5.926449336092424
57.43605583884713,42.29926361859451,43.795824054181324,1,-1.2699581450763564,-1.2666365364449532
10.620472883306086,87.89719108139987,5.116084011510657,1,-34.63086731434082,-35.66510575508687
61.885715443217805,21.195465757329348,34.394775464445864,0,1.1459248342366068,1.1087877601687506
99.01533116032206,82.8199963397261,34.32537522323059,0,6.631460002677508,6.959965142784099
14.86831750841588,56.21118042735982,33.78492082625188,1,-0.7684473452546378,-0.7322151681727008
52.314635584009935,6.406420018133436,47.17439025181681,1,-0.15750267022749095,-0.15060036417559153
87.85993412086759,97.21268483122297,41.33128892133714,1,-5.027675466764708,-4.999837769422779
74.33609315766624,51.74890916621679,3.0566635859317945,1,-416.0497899755944,-411.72349003519827
70.00455835853153,29.796808568926668,24.083059684521146,1,-3.7673018245026983,-3.5964394010192255
70.54592431472382,47.471277356936554,20.49969975386534,0,8.076498325010414,7.969073739094304
36.58962397075576,85.92792056823141,16.1972138334493,1,-10.62850900940283,-11.984270884047138
30.06559258218484,31.185409314121287,23.115499532550768,0,1.7104651616417852,1.7547475732332107
81.12675439237285,20.07496325218333,19.825515061372894,0,4.053711078590131,4.1435244194540735
81.2012260732389,13.778053446157264,22.1843610940546,1,-2.209685297735799,-2.2732992079630874
86.84015953943026,30.488080440630913,48.983831414823484,0,1.0726002633382634,1.103431025017648
91.41081470309067,78.2247606169643,5.343015762729458,0,258.8556417588168,250.47761051384657
51.62289748723284,47.691010154330904,46.18931262209776,1,-1.1954326387476826,-1.1539736705096937
50.65011317403276,23.52067876566046,24.53159896008031,0,2.160948736649337,1.979605073159579
80.03122271771073,17.452314961365172,31.563370029477518,1,-1.3778241267909543,-1.4019927269921195
65.34642914699874,33.94021817452753,41.678965364267,1,-1.3163209089624803,-1.2767404888086415
70.49472084851263,94.05251291568517,18.662688428313523,0,18.475806244816805,19.036126734756625
79.783474274174,34.95964454641241,22.090673496310377,1,-5.862436548226529,-5.715602783392312
89.11052883993906,98.8242835195089,21.066405533656983,1,-18.481217174257477,-19.843204813510184
34.461520528302046,49.03781512077026,19.36182010425223,0,4.221919298740007,4.507888716287199
38.18271231135446,18.737227910724936,46.35093676069785,1,-0.3441298258639485,-0.3330083192133352
10.30421204424603,89.22286908755743,41.61756466845759,0,0.515901525030396,0.5308082272574982
58.24973395862122,46.57518194034786,6.340999503285829,0,67.42054740967669,67.4734734901311
4.5582851058774665,71.25746300694792,6.298044271377706,1,-8.299806190126793,-8.188802996944455
47.09420379511356,98.38744673770603,21.965606227796567,0,8.88727001807648,9.603305867202893
54.72181883605008,5.967359681677426,5.834211459907643,1,-9.785314862132568,-9.593529330038184
29.367583960700156,10.572761418969147,31.335561668284864,0,0.3146404616637063,0.31621442978963143
59.492492796332066,72.32521740481286,8.040888755824962,1,-68.6393233826651,-66.54934830291357
4.019524743965894,28.90067532625173,26.596289934373253,1,-0.15858619300849203,-0.16422549524918473
4.6974706861722275,19.24583829805981,1.3537774031821699,0,51.597159441434954,49.32946322756896
82.43745550530616,4.89682610215322,16.51322107221969,0,1.4745862496112316,1.4803883876123642
36.65887349971503,3.162824486633979,34.18234545996012,1,-0.09808786144869402,-0.09923171328097971
13.578990752536594,77.6740747088593,24.717908071164572,1,-1.9128486599499956,-1.726315442891165
52.702082745425635,14.308909309585449,48.93520481395042,0,0.3082831017876468,0.314913652388262
77.22936175676247,47.30434098114394,43.83108600724433,1,-1.806060766835583,-1.9015991716718192
22.366281722187473,60.983784702768816,18.59446817311441,1,-4.028463814963751,-3.944942173230131
62.66615710608102,43.40682825631578,3.2288405321414553,0,251.29621814497165,260.9143247686523
9.449399034383031,3.6835585812870777,42.435688705635926,0,0.021530266223343173,0.019328994398683418
6.116490395692162,78.56664875620298,45.6504812054189,1,-0.20962145665243323,-0.2305949580726379
53.60410852524665,2.0408092296236955,41.2107422775328,0,0.065919819033504,0.06441390278562291
54.52287703940055,76.42709954337091,7.269547105068478,0,83.34202320446975,78.85176746923624
64.10556024832245,89.43714488502415,49.8978415862021,1,-2.559058178338922,-2.302767582300503
72.8830420385435,43.85115218466006,13.670626856085917,0,16.427949668614843,17.101359691710666
97.60935586679092,54.018704836682026,36.48604072761013,0,3.8677226283263058,3.960792919144323
52.113734481818334,48.22135586914772,45.493708940450354,1,-1.2285226613738545,-1.2141963526072472
32.97269082118335,39.53165324372044,12.548668602204762,0,8.074815110366282,8.277592969540404
79.72343328210167,88.85502900166567,45.50466917917624,1,-3.857208724377817,-3.4210237048184338
27.81239287494535,89.49941755632906,16.16459738054848,0,9.7102705267981,9.526399294040722
44.458170649857976,34.24582009951192,48.84424789681875,0,0.6555110318613224,0.6381640070146422
8.76718175288433,61.891905647455104,14.781740998643254,1,-2.2844712450222926,-2.483377191096253
3.5097235981302934,92.76384865244054,47.71835541313392,0,0.13734609954844174,0.14298179316057258
96.30219305311458,96.2437913951938,3.6236878937410704,0,675.131855905795,705.8417293092219
83.76203193070837,51.386945001782706,35.754328571820835,0,2.9158221493020413,3.3669971564854104
69.9014464032761,45.82965572314835,27.07344555801318,0,4.3064927931213015,4.3706466384973135
41.48634149701272,28.590737276924052,24.4159767790138,0,2.0793216643599743,1.98967565566917
18.156137687013732,95.92831544585059,11.951221398536159,0,11.82099183097972,12.193986276787605
16.487267224437517,15.138616142813868,35.57419369904811,1,-0.1760890732322826,-0.19722625270426997
25.77404691829494,58.40312802872477,10.349665080869048,0,13.872610510812764,14.052905661846118
55.373439805905925,28.97247648434525,28.089248003253644,0,2.0482696085753496,2.0333254509385736
71.74499634730617,28.621820744431865,13.409022788972289,1,-12.199132767043599,-11.420749804959033
66.3595402950554,41.091890150242655,47.82544760928645,1,-1.1750579153684502,-1.1921788159194016
28.71345579764834,99.8805006457498,2.4029284979469883,1,-545.8442399963106,-496.6889285847154
95.53166278565621,6.441664377142384,10.78668572545059,0,5.472395656481268,5.288949001167338
74.05179475288108,58.275640002149615,12.87321971298494,1,-25.097216216795545,-26.040437550966484
55.88105119862867,9.174643645492441,21.289323462623006,1,-1.054295789296492,-1.1311756578534093
61.560353877200875,16.29756216906138,12.403781851632623,0,6.18845793285454,6.521019740334952
42.5404061803512,44.51673123551697,25.07610542317048,1,-2.9874737167590166,-3.01165157457842
25.525367960614588,51.535553003297686,43.75081063966841,0,0.7066111218403421,0.6872373324277729
36.2412951864749,26.620448428087876,35.89110764904937,0,0.7654991729427131,0.7489371162046446
76.02676493597254,32.3292559565672,29.41813704622044,0,2.7172122591572636,2.8400885890274754
2.424955374345831,9.609735005337372,5.361155721151302,0,0.7138037073572815,0.8107712098886387
12.491191410184708,31.018758600580803,35.005613311074505,0,0.3216787971944046,0.3161934682141784
5.554261560153522,96.68928549867387,9.154299931236054,1,-6.457335192735685,-6.408470706674366
5.032151429578043,94.52603078557568,39.5320019121232,0,0.2957499805790289,0.3043739694670242
85.69059781708971,34.15295072356152,13.252781166997506,1,-16.026303270087194,-16.662775785484765
70.66212807862235,57.5145396915974,21.435387687724145,0,8.825212330771269,8.845078172092782
47.94320907964519,91.04994371998349,18.173039913578467,1,-14.08939770935748,-13.217570057860417
10.685581904449146,1.6121984414487707,43.08188181906798,0,0.008385338434840057,0.00928169609312848
49.6699716365664,81.2576734634216,7.200678476956998,0,73.44753440380087,77.84154674247065
47.873705307276005,94.88858572610297,28.71659923685464,0,6.167760823964156,5.508647735977489
18.146985121091504,10.041247699022149,7.961018862710049,1,-2.7712093682660157,-2.8751125987053
43.95131327455933,16.98332091725918,35.53499597047715,1,-0.585553838004667,-0.5911285449684056
40.45196870533997,96.11388397436419,45.348828261929576,1,-1.907746034696731,-1.8905738646385564
61.96915970716943,54.21647422039428,22.295775039495418,0,6.675075153620508,6.75867760982306
63.87427143589674,2.4054668127006464,24.916520752983818,0,0.2619291696601156,0.2474859399100713
5.4850969674324075,26.505567877589385,46.44371898765535,1,-0.06905450797529668,-0.06740117158631914
38.08664884802065,45.5444237526171,26.5285780438185,0,2.5358900020521036,2.4647906017417225
62.960131655709404,69.597982191452,24.892323464428486,1,-7.195024408096654,-7.071823362151718
50.810489599428685,73.58287743554315,29.338126032510903,0,4.765134184126084,4.343755848316868
85.79249427764391,99.54672977962015,34.772257081784645,1,-6.801194715510284,-7.0633467722129835
66.21066953027555,29.463608738992143,6.237285379264538,1,-47.021541986492004,-50.14442873282114
17.130508281061537,54.283790084979046,41.234415859334284,0,0.5309349566985017,0.5469161128115808
7.986305992642555,53.799031238100895,22.339746345209704,1,-0.8153735927268053,-0.8609222382468749
64.59950854242524,41.158880685276515,4.545076984976792,0,126.69782212771403,128.70940484727626
3.6246197436205594,17.7470274903996,39.52295079071244,0,0.04140684851615977,0.04118028524434149
58.99178254607287,97.76819975520041,19.470548612627333,0,16.457377131101268,15.213626872151982
94.0827939010708,85.47840147999202,5.918007259657643,1,-241.59538139337513,-229.62311837839434
57.971943609712014,50.33496980112948,32.055172937619275,1,-2.8109646094428933,-2.8398239986949623
39.42882269444567,60.72129684571895,44.126436318248444,1,-1.202652837601946,-1.2295809844501357
64.68553362579297,23.498844302406567,44.49992196128533,0,0.7875581383876551,0.7676003608698255
46.36703615866015,54.83491996878294,47.92551026563969,0,1.0820127978598708,1.1069628829633669
55.01606214227756,69.8020431790261,43.51756752856771,1,-1.816287460500585,-2.0278153822537006
94.20501606887599,52.00153581027229,1.1049050479282858,0,3752.9223710705573,4012.7331780516492
39.22416114227665,99.03823188790919,19.631817154256122,0,10.814655917715228,10.079419990233168
96.1578658185675,61.52282396852489,41.10858641536965,1,-3.2880292959055613,-3.5007088413194523
90.6297135536503,37.72639754662474,18.946397293925237,1,-8.61965566730867,-9.524949117233394
20.383322344140346,77.44305073396798,30.475876812605602,0,1.5646262794559824,1.699593285061835
7.86676878664138,17.875788646582564,30.709530421352067,0,0.1426352104146641,0.14911290998704452
10.977022136365239,39.06706555692038,18.88623989790233,1,-1.1125900169743796,-1.2022764145699485
2.803960739503423,35.348936087381,45.31922243678309,1,-0.052788816363187434,-0.048259561991060934
10.349853114836911,43.748902415669946,25.658188923919763,0,0.6325352055022051,0.6877796962521631
68.61767056821932,78.3962027669439,23.77442609093754,0,9.2848705902528,9.517237652948733
8.04767619756267,48.93313018417734,49.8781735374329,0,0.1598091407290466,0.15828960963636532
32.578587399082366,79.60743057633032,25.181517839558218,1,-3.7643790518368467,-4.089988134794105
84.642655785976,58.07240141084672,9.741514344500471,0,51.31736765131343,51.7971802508124
3.3039216378467606,34.864874031097976,26.140401720308464,0,0.16344836275976152,0.16857506031325464
81.63237977630465,81.18789562466377,40.88682004047657,0,4.026212758828769,3.9644876802413385
28.903622702566594,24.590677384756066,39.06615601801579,0,0.47665120703492425,0.46571627088392065
12.698317934543969,23.213915000179753,39.640506490315076,0,0.1917314843692368,0.1875928133882443
69.97697937105092,50.94578948142874,35.693165415897674,0,2.7733912269663215,2.7982941148783094
63.26534183120852,26.8240753502468,13.456673624267722,1,-10.287748294735806,-9.371631011926679
87.86972933917824,1.899616460170416,43.24212020617134,1,-0.09336270875435279,-0.08926706447137674
73.7720333365847,65.18145520258135,44.77872980343699,1,-2.2278279231934306,-2.3981274790580023
80.54461210810001,51.598288325767406,10.513482134308903,0,37.95088410733374,37.599201968285
28.921422684559342,45.10626363482296,7.392326191018302,1,-24.257267170134323,-23.872299932032405
18.56651483419256,96.72988294721321,48.804643460866494,0,0.7961502180988976,0.7539955145970254
75.31086041244498,57.54871921232846,43.547874218868024,0,2.156247318718114,2.2853848926452716
80.87663918745913,86.47972620114906,44.76857121328739,0,3.450402695782094,3.489722822038194
99.06000905806665,14.805573384310858,44.432442846595364,0,0.7480047286525328,0.7428877768841902
41.84915001423122,57.35143984981334,27.54265437765269,0,3.094052305755583,3.163875478732485
37.82979049348553,86.92998304635938,32.67368509662418,1,-3.0648817674203874,-3.080401263770747
77.8648831134577,58.727469970709905,27.72277975454844,1,-6.0057340161737836,-5.94989604714184
34.73955048504877,72.08340363457314,3.5091111103261245,1,-217.58837331038893,-203.35986279999577
93.1449752347529,37.83231321340853,37.52965118228586,0,2.524621305432105,2.501919155979119
85.98286243245816,10.152502186669594,25.761269633458134,1,-1.4027418818799946,-1.315377667802895
43.47040871012682,46.33212921758007,32.73774466472126,0,1.894785037292791,1.87922364434564
75.33623571135824,40.0534596930469,25.62935044380123,1,-4.278141928772637,-4.593764765362815
75.69974453438356,86.83895805551579,25.098754793800342,1,-10.581921428492791,-10.435293451973418
11.209263014757328,25.155534932894753,9.417666364410575,1,-3.3654667340886384,-3.1792451321696804
90.3527377612771,96.7066885259757,14.6569720419163,1,-40.93154123844099,-40.67329062681351
51.01998487233786,95.85567386064511,8.783781905253834,1,-66.02302686570215,-63.386250415928004
82.81928914466643,25.51553266407243,10.587648485641779,1,-18.290759927231377,-18.851117892056102
32.68491050203056,35.45714359225473,48.67589164059494,0,0.4855094998131147,0.48912877757162515
89.65679962112385,89.66001834651462,8.502558842837722,0,120.70016257251143,111.19436096407627
39.53096619468215,96.69559986871464,14.194250790955175,0,20.075492826324183,18.972265459531027
2.0729274965495375,44.90047118076836,29.93889322919066,0,0.10304493278660594,0.10383972465840184
90.6328156655071,32.77870751844888,30.89875023559545,0,3.2230213381333686,3.1116838781402274
10.037381001827223,53.083307311902665,8.544732357447625,1,-7.44110808642861,-7.297623522949266
32.61205012145108,69.08915143020775,39.8921538634754,0,1.418239993279743,1.4158361240458968
95.05613473802968,28.073977022123,39.47494052772843,0,1.6815930144795996,1.7125415687606755
95.11010754681806,73.91084428728821,12.628567505990663,0,45.767695523582866,44.07848466013755
57.770350924205324,6.114078354349463,15.144648831097562,0,1.6503282027203836,1.5399889006739513
63.55188400481013,5.880154783677228,46.96140540751535,0,0.17621388675660174,0.16944744196949849
45.39610667585366,39.242482809408976,41.45790085299443,0,1.0842572966875437,1.0364789047500809
30.02786639810839,35.99384601401134,35.192054620063665,0,0.9129734260014308,0.8726970004040192
33.53778999162168,32.24768832134808,5.029427854019426,0,43.93435299065217,42.75588135020514
67.5793271516268,49.61095650422209,21.49493996422621,0,6.843009156410107,7.256362844136739
75.48507841433032,32.752624648845554,28.405791731764523,1,-2.8034412484242184,-3.0640328817443594
79.366325328859,20.0335339283411,10.183153111205069,0,16.716434530399326,15.333076103969638
79.17219613666083,31.63748535977149,22.963102523303,0,4.6946688121064,4.750217764426206
10.029404201820347,97.51552300821326,30.450267996945808,1,-1.0743420219911468,-1.0547915701883261
49.94761016555557,41.70022828249001,17.041457325654562,1,-6.952379613137335,-7.171990129636508
6.698317241647784,45.02656490897524,39.26629612857387,0,0.20099889113494304,0.19561162154212014
55.40335935004982,58.07795400516286,42.18202950030147,0,1.7901316551095263,1.8083915331538596
44.71151963596432,98.35073607300843,16.856864002269468,0,14.508220965688109,15.475456871770755
88.88271409307168,24.918526367140537,42.0942005701304,1,-1.2308514969420772,-1.2499571666536897
35.74058624265579,68.44692894271095,6.0752517390477365,0,68.10817931082259,66.28069934119448
12.58963462633298,71.88248466063068,42.04872583251016,1,-0.49326058660385796,-0.5118356433157901
15.15617652323075,61.12511726251353,8.484771151713213,1,-12.643790270196789,-12.868534576108026
76.38955254002975,9.769255624027764,5.0634304729765764,1,-29.50213070172942,-29.107555737123285
62.203588268309844,68.01035530693007,32.44699481760955,1,-3.8185827435935225,-4.018292279659201
11.011144936156235,7.345376392581373,24.124930922009423,1,-0.13851032108528127,-0.13896786233250844
9.326573805384745,60.018122305439796,45.486639420228805,0,0.26425423904532575,0.27054333007199277
70.39594401445288,74.21853654495253,18.79627060845161,0,14.654667980460875,14.788245306921734
8.203537630055159,21.886019171375093,15.070460908443804,1,-0.8595351665387632,-0.7905236738405642
82.36414586974527,84.32057874673463,25.53601040106572,1,-10.747441617493886,-10.650394253643654
70.91798048849313,4.005026747767422,23.341363102664403,1,-0.5033809682899834,-0.52132595976296
9.053529283548077,84.5374735021723,17.876974264642225,1,-2.354168021108609,-2.394854567230485
9.398933694434,46.57257601363374,34.9933236362181,0,0.38464858053961765,0.3574690608503962
98.67731827161637,22.541206053232806,38.218529861781505,1,-1.542835928881138,-1.5228128499670335
38.05280877985591,14.244036354402832,42.79621448247669,1,-0.2887328250857096,-0.2959436878154603
37.6935725596222,95.37740959065488,48.6699736308068,0,1.5778740493415344,1.5177163144082282
81.46715715849275,8.193893170534515,14.06615341449272,0,3.7690410706967152,3.3738219506115117
94.777609161002,20.710248573656642,36.08858064200811,0,1.5180416162739832,1.507132576890337
98.61410531846421,35.43441239587155,20.318653539291518,0,8.022077254460335,8.463976016386503
75.58444034063523,62.40325004715093,34.177016625604296,1,-3.8668476736442243,-4.038046458626937
38.24969896756066,54.93530744233374,24.323102827111796,1,-3.220414508508001,-3.5517437856190193
9.266570953168207,13.438705748819084,49.69488203562865,1,-0.05123908310863549,-0.05042584356838194
77.93754467681624,29.683070390083248,36.71620465374674,1,-1.6439211060691503,-1.7160896732054618
56.2820207238447,24.636425337516386,47.6720737212819,1,-0.5726417297924531,-0.610125655285675
42.99797891545065,22.1407425945438,41.9135079245781,1,-0.5143580689092531,-0.5419162881278026
90.72908412437886,41.703289311518716,45.242149547005184,1,-1.8369414455219977,-1.848546483783376
12.008550748308982,70.69911380657403,40.906540663519074,1,-0.525082309750082,-0.5073633117917494
49.769885324795055,22.527840289506358,23.498797388419657,1,-2.0387140292870174,-2.030462276482461
2.1240108319744877,37.30120909059516,13.337634213997335,0,0.45558346823823637,0.44537109883475645
47.3974035574185,39.70082525727506,19.145688597075587,1,-4.900365486509029,-5.133482718089244
6.574024292501898,97.66919641410561,1.991575399357572,0,164.5837914680923,161.88082645014146
12.76297371053912,95.51196933102781,26.67566520576869,0,1.680545219013774,1.7130859693704092
12.635098430933382,80.21362069245552,25.747832213250025,0,1.571234171758181,1.5287814655255938
65.27181990949029,24.92423316109933,26.73727277669392,0,2.3735555107734463,2.275691113497725
74.85844304727691,7.735694095075299,48.727530023631125,1,-0.23925935128031708,-0.24388847720994247
58.7535077446188,32.37350963434185,45.661246169287125,0,0.8741379811760747,0.9122798123741082
96.25508229897964,27.412660393949253,8.923926138175291,0,32.83263705431137,33.133164857028596
38.112187372846705,51.086654214492995,19.07524355623857,1,-5.097365961661426,-5.35095319211635
29.285496541904212,77.99506309671152,21.773852793699835,0,4.484648697045357,4.8178041435220536
86.99131369075657,85.97397094900694,18.66611297473074,1,-23.711732776932315,-21.465207724213123
23.135988013425813,84.64154445564034,40.12630221659174,1,-1.124515105688711,-1.216223387305701
96.35903140462052,36.60788056108371,26.67784582351176,1,-4.829651581814832,-4.956390261288062
2.203292994291818,69.03620000260761,29.032891031609626,1,-0.17498048334187236,-0.18045485198175515
97.01800384405627,31.970585554897784,42.79766439040835,0,1.602237831930457,1.693412603680304
5.272831283107035,7.029648780283089,40.490479517352576,1,-0.021774775476454015,-0.022608495470569055
89.22316825610903,70.45496129469129,7.478364618194685,0,113.9494264411032,112.40249448675867
53.24240979954369,1.9729277044089968,35.98181462009808,0,0.07470683491611071,0.08113397458813215
99.30351481581073,41.50907615839037,22.33637031619974,1,-7.673580728402677,-8.261948542323445
8.305859908804488,33.608547660905494,15.437796250062522,0,1.1805813129830416,1.1712881184058532
55.831574155730756,69.6443763133664,3.450922224207131,1,-332.975576140252,-326.5093208029774
96.9609510262908,76.85830180327751,24.875228456927097,0,11.81590518955596,12.043521572554834
52.78668657284473,31.1053689611571,18.41639735550204,0,4.353369133377225,4.841170806207698
63.31046517539099,81.3510744300405,13.32413894414364,0,29.871512597215037,29.010852566504216
69.8791202094771,30.097759289988442,35.03891475025092,0,1.7355197287126034,1.713090474344054
45.99956541200955,45.18630963866956,38.704783978463766,1,-1.4009588738413494,-1.3874946168983946
63.12824992832228,72.97483417439926,12.994686432441815,1,-25.537374643412317,-27.28131235788344
58.84711688038692,69.59910269325407,3.4229243972880155,0,325.38226681282515,349.5700501461007
90.2146430386079,98.7494787589078,42.58888232769652,0,4.765004792304671,4.911558952242434
5.4991916538043295,23.290941397377257,1.4880273190108626,0,55.38634219474926,57.844768740976015
28.815355769630802,66.56947344041865,46.91851220215213,0,0.8592392273483352,0.8713861312906548
95.09073692357931,61.35850891930196,31.75337382515259,1,-5.7672089693794675,-5.786730512069772
89.13611460520072,91.59474699451296,16.770485124864692,0,29.653207310414032,29.029062830382337
46.110018525785584,16.47985202284263,13.077417569260074,0,4.3662044417123385,4.443289618821774
62.39312718235214,75.42801819510636,1.4412775489592868,0,2166.168108292478,2265.552899788803
28.460737115132137,57.25859301060807,12.538099433532981,1,-9.49240907684054,-10.366291011256617
19.62399481265237,28.191921109002635,7.748686774339914,0,10.32522504469864,9.214162780001898
46.906142089058235,47.96905650057023,30.996144815434135,1,-2.3251602989907494,-2.341938729304432
35.981870574579226,34.043883109909984,9.160733841096263,1,-15.14929043253019,-14.596955948524597
58.78195507323633,58.35202687605763,26.902862039294344,0,5.088799784737579,4.739177810802921
8.695729059533498,89.01106047065193,29.91570469487907,0,0.8023083909961202,0.8648713279873952
97.46508595895048,57.361193456807996,15.604043218998811,0,22.57677583493722,22.961114262974387
98.63486370348069,63.54051941433182,2.7181825019172168,1,-877.7742995396487,-848.2502271918188
70.11800968795477,52.356036864356234,2.825440150095609,1,-486.51950411026667,-459.85839618290544
54.073540268067916,6.065385138102115,2.2910192775019627,0,61.61154242543124,62.48642813069723
31.643234012346447,24.05299713073333,37.21710868969077,1,-0.5732393055433521,-0.5494963359850196
81.56570695098792,49.70817121377619,16.582475535900606,0,14.754053740536301,14.744724411214127
68.78838608283405,31.713293090725774,40.018709112415515,0,1.3640178528889462,1.362166861029942
17.099076995144237,18.99459617835823,22.15490836829961,0,0.6411457229271682,0.6617025626114834
91.1817912648904,50.909151349925395,23.196906940668228,0,8.466867489934755,8.626682545240087
82.43118704939373,32.95816955133718,26.13124752296911,0,3.9327140865007797,3.978637302245104
95.03019141590048,26.55265667416806,35.93854136238009,0,2.0327668195305155,1.9536586801845535
72.84623133044764,46.9345563265977,14.401640425655646,1,-16.606843037044797,-16.484503785856052
61.72810439764319,14.19514155013514,6.957780127142819,1,-17.353752499543372,-18.100112201597426
42.40606059277127,92.84682757446532,28.246809424381613,1,-4.790109179261416,-4.934648229363214
93.34011985204731,86.90250769400467,17.021903538894225,0,28.7952613935776,27.995254040979873
86.74032506054043,71.054437988313,22.682074369733833,0,12.81102167599396,11.97972128072767
5.476648340512751,11.515168931257165,32.70038870852797,0,0.055675656199183736,0.058976546619418035
3.6103304752279484,77.81184819249961,25.21216131592226,1,-0.4524055339326416,-0.4419493847962219
38.26987332092691,80.98777548279288,31.3936620379413,0,3.42205721676668,3.144796428305782
81.24477974740145,77.00869715371942,27.665800103567765,1,-8.279434795545253,-8.174266117927724
98.7403368021795,12.282622824804875,37.25002222486886,0,0.7510157803859119,0.8740426952561491
15.89127221924929,64.7468877497087,35.59089426786938,1,-0.8205120279318676,-0.812268785453159
59.818940819861375,83.59815477919045,27.17530469862234,0,6.817213573724221,6.771526245223294
38.70819480647113,58.157986720747104,34.26624802212564,0,1.6663686341848791,1.9172518873788222
97.02152538364572,64.99433014758081,43.804420511358025,1,-3.0671177893940484,-3.2863036687564886
84.36977339043516,46.377984463204314,22.181293101620263,1,-8.2366949097124,-7.952891036873324
83.99454176640265,53.34202466852121,21.22539056469089,1,-9.781720931557512,-9.945100593144348
47.40062281970206,4.403308976820796,38.448035421766626,0,0.13959820727201047,0.1411935642642642
42.067130731428854,64.25733917535517,29.54513801505771,1,-3.29613976064036,-3.0966604183985242
28.06730012113992,9.06327407622476,4.479332230906839,1,-13.356855115358846,-12.678246798806931
6.581174168441784,44.06644483968211,44.71348876886299,0,0.13827358139983556,0.1450555281341966
86.60751524925027,29.972854669073374,2.5083720096443667,0,434.9679362182521,412.57204237234333
81.47719990387768,54.9973670709596,37.671421454277414,1,-3.1808703690755062,-3.1575772080722406
99.97204965532693,14.208217216797502,38.18091299251133,0,0.9489491263679283,0.9743737288335366
99.66704687031664,69.4726967953585,47.70244317881459,1,-3.185072765800729,-3.042877733326274
55.987738854660115,79.70614215591857,3.652586011713717,1,-314.485475140782,-334.49052066007914
77.12975410287054,17.172090524572493,30.245986178440056,1,-1.3418096986077155,-1.4478034837729363
94.53180725836037,11.326995647836334,21.964187960725596,0,2.351016157506302,2.2195370109240082
85.11509167706373,15.406032795948557,17.201014788117558,1,-4.322771363430599,-4.431892839290428
25.48746207257657,87.83562862795166,5.425609454654579,1,-74.94809892976465,-76.05018027645465
45.603869395699256,53.29073691387926,28.57005186389415,0,2.7963458463904933,2.977360082492199
13.786782099998003,47.258838604742756,24.47299555805607,1,-1.101227505707712,-1.087856706429647
95.45105169861351,11.564470091133073,6.123168449400189,1,-30.447780429490436,-29.441100578086772
61.011288810637126,65.30604466893922,31.011985847757085,1,-4.521045450225614,-4.142899765787834
23.63563774484281,86.9319595976139,37.15970289239399,0,1.5666418566979345,1.4879979354290862
67.49836775617982,82.99040106302184,38.596636751628765,1,-3.891123907917124,-3.7602975265994876
62.19469580533169,62.979416189099325,45.363286224858946,0,2.0172776955035676,1.903456524190537
36.45810908525121,8.45259294851569,21.064066352550082,0,0.7251644216728903,0.6945438449022608
12.242201627763272,12.127305690425283,47.70056566248471,1,-0.06343316403160827,-0.06524944086638815
67.48574636368716,5.881589723872643,43.406040849051614,1,-0.20421594290733938,-0.2106718128299881
52.510462389475535,26.49044243275446,15.528576980173012,0,5.5911418823660854,5.768617400717765
77.45952078182829,14.430485248877396,8.804868830123466,1,-13.07882455964531,-14.418163964813422
52.49618661008734,26.744755984990956,22.33408041027266,1,-2.808618666583064,-2.814687898013071
85.36596853153547,39.120747516177204,20.693036689842362,0,7.916821035151941,7.799081543511411
55.63877703867407,94.35529562304244,29.21024596122901,1,-6.3524910429786345,-6.152808910539188
56.53285918200324,61.42722991838752,29.585925384059653,1,-4.151977368127746,-3.967268249425331
87.78870666317616,83.66240478261327,37.749362234618786,0,5.277064102344596,5.1540634076631795
40.94480375502731,71.32479857052088,25.984607462074898,1,-4.278168731240323,-4.325208290031735
14.267507616613432,12.137809922136542,6.136309406097512,0,4.417595598498839,4.599111578787117
3.849484955020558,73.85612023102094,43.0562754421022,0,0.1423314873110058,0.15336144749645436
75.75858831168829,28.234789274353318,16.178464576074166,1,-8.69115996437151,-8.172253306876915
62.410645583993,64.27167685247593,48.59357555502301,0,1.800309813488224,1.698715282246571
70.70389704182314,34.75523539065586,6.7751453253087375,1,-55.175072297503704,-53.53358843162369
22.083451989382162,99.76955406320126,47.95430743939266,1,-0.9743329590453174,-0.9580975860697953
14.500776083090207,27.091596470181003,5.459578537243332,0,14.135520308277187,13.179763246417565
2.439921901120311,28.633916606652697,12.320770759405914,0,0.43441363611799316,0.4602363606436288
35.7081683218531,93.13655330067743,3.282417162240538,0,297.45387313649,308.67409669292203
59.40185099860867,3.4397960589959444,35.55054418531075,0,0.15545951358308463,0.16167399375507618
39.832160464873496,69.97220979944649,42.664638092017796,0,1.6550465488801227,1.531169679032169
44.31001728034918,72.80731268285193,22.26948300898304,0,7.153501994668721,6.50514005221551
90.5117107548811,83.80147916362954,46.497581677079054,1,-3.376456781525013,-3.5082919419003673
35.47729123530674,97.46949175320906,29.92465451602438,1,-3.71028921708446,-3.861542903185549
51.88495942682127,97.58458999650858,31.870349636879638,0,4.840167131038657,4.984815254603959
78.58164826137316,7.462398999079926,42.425540883337725,1,-0.2940737830982074,-0.32579530723182026
40.25773544980574,82.36209295253735,15.543210047540107,0,13.908159903442915,13.724460569071239
62.58658332255948,64.98468343208074,18.359020345053665,0,12.581548292877638,12.066831406273804
86.37400716592778,65.08687130293603,45.39164404053757,1,-2.742900537413688,-2.728504275085454
95.00254174210657,13.706642734854785,45.147211305899425,1,-0.6474199185733286,-0.6388581780533761
15.560274611974755,65.36852947811968,48.847656033842675,0,0.4617298651979504,0.4262834921013156
92.73217489098795,98.26577547952354,45.19007750564189,0,4.582591657204793,4.462174592665385
49.71951301487428,91.27003838440525,7.241229765634683,0,92.82299822071245,86.54270061998231
26.566194441596878,44.4739354196802,41.36249002071238,1,-0.6817756427190116,-0.690592022647223
46.45443986758787,4.95484935532334,21.08208542737011,0,0.4959140022277466,0.5178816764333853
98.02322495326223,36.86705551002028,49.54926644135096,0,1.4290171651594472,1.471949739050829
49.76919130529409,82.81264084845496,24.14176725211125,1,-7.03521645304026,-7.071623021994157
33.54640941846331,70.44841104505144,28.13796804260881,1,-3.0784161661340117,-2.9849137118662665
63.70668457735585,46.47502190380168,26.958970847583128,1,-4.299361838656751,-4.073783915008732
24.774416259041114,6.455051980724278,16.76511446305561,0,0.6031495684382822,0.5689709961687819
8.510469482757728,43.26257805450696,4.676082355752991,0,16.3796927745476,16.838430618737
13.759092469154274,47.43346903207047,44.88691028969401,1,-0.32167996986958863,-0.3239181266687774
13.67653805681947,92.92699775651946,40.331114813788055,0,0.7929046199207482,0.7813356336163308
16.03836665771714,64.46752425463379,7.8368122474237945,0,16.340265432203026,16.835353727745566
14.743890092291604,31.85363874881024,39.06164529615357,1,-0.2854731530494578,-0.30780103167351885
64.44659973551825,53.00650818062142,31.666486636479892,1,-3.5969514923429617,-3.406665099867925
19.006128355515337,7.539475474393847,21.04804560796349,0,0.3276842152406097,0.32345304088671034
35.221061049062456,97.28425532932394,13.447036305682573,1,-18.716054671547937,-18.949241868864945
89.78205258069517,36.64593029114187,43.12671039160939,1,-1.7737775133171574,-1.7689787513357156
47.92220238602436,48.30886813640045,35.309224705408596,0,1.7364831561676977,1.856894661573288
67.0882161135817,36.173113449455336,27.839255563987706,0,3.2675810200749633,3.13124391218035
18.059667248961354,68.56866128150381,30.86885816102474,0,1.3478654700122705,1.2995538618637588
20.036612862058405,66.56098367462971,5.462242922026868,0,43.18955680606791,44.69943332611722
5.045993010381407,71.81690874238443,24.222068284648405,0,0.6395114285182792,0.6176620293125236
17.72457124414429,27.54617973158016,10.491314346499397,0,4.519006538814662,4.43585473700384
28.580443564163904,32.251179635242536,11.210800271432444,1,-7.803608246306323,-7.334007304867315
18.524037943397936,13.399871878524587,33.403894152056466,1,-0.2319530050019452,-0.2224549685118296
9.781550841948505,65.89548721276515,45.651551439880116,1,-0.29167793180723567,-0.3092803351455035
12.94295123895948,4.939915606229603,20.78407391343898,0,0.1502999831152497,0.14801014637260332
46.61709803523985,60.170551216822446,11.179714377597328,0,21.809109535530137,22.44232298406727
21.427038122173457,87.09989260031175,32.788599924596056,0,1.6614242133588344,1.735937226223953
37.06271624375947,89.19238268067372,43.688165271165566,0,1.687326140060118,1.7319581648993423
50.83830981463083,45.45473827662621,37.667621255002054,0,1.592477329760017,1.6286729184151016
69.34908803430716,46.47106513309431,43.56910429629277,1,-1.7695306331009362,-1.6977202063835277
4.891901844268794,8.61994911779372,27.291178879529166,0,0.05168525491434236,0.05661582557315617
80.14162949199522,67.40573751886053,37.841935974090354,1,-3.557293731416314,-3.7723183854114657
63.16213855959987,82.3046826169117,7.863163408587887,0,88.15933926437197,84.07885106448823
9.094144162938319,25.220850405866592,18.065456152796383,1,-0.7475283298804116,-0.7027869632589964
87.48428378657094,42.7087872817031,20.0879090595946,1,-9.196185396568652,-9.259292705805228
92.16636765264951,84.04509433976176,26.053491566055694,1,-11.92657574492832,-11.411769045268372
7.046718025631511,87.83492629856651,46.52474165258436,1,-0.28968715158860825,-0.2859474278539815
28.41088716657317,25.074818046158367,43.84053145088654,1,-0.37704542980349476,-0.3706559407533259
80.81392669951308,55.50649281959506,7.591749122170042,1,-79.49478330094897,-77.82986924750247
75.07770934798218,20.05682191294688,9.466692942240696,1,-15.119866215981578,-16.802602388976236
19.267580916281354,11.085997649816099,18.524386929856657,0,0.6087597214392397,0.6224640672695799
21.72558301033432,91.2009296378038,15.246449428643022,0,8.179326393319931,8.52380036778872
37.67673817634682,82.2302429189788,31.12377670465685,1,-3.320256547417203,-3.1983080318713846
48.96777553391111,76.24345527851422,45.2360263404627,0,1.9197193543362077,1.824500761734416
62.2072223814993,5.827865562500902,48.15228554195675,0,0.14344084574105848,0.15635670999934628
37.52245031740747,84.52915047831549,33.026544674226095,1,-3.018725604389268,-2.907846100696333
46.790936897181645,44.366363514632994,42.069800868653246,0,1.257788531208986,1.1729369339094564
74.9996228752419,34.897117206290105,26.734907811309057,1,-3.6171004976615464,-3.6617715821438153
4.631637086169192,55.10115974151227,11.208020396141947,0,2.051091815505273,2.0315964126581965
25.991257490058054,10.043971029632027,26.709732192580393,1,-0.32691591559133704,-0.36592634348844816
71.6216090025707,75.90800838588748,28.199047470444903,0,6.921169633876106,6.83695612656718
89.62547693103274,58.66107261194129,37.38042064646427,1,-3.895876451990943,-3.7626438372091218
51.656066769450945,19.472419590443586,11.774266495660106,0,7.153271365892228,7.255603327516634
53.67923504126625,19.634987777135514,19.047208722249856,0,2.740255974170488,2.905188201563997
11.61002912263783,19.24061650569475,18.83734599151375,0,0.6690570058783873,0.6295248283986198
45.29382431552201,6.643236367641465,48.01254019131708,1,-0.12677982833489204,-0.13052969667031414
53.729109379047294,59.192046487796794,22.753303056009226,1,-5.797683974041872,-6.143050626460879
25.004579859838238,84.1944695812623,37.999604397609176,0,1.5463818495108113,1.4579578759116696
27.655079863988714,2.7323231847514715,37.78975768734751,0,0.051816711879530894,0.05291255950929181
38.351132147357646,5.851459852156081,14.011665055358828,1,-1.197038638359405,-1.1430439373693468
2.9870485799949105,57.704257392007634,29.02161477921487,0,0.20411861161090447,0.2046477602310931
32.88583739273465,82.13007285321918,44.820841772613754,0,1.2857998862347133,1.3444699373426205
21.93335269265792,33.347150166294725,24.284688253390524,1,-1.2299907215285586,-1.24021986118462
33.42223786561355,35.611825481964495,47.31075785978476,1,-0.5016532084064196,-0.5317530042825575
12.856451050105871,60.03830325218082,11.508453236883918,0,5.778951585008497,5.827947032570986
89.1622007932496,28.147076023290552,4.633796182927506,1,-116.00343080162031,-116.88000212296284
59.765652901850814,3.634228241690729,44.68123978409272,0,0.10828562544114897,0.1087961274221815
68.23112959530447,73.78762329205802,42.53637870014862,0,2.894245332094904,2.782563317254221
79.12795262212649,62.93934138120386,49.63690392075839,1,-2.088847034758602,-2.02135574577742
50.34577769397667,58.494843906510255,34.29028091750887,0,2.2295399481139433,2.5046010261541287
9.605108520654946,74.4267287701905,46.89770840669033,1,-0.3173809744373421,-0.32503337926501424
54.17354764003623,67.8478529186417,41.52050222912143,1,-2.0267481340873212,-2.1320539479824547
59.097270684067034,21.382316829653796,42.37689032288426,0,0.7193666927645915,0.7036618660631261
74.79850794424867,35.895623647391766,28.887936952259146,1,-3.320365784947662,-3.217372776604134
43.73429507673826,13.484904026183875,19.73586529791883,0,1.4281840593527593,1.5141107609355366
13.630449976760811,13.855844328370221,46.79334555462081,1,-0.0841205574025932,-0.0862531560411231
29.093814674073723,67.94337888929738,22.17374160517883,0,4.048845507283603,4.020405370176328
36.945147343464875,86.00141059126733,27.402148995233784,1,-4.25810855009182,-4.2314940125538385
64.94580689182851,96.31052580225277,22.8596010491342,0,13.06054663647021,11.969818834099096
57.50705216222228,63.206364637395,28.67609738404966,0,4.210946789086406,4.420199032080089
36.25357586388678,19.22603101273474,24.05474887062403,1,-1.0976793462621517,-1.2045888351429268
98.66500963050498,11.45938419944414,3.350410370394318,0,100.88301782263252,100.72294939054656
60.97170711633183,81.47224618213902,44.22036111437723,0,2.3071999959413163,2.5403495254321236
24.485452381863453,58.29689115963993,22.77529712687272,0,2.727197249540945,2.751854228644568
11.07646478941997,62.21021708035826,29.858238776860087,0,0.8100006281516606,0.7729199453950599
16.133054779248873,78.36474678671621,7.8202023351413645,0,20.295560796761563,20.672898070934504
25.349815110066306,70.62444554551271,1.1660045511493178,0,1219.7273695200133,1316.8289213008427
16.90745595269601,83.61136703275356,13.019214588538505,1,-8.408756825722898,-8.340153007367128
19.47013538107927,6.5651766405279695,35.52471557453416,1,-0.10562813276269511,-0.10128710725420939
29.22442170069086,75.00454303790397,5.860531975531051,1,-62.25099521210426,-63.82038441911888
18.163985934180726,85.23442297488745,45.535484578936924,1,-0.717792236369164,-0.7466657958269927
89.77977703801609,29.32736920337312,11.536105898453044,0,18.739959633671205,19.78486817224837
8.943140820502578,64.40428012533204,11.025087100297014,0,4.571275861727416,4.738498432156164
52.92662756745521,32.10204431986024,9.89389011945328,1,-16.700274118075196,-17.356923382827954
41.62928587197649,95.83913558176295,1.6851039355968727,0,1344.703774152513,1405.0392710905876
98.25548307395204,4.308933671114872,38.8184679554335,1,-0.29616579061453646,-0.28096344663236217
12.091851314637182,58.39949153946255,43.87669203101767,0,0.3451866054169519,0.36680403879891865
40.38770430552842,17.483851157901995,31.093972428193744,0,0.7432103903239187,0.7303547368966934
96.97757289426151,71.50980031253872,10.221799102313252,1,-65.34562129864545,-66.37158570247216
86.68520546350405,18.413138058447547,14.978621850103107,0,6.870925585598308,7.114249284715124
81.89013502397871,24.302942927937398,24.3204081708832,1,-3.363862948176212,-3.3647184944964375
26.532379877449042,49.94271029353005,47.76295162954174,1,-0.536500735148608,-0.5808526822207412
17.917871151616517,91.56866004969093,13.120217219069398,1,-9.995481767969402,-9.531279774338232
67.19567877251866,21.959722842649114,36.850649292074515,0,0.9805803619509084,1.0866205425909488
93.008222923631,15.279762090692248,22.532962941353095,0,2.862677513771902,2.7989899163900662
56.11952640837905,76.13870635354904,15.594520069641069,1,-17.66713802752104,-17.570149778248844
57.58965625752008,50.56133370105917,23.339880914083572,0,5.155459779116071,5.34522185987112
28.717930272368132,91.26672612579537,4.489129159520394,1,-125.81884347513521,-130.0592983831294
77.17980038600176,15.514841158824385,40.13568117558776,1,-0.712152134799169,-0.7433437741178017
19.517331107194813,64.9468614092809,12.92179447116539,0,6.753375968109912,7.591593411425821
33.04424440402013,24.05503546902969,36.54519403645555,1,-0.6145906899468904,-0.5951703438425043
43.11820742302526,16.51928243651229,4.349070200961542,0,42.02182440963725,37.65815512292219
51.253427489761044,68.65951210056978,47.79982925211862,0,1.5851054448972206,1.5401780719774105
24.998563509092943,59.77477737096459,10.457734284879232,0,14.125262253901637,13.663369560344272
12.36884564918115,75.7279183778708,44.25436173414694,1,-0.45022187447871115,-0.4782698744477917
61.45138420172162,31.636795068172052,40.66418727115629,1,-1.1747059123828252,-1.1757093112187693
29.57442477078532,45.349193981836805,48.42513627998938,0,0.5947141559392243,0.5719317092678339
58.54258392083862,41.14169595671143,24.41664238634173,0,4.185056507496403,4.040007698250223
16.28190881214603,98.4248569326849,36.64246739845162,1,-1.1613815461411199,-1.1935502004665728
48.63287008362693,29.9326467171994,19.164822194851418,0,3.899564677844459,3.9633774266167285
53.726353822607,30.18690659632992,10.034043662964997,0,16.247039569331662,16.108459361396534
6.130530145420264,36.100272674032134,22.710720713738993,1,-0.4417112620157724,-0.4290883085923161
34.32382354119814,56.89481404774183,9.121701754034289,1,-23.4551523414841,-23.470190049660594
14.30705301695845,25.97995168211078,49.12018651653281,1,-0.16305285726047908,-0.15405241506501102
7.274122076804007,91.61370409754812,5.716078065895102,0,19.58970910803201,20.395986937974637
99.00606300660458,27.302870921760086,29.8713744491784,1,-3.072183550428671,-3.0294214427608224
32.913030652497575,89.68575742445927,31.69672890744874,1,-3.0767059320210226,-2.9380721974859627
81.17757013960885,11.24403130101188,27.365897600828657,1,-1.2495937436085198,-1.2188175480264867
26.20942482161262,65.99970753756558,33.447108399879845,1,-1.558932979411487,-1.5462593754892644
68.468769500169,90.79156632538613,6.6928579755826565,1,-135.98492216934252,-138.77614300273038
76.26255812907897,17.706194401424725,28.19590768605926,1,-1.617880173489279,-1.6984956430560965
59.96823532017658,96.86436904982625,15.073415985240715,1,-26.158805514766136,-25.56595108708576
47.68604266646568,45.835452681135656,47.06862710175177,0,1.052433168988084,0.9865741817232477
41.77225050057959,94.62579573566143,38.34151101854656,1,-2.562615902881295,-2.6888029130004303
35.53795838775653,68.00518431937465,48.653209625827394,0,1.046699676803886,1.020966530277189
93.02338528053475,30.857100117481604,2.8402474172692878,0,358.55732589346053,355.82372561229016
83.23132137098519,19.641949966793536,14.971525583854726,1,-7.177178962473771,-7.293555236843583
96.53766415598474,31.06976957628484,10.575706745279101,0,28.409038721041235,26.81735982890446
13.305425125068927,10.208723517004824,1.5465747782796946,1,-53.31398604869232,-56.78823234952014
73.35588004516079,15.242928667989647,12.87396078206975,0,7.196818538391147,6.746507155620525
93.89570522528274,11.361383594301634,34.260023192501016,1,-0.9069917085241047,-0.9088697438792744
18.942073550400355,42.87141083041421,12.32335718459386,0,5.495712601231268,5.347332892449929
7.583130469310972,79.76225924950106,25.941168828648294,1,-0.8384284157231278,-0.8988079283350668
74.37094427971584,14.99697186741768,44.503087633284935,1,-0.5807156232573407,-0.5631532380238137
57.87283820481128,13.901722884061252,34.99413809710469,0,0.6465213030494635,0.6569809941042332
84.34104889906894,64.69946600221574,20.336824425395566,0,13.204486220494756,13.193906908548577
14.83746528600266,20.52111521483856,19.250978006693305,1,-0.7846348149212745,-0.8215898756864854
79.73146387412913,10.663393772790169,23.331054886415753,0,1.6333824386645408,1.5619115414342115
20.96110468472671,17.518009242352186,9.675030611935412,1,-3.9680639233517008,-3.9227824392882433
17.201938343704747,92.44940819180083,32.06603760338342,0,1.429981775361441,1.546646015434609
17.262313995168302,82.32565402484289,18.84348813612567,1,-3.9530527910734468,-4.0023181140557185
81.64289730290683,36.05239167315432,42.76590211384014,0,1.5354791177893898,1.6093748631829703
66.85452484892382,65.92625596541188,38.071080342833,1,-3.267412359406124,-3.0408767418310036
52.783477052142814,54.19029169313577,30.915145040515842,0,2.803669174455031,2.9927945717742146
36.52421792822675,68.03530208477383,18.84590890982629,1,-6.882327394026093,-6.9965036903181534
87.84285354049771,68.58444409381318,11.286659752000736,0,50.51188037602464,47.29347130716208
39.852065634840905,63.2446674909393,39.03144134117552,1,-1.6512018494524288,-1.654419241254455
81.84334450768613,27.34403548519355,24.83404585056324,0,3.6670514727250128,3.6286996275853842
44.474355948451624,4.861635655518995,12.012751870690519,0,1.5869468421811717,1.498328577619083
38.31749851306585,46.101111417020775,10.563556136960305,1,-17.052724296346828,-15.830267573079395
46.805298781291036,89.20641458437967,9.104644320566592,0,51.67925354167779,50.3692097766551
30.836409542250067,57.38022859333901,39.08089861407415,0,1.1578312171420295,1.158502556880382
75.01332863744886,83.40671312848889,12.220372079715274,1,-40.71003767761691,-41.8958094492445
50.769318619155435,99.17080995316158,26.805470912734677,1,-7.176490956315429,-7.00709995272934
23.989056819534913,17.19800420968935,23.125771687679766,1,-0.8029831960612269,-0.7714339656796774
90.05788275418227,69.48598627505625,29.40093406218591,1,-7.188442816919775,-7.239302137476236
39.00523091594793,67.75506379630244,43.980590118188516,0,1.4789523783053427,1.3662887968579795
54.811733250284874,98.01558928846957,43.519622114004804,0,2.9587053388693443,2.8366023572722536
90.74073898549015,98.57447266132723,23.102727519418124,0,16.333284040083466,16.75869751847162
62.799561595485216,68.98118256068882,1.7529462860014422,1,-1504.2992227895202,-1409.7757311646756
12.572906030128044,25.11786440623723,21.895746480000856,0,0.6033166810011797,0.6587169964482428
94.04338023773404,80.05702797492931,30.70348333378288,0,8.511971045469261,7.98642459395199
63.14309725407037,11.595884286892773,28.330473195805027,1,-0.9558317924824358,-0.9122672765867406
34.15565585105153,78.28923111299125,32.91546918421007,0,2.4279401070896376,2.468110256755858
14.787935193675338,91.10941629032494,8.54971089118109,0,19.649423785118145,18.431808276674584
79.6084937377593,38.90050608207509,32.680219840255894,1,-3.1336312589728474,-2.899644254812211
62.38720283692284,63.43289420332496,9.94992931844484,0,42.955841499275834,39.97330433034487
53.81264810565583,43.5841304775858,37.7756750541407,1,-1.6644140860311387,-1.6435702903092255
89.49536572204481,44.33874044382472,17.61529304987132,1,-13.522451690137537,-12.788044937642564
79.07112391122854,31.726718021703885,35.78487623569122,0,1.9348146806312958,1.9590432387021857
16.015813093542366,76.45083242458213,3.3454143463992474,0,105.4508090741708,109.40354141934802
31.860484711759273,93.68147985248402,20.985141253954755,0,6.927086988688925,6.777699776072348
25.60042484163211,94.13433506421165,35.54669159090331,1,-1.9690087257641398,-1.9072027284487933
74.65068296469502,18.30334720261845,12.116655300243213,1,-10.196326400087374,-9.306766057914476
4.319711038842159,87.59962131600004,39.969065195063905,0,0.23425716508885555,0.2368693907462003
57.41907880226034,74.00571270128509,31.908206922141666,0,3.890568520287243,4.173656150320362
76.48340988832837,26.030902668338637,29.790526835340117,1,-2.220447630268793,-2.243365842705036
87.79979803941319,7.661176679229941,18.323893856012518,0,1.8844234987872697,2.003334453563971
34.86609312287484,27.53172942155342,24.640122048674762,0,1.5424907765604718,1.581069894112309
82.30447316252928,91.30861544137103,30.2701157479148,1,-8.12688249549436,-8.201759558922237
11.952541958565515,63.68468881468146,24.150643581829634,0,1.291218467524179,1.3050822733168652
84.7987768817173,72.38441142888931,35.21735287308744,0,5.011012402056462,4.949042891461808
13.62137757086626,26.45808275980049,22.251149722241017,0,0.7526638528723202,0.7279046435293514
40.331441765476356,72.21942740190721,10.911385905359488,0,23.0481721172523,24.464590825607726
79.93224121217581,3.784029121514452,11.482755357251316,1,-2.3013377649827613,-2.293951523162563
15.841825307528604,38.15681323152837,1.2843846733041135,1,-427.42763072384884,-366.42667965317224
23.695888128031505,63.04858150569079,15.74692806237495,1,-5.950484987923386,-6.024994071742471
72.50300427091356,15.463559988590703,37.69696438344746,1,-0.8008223527705249,-0.788955898642808
72.28361711806136,82.47735387024653,39.91397273304287,0,3.558167778646434,3.7421800846010793
64.47361565564444,24.268098582379945,10.920909562691751,0,13.326078450713036,13.118982570794564
69.7008960022429,65.57583016902618,47.993155846698976,0,2.1007275936607193,1.9843740609835065
54.729719891412024,41.114517114957636,25.61773688052621,0,3.3471510100956388,3.428758505129256
25.928106831788323,60.00831595228707,45.93195870190663,1,-0.7723227674283285,-0.7374835120054724
35.22390335688802,11.637604710261904,35.63149881121993,0,0.32553798821120317,0.32287387094682307
18.978173963341142,2.6743671922391252,36.39923772809824,0,0.03574989447518048,0.03830812374843678
90.93660557202921,91.04687831064982,5.167137443997485,1,-320.34069219948475,-310.1014317735038
58.75578768184592,27.693370867951096,11.779565217949603,1,-11.009763509856297,-11.726487705867308
40.684290259600346,82.14802327526544,1.431926831429159,1,-1624.9122006957343,-1629.9797449532755
46.73857456076914,99.93567974674782,36.09025438336014,0,3.2490554299457637,3.5860484053986976
94.78105062156972,21.931694541892206,17.87747613299699,1,-7.088394096846184,-6.504011389783621
16.18178890849194,27.251903377152203,39.54597328774099,0,0.28426559205584845,0.28198034309468456
59.036753369662925,66.6231189758319,17.607874776914286,0,13.233283628016391,12.686258154223335
51.08297920956213,96.5794148254615,41.147353862644195,1,-3.14959619125126,-2.9139155732551383
61.53396930803014,91.66562047088365,7.404214433667337,1,-100.57420019902194,-102.8876948761243
2.7929081982632105,50.784676486492906,9.495284681117901,1,-1.4685194493051774,-1.5731617235639064
87.34026698547099,79.71591797014574,17.702950439612888,0,24.31316772806362,22.21612240963288
93.27970996587763,14.438839456890205,21.015882055231394,0,3.0999717264272495,3.0494690487062615
56.94818517533169,97.76638023619722,18.086437731305942,0,17.45144144985084,17.020148674456664
69.96843156381233,96.47097016956266,38.41870459363777,1,-5.060894192050966,-4.573127927975528
92.32743873655227,17.209166830037926,5.750618238709021,0,53.09076375533207,48.04647802280153
71.01662479702647,30.642889355507556,18.209633962285913,0,6.373931334511555,6.562771884013153
16.101365248511875,10.915344753169926,42.024759976257506,0,0.09487052735342778,0.09951525853679317
58.052547656514506,27.900042290919792,4.2730567858464275,0,87.57324144564656,88.70514632051454
61.06478959190273,81.77962315210546,47.174831875896515,1,-2.0743539193318266,-2.2439607064529077
42.988936458936216,38.45324510936069,49.329525271328635,0,0.7543209656864269,0.679322227693114
73.90797932684757,9.75129974752908,5.339840517428924,1,-25.116867461938163,-25.275354906040658
93.50233446213247,34.88032695311155,15.272353590531111,1,-13.284905045076188,-13.982700655817498
92.63128277777086,98.15695008988673,19.24763263573245,0,24.595816483370903,24.542799069077954
45.633097769009076,63.33867593066109,39.04317706398358,0,1.7977010090625656,1.896088618287573
12.21056653823477,42.19993369420962,30.200413793719957,1,-0.5232498795642775,-0.5649653281956665
98.49927869727112,17.48731283622973,32.5739193241358,0,1.572867705708146,1.623364695080648
84.05091055814748,98.63150293108578,38.11798131810679,1,-5.267506985990693,-5.705560145096699
13.341605439123418,82.26405191704974,6.78097097241426,0,25.41875554308214,23.869010698450236
92.16334637911986,28.86625294264102,41.82726338860286,0,1.567338442834384,1.5206516790453217
87.1197398441507,7.936800876397756,35.575370404827055,1,-0.49637811941197607,-0.5463402452570213
52.36496765548114,6.6059301803782455,29.289744534622145,0,0.4482279652475528,0.40322147251441004
59.53626813874799,12.917436801047849,44.59703140436978,1,-0.39006307368087495,-0.3866749626395225
40.5012676831429,58.49608977782774,35.31501134030655,1,-1.976485672961092,-1.899663826470214
6.421402243381102,92.94757869934375,10.883298168920245,0,4.5693239651959585,5.039029500541182
34.184526922944194,50.17759937259246,22.05752367270767,1,-3.1298563034890168,-3.5255424301784144
80.48249141120313,84.45160276316352,25.20810047985093,0,10.461042843146698,10.696188935084153
1.458570277455683,45.14277536612097,3.7056637107698767,0,5.067066687047166,4.794944736843025
34.016417997423275,71.1497710310147,47.77723815464273,0,1.0209817595180102,1.0602786204408776
40.41870066550339,73.45540099136358,7.300285779047045,1,-51.42435595142186,-55.709127811285754
54.20216469085437,18.222406884430526,35.175602094109614,0,0.7703072024455713,0.7982506692568279
92.06570602486329,36.76038983860536,25.80532076845313,0,4.779457218172226,5.082290350858043
35.288253442230165,64.09291349726436,2.2559802443367065,1,-449.0284048351969,-444.39543948424773
35.34836698772654,7.998964210252252,46.312626317353725,1,-0.1353320949009296,-0.13182697577841854
74.01262356286509,36.7924785885327,42.740003632127724,1,-1.4462730580536522,-1.4907188237942266
45.769576148090906,53.94514716183805,26.68863846728794,1,-3.4752898402447703,-3.4663821174174636
23.235877471058213,99.62622481141923,12.218174470832817,0,15.993406211474865,15.506725766703864
45.791512097136646,47.97882269962163,6.959521643324618,0,44.70024597254525,45.36028684744093
14.944845017600185,81.78961895431803,18.806231492174202,0,3.3411641600481476,3.4560979718501827
18.462311664116108,43.77466122159515,13.515985771258434,0,4.294899611185222,4.423982699587936
50.338409501208496,79.84268153935118,25.827868849308636,1,-5.408967264770657,-6.025005655984623
42.47361950095024,59.94606536039073,48.35405551004802,1,-1.0767053922595533,-1.0889655617951757
91.5697442057419,88.77294870873743,29.17272116825243,0,8.60424710399534,9.551658014316343
36.87699601254668,41.68331268266088,44.6066217386148,1,-0.7926306832394371,-0.7725366566390708
58.4782466775263,60.82613756232641,32.89306303729309,1,-3.2716543829968097,-3.2875771105547065
63.59416450403351,63.37184938126391,24.287079802772823,1,-6.201828381263913,-6.83223896133788
2.29635120224503,42.32091123824686,42.87577057393519,1,-0.0501460314162576,-0.052865146850267664
66.69019982965435,15.28689232506067,24.09703739847688,1,-1.8366282788318493,-1.7557146054510473
18.62556072010539,10.26238128432122,43.56278035500769,0,0.11290159628730342,0.10072245933496896
96.14596142947606,2.650483509363677,15.2872617092125,0,1.088728484845605,1.0904273906096509
15.717610047558182,87.47989216027625,7.311840614386417,1,-24.11557354137225,-25.718244267315374
42.04778824897535,24.41101631163076,42.910408753783976,1,-0.5896399799540784,-0.557447169096197
9.449617139785742,21.939168178895038,29.783343025840672,0,0.20569109035241526,0.23371548261183844
99.69055093274879,73.86750464218049,44.56552751419905,0,3.4466354991168955,3.707740417201824
50.71730602279302,32.68159519565178,46.953533142626775,1,-0.8740213852360085,-0.7518355692668702
59.943116714684336,51.098424548771824,3.6277911282010096,1,-208.157423378209,-232.73531178277258
7.640571261454321,17.088595464448172,25.54749579108455,1,-0.19790275431990292,-0.2000486048760638
75.2460865695186,96.01482642473495,19.373262904651934,0,18.359435789454423,19.249376847499022
21.78065371646299,85.3065586017065,31.66706145643574,1,-1.8109075244786872,-1.8528395087464473
89.90737465463066,86.51517267353532,39.885968662913854,1,-4.843021390862359,-4.889307002305885
21.30882440771871,41.27060110862852,14.748920582744079,1,-3.9172624594339,-4.042777229061504
19.87808434570299,76.4737601570101,28.28312083428541,1,-1.7854180901769967,-1.9003444015067956
4.618417116961393,15.243739383588236,35.72770041534008,1,-0.05595319686306419,-0.05515368585325642
47.73462756588992,1.8532812565862475,7.587123058950967,1,-1.6044189097529125,-1.5368115493916747
56.919272192999024,2.977320325224784,40.88927839161207,1,-0.0971647023440953,-0.10135986139379305
7.505155303406884,59.07357200305148,30.699370392795682,1,-0.4515568572420065,-0.4704288828611605
77.77723405280605,46.08409561954614,47.52733441856894,0,1.5947720238640528,1.5867797468585338
45.875594640054736,52.283519541943456,17.636917037403972,0,8.550368478001587,7.7108308745475815
52.91463666343042,1.738850901304721,6.299151174522734,0,2.2680953527741483,2.3188577131023784
44.635511946884584,42.84597534608515,25.81855885080934,1,-2.9980570926992467,-2.868973652134986
40.67554302665727,72.08874795888522,5.204727813762504,0,110.507039845097,108.24424039577512
56.40439279951357,44.82667649477615,48.50679964287633,0,1.0383293469879114,1.0745935400361664
16.36878434714054,73.48970142491001,2.8955629546023856,0,147.02993279931502,143.4752157879069
19.01088491903184,24.068877475286644,37.92169115425809,0,0.30493462115728753,0.3181872515285966
86.3167764803382,81.50105844369082,26.730017508969958,0,9.648963926821914,9.846003268111094
94.66543075122964,59.254692804891775,19.062411972416147,1,-13.977411916943565,-15.436842173957798
37.957622311695545,21.86554684356072,4.226266060924078,0,45.52478768262859,46.46711132553988
27.803722641211824,24.43532710952946,31.48617928450678,1,-0.7126733781327442,-0.6853007019397105
64.75595478066256,63.17501599238417,29.67579614015681,1,-4.37345822126293,-4.6453700292072195
41.46468293871154,83.16401972803189,14.763280380312388,0,14.990061844711438,15.821515679526488
3.5132492103741413,42.14715042088636,45.60086336910529,1,-0.07367553776913233,-0.07120836987731755
16.459107139252843,26.571742483631628,15.901390359799008,0,1.779503751106655,1.7296415476665772
71.88125065589236,86.83414908414944,23.0365451190132,1,-11.20987009692005,-11.761737540552753
66.23347024910498,67.25756088333266,27.644360340014128,1,-5.473436807695507,-5.829154052764169
3.6825032578448655,45.360463241024576,5.911362030638019,0,4.601600553159154,4.7801938120911425
22.975244031361996,49.30211933265088,46.67592424146798,1,-0.5044300436737174,-0.5199240044716564
23.87640486221907,21.221390325703243,19.352271470101016,1,-1.3844718914471712,-1.35294104570209
67.51738161627411,63.05346037641955,4.958181479842837,1,-178.41695435072094,-173.17280024865062
2.9513432376820514,36.51550854374597,19.977267510091167,1,-0.25379235336625383,-0.27003801280164097
11.30674961647281,99.56887249076058,30.409924807536456,1,-1.2508438133741377,-1.2173926395466397
80.19169245194574,48.538168010926896,26.168980919245147,1,-5.604741568797321,-5.683804596884239
18.675921543379026,49.102675012771705,35.032556727826424,1,-0.7413989238225265,-0.7472114619552287
65.6218646773356,57.01932695365652,3.7187131613276208,1,-285.05940922898384,-270.5735201859622
24.580095323625926,91.75884430875593,14.94248990333075,0,10.589441730358406,10.101492732493611
10.84469788317517,80.28099188611527,41.14229826516501,1,-0.4999344681590339,-0.5143433044734422
25.074046908945956,45.661876909986304,4.914790701776682,0,42.69148811760972,47.39888625686607
72.50442625371025,72.1512273313068,42.91881178010192,0,2.87935748828946,2.8399641872543424
85.7139503425223,59.0373143792954,5.502908511778206,1,-173.56501460571906,-167.10656772924546
83.19176659213217,49.74433782142364,41.888256529693116,1,-2.2291456214100793,-2.358519284760516
40.32116943222703,20.039261505650703,18.678631652857607,0,2.148554235570718,2.3159262033894903
67.14042852049397,46.9296900820342,30.998244099603575,0,3.220675666333563,3.279122244202514
21.293445246166275,25.33604011523489,8.49146866675191,0,7.6174570037024205,7.482023199242861
30.021625295840312,91.56937283531381,4.242267364533861,1,-152.3374836103228,-152.75251443859804
89.73724603359085,34.20527453613835,11.58097199698662,1,-22.01324597876262,-22.886310974966324
2.2871904275628676,95.27413743880386,7.2648370775260815,1,-4.4422808930441855,-4.128816598105976
9.46534455459234,53.77247371937641,16.307888986301958,0,2.071892676760163,1.9138193921562752
21.580739259456706,63.52289348893987,26.20477907903999,1,-1.9439264501542965,-1.9963449443864727
3.626688183508152,54.75110400444345,29.849213714685465,1,-0.20771113782065498,-0.22286265861659418
18.962108073889933,13.808681079703389,39.7035372616074,1,-0.15884337933895265,-0.1661041242224828
58.721114535999526,38.20630068178615,33.155754769169576,1,-2.0420363982872036,-2.040851672212196
42.7210305086573,10.81546511548477,30.829157931348096,0,0.45492733968581944,0.4861425065433621
89.37449939662051,62.67245037415479,21.177319346802957,1,-12.841521670935862,-12.489594145281924
81.92691261210565,45.24054532484345,24.216613313046796,1,-5.817839014906525,-6.320153204504217
34.839917818089724,78.02051218552275,21.311520640118875,0,6.3994874301127425,5.98490196502031
26.682919909697954,22.826577618937613,42.26613547300777,1,-0.35151131879003694,-0.34094872754972744
38.58954840855942,17.292039784504155,12.270022174871592,0,3.8076871201349145,4.43225998593042
59.43919930896597,41.22689086541301,1.2803256455562666,0,1479.004218214112,1494.901730811035
27.53830044146475,92.73195293861973,32.91467496408573,1,-2.391058924022923,-2.3571509669751682
62.79074187706427,71.33175968622876,10.920646998302738,0,37.08718907257702,37.556214765594625
41.5317535669328,42.47343885449895,44.615641679180655,1,-0.8627638608627753,-0.8861829831934573
55.652670904346046,52.20994480567675,43.09327015562615,0,1.6332100999201704,1.564661304069973
44.176526384396354,9.337088106532736,4.759641224482088,0,19.109231727520825,18.2076789181995
30.15211019464985,98.47301374123519,6.21303186528979,1,-75.2038118698812,-76.91796384622441
94.89687738925352,66.97432316479697,25.263408020086647,0,9.061485171657997,9.958097701000215
76.59697362181632,29.255002777878826,30.85191047569838,1,-2.3943861851148553,-2.354223169311385
14.871204400878803,58.99503102730919,14.470508536629797,1,-3.7071221792033997,-4.189806722411051
86.97832961389337,11.838754240830404,36.12308811826916,1,-0.7743625296294815,-0.7891277705106033
49.255688626701854,96.61783021195077,30.150885025024706,1,-5.138686075501503,-5.23496215147019
89.56067046251505,18.303713800453227,16.91638137767918,0,5.831475156146073,5.728509229944581
80.1856703387842,65.15500148746621,2.243202914073464,1,-1016.6993931991207,-1038.2630590761694
43.09613694245411,25.299991791354113,37.75736378362737,0,0.6736814474360254,0.7648132341658425
3.2244615236916223,72.03857688220504,11.522929625429052,1,-1.7703812865759259,-1.7494297384219544
27.599058579109663,77.90531535678782,41.88921342966879,0,1.2230193668942249,1.2253409488174591
54.62178725142582,67.66855316223183,21.594222742658506,0,8.434314470503232,7.9264302740672266
63.71434376278858,61.835446565264064,29.276794688956507,0,4.607460636898605,4.5965042038715
26.530880857887027,89.35444030124916,43.77448779004109,0,1.1353095552792014,1.2371594078854575
14.79625133320959,8.784044387986047,43.31752704507772,1,-0.06777628533861264,-0.06926580900595898
83.65809344313061,33.760561812239324,19.20445918693509,1,-7.965749659542153,-7.657966546276387
98.45581588965166,25.580460483453752,11.235555743027312,0,18.73702064199496,19.950813831923618
53.0433280479659,98.81338224447674,38.98215780870114,0,3.3053135444761863,3.4491714217318834
17.996249298982047,39.549588187020476,22.22092997650443,1,-1.40235011326318,-1.4414497423673351
27.958425325417526,73.52865722479947,10.4100576843912,0,20.163737223136838,18.96981389999788
2.8206769781992067,68.78779122421945,45.31684177354036,0,0.09676260053648535,0.094481210252117
91.51558184948941,21.996042510260395,10.707105517813282,1,-17.003944952978966,-17.558824186234386
12.657357206123972,24.660770340943582,2.264551241370323,0,62.30714075407787,60.867486906544386
58.0751310759111,28.847171791750377,1.9937187146035784,0,423.60434414586825,421.4690307946413
28.131466848033394,41.701600547678545,31.49345246625895,1,-1.141565754729121,-1.1827815909906911
55.863622249063546,24.198181499402153,33.422077975158984,0,1.0638099565947394,1.210165941060779
65.49061844683456,2.9454967919379325,16.241043547792213,1,-0.7272618508031946,-0.7313239292818794
83.14443856701295,88.05991262391235,16.680538473106104,1,-27.689091742666633,-26.314269779639197
21.435705904299716,96.59537330670753,17.635201837937196,1,-6.2707174757112885,-6.657838342516033
2.0885870371895674,34.81546831612523,34.32776879118505,1,-0.06216091596918078,-0.0617068911491291
14.55167737681192,34.512181063121815,3.848555760314601,0,33.95950935384867,33.90704144826657
90.10184554296241,1.7020894646627278,46.526701281874956,1,-0.07617675144055919,-0.07084538185781108
87.51511767868901,68.34481814470703,11.903531164694876,1,-40.06597979935503,-42.21210859483467
60.14389711486052,82.71854967911425,49.98398705686252,0,2.0537409713856487,1.9912816234954884
60.451169182931686,15.514221735640312,9.404611995572163,1,-10.308307817158374,-10.603590171725838
66.8386307800793,16.806968587347924,38.8057764083065,0,0.7156501086343009,0.7459748381627642
18.361756583721508,79.21824174717234,11.947214701551626,1,-10.584947059386872,-10.19074860101234
91.52678264657102,62.01278408706032,4.961493280519445,1,-227.99318456753497,-230.5709616291017
42.45828196431524,5.441195205143984,43.87173289318179,1,-0.12419727136596923,-0.12002926469043185
38.930714296700245,62.632152055765886,43.078811700353704,1,-1.2853295997330143,-1.3138998905358426
52.37285282300092,31.58285456153284,20.774949230030465,0,3.418379747967127,3.832460340428956
5.64963071073045,37.50379039161375,35.41741098448092,0,0.1647948101149653,0.16891242682537216
17.462053506851863,77.20341041139113,28.296230701511938,0,1.8350015743240446,1.68373843126196
74.06532802621068,81.28258407458846,42.79484957001369,1,-3.214990657341423,-3.2872250995762085
9.19706812458752,40.63530605714323,16.437742496614067,1,-1.371612793920682,-1.3831478084990605
60.71205883717243,94.76814066462912,26.659947599950275,1,-7.291511200538609,-8.095035127670801
25.289561858450774,41.23980907725515,24.78324618902297,0,1.4996909472834674,1.6980151828402392
39.54026579015568,77.41176748778088,18.341385486586077,1,-9.469677769691199,-9.098761692745995
29.580679940299287,48.903849191861646,44.68129816326224,0,0.7100676233931664,0.7246021709519584
36.211598930029965,89.85570032568631,9.128018308464238,0,40.72773990728105,39.05173467674201
72.18554461324031,90.86836312136768,8.325923336514112,0,98.76618312434633,94.62330803482627
30.415049846694327,9.654263979237301,29.268567230814817,1,-0.35761367932762705,-0.3427715559716346
57.07405938939282,93.71283979971234,33.21721726926216,1,-4.605552413461009,-4.847427999636618
48.12898981771087,82.72794931052115,10.536343461903693,1,-36.58894613875899,-35.86568805708028
66.70344537090216,79.33976071695402,20.145154670476582,1,-12.25058496454071,-13.04061101708987
93.74614419315104,20.89022262886672,47.38162830595844,0,0.8272815696745865,0.872321385112177
73.52463762381478,80.70680166671183,13.084253711843026,0,34.447614310825266,34.66132145957157
22.27909748048492,85.16314073381865,33.74967440375231,1,-1.7065758572672467,-1.6657510219417004
4.0871303710671825,29.625883110960945,37.26732029118195,1,-0.08257991990621119,-0.0871833322433767
26.964140385682683,95.27374775787005,22.958306273792818,1,-5.001339750855183,-4.873939548522846
59.91271513932523,5.936154493517261,46.93877335121957,0,0.161078652220491,0.16142125696596268
6.091155534940785,15.841016071466827,37.096180025720734,1,-0.06834035521473114,-0.07011716411191767
50.1402584729224,54.22053266709992,23.438304413183996,0,5.083696103265325,4.948777945495622
60.08744204277203,58.00345464110866,28.897424887028606,0,4.358774237980981,4.173681359741726
34.09014519087912,64.86985824678943,34.93805872782993,0,1.8307740434891584,1.8116498351310226
77.32030817083637,2.6799438022311795,30.017318841031692,0,0.2251629846592952,0.22997226722485722
11.553227060243408,96.07631068759089,44.05618160747772,0,0.5618820217525258,0.5718813309488714
8.438640391845068,5.414221180680255,18.48754445173966,0,0.1338465313461766,0.133674944081186
73.09068686415674,15.163133319616836,15.694401262734441,0,4.5556230757167455,4.499471365756498
50.05364030441365,2.387437235079641,11.47810558526795,1,-0.9137161292140257,-0.9070415889483957
69.15183724634586,57.11898489611537,2.8513654351651616,1,-485.35694129487285,-485.8234148724086
44.04790652177088,93.29442150817626,3.1076842546227113,1,-457.78759671685054,-425.5074552572842
25.393801290671576,66.92876944196595,43.63270446235486,0,0.9225102529815867,0.892722112030918
82.09112944974578,82.44308937956231,34.241264173889455,0,5.824598730760788,5.772326765128283
80.14217201792894,2.3148391423994283,33.36608835638782,1,-0.15828952829880202,-0.1666369603159506
69.77495061458825,54.65951454949288,31.117498127809416,0,3.938759368799309,3.9387277590503182
27.942368585766307,46.49673477304667,42.61173809001114,0,0.653335207603359,0.7155288922892602
59.43283602003962,50.39782647785851,24.533079357615744,0,4.887423576406068,4.976616028967361
36.736415797062655,8.149105348183607,43.650130599356714,0,0.15555083649849474,0.15712150097904426
10.066625259336782,68.75910074586145,18.612806282929718,0,2.0721916652069847,1.9979764979805643
91.81404397076204,50.81882107100481,46.40866771261544,0,1.9421338973666975,2.1663843028373617
14.545044460977179,76.74973613626513,35.23419202398077,0,0.9010659797245762,0.899214518748799
95.07349802825944,49.04377277210982,13.601679665196936,0,25.850666169820762,25.203349373415595
45.15457152283762,15.788781986416776,28.64016116274263,0,0.840412493112906,0.8691594142584224
19.328159955023345,65.17743845370438,27.118497512924524,0,1.719388675610036,1.7129967985152448
54.648193790457455,18.066249848411456,7.757042264786365,0,15.893427798934813,16.407843649157005
87.42163775176442,87.36706177212668,29.970902381780093,0,8.192724937407743,8.502899192650716
73.49026375454656,61.69850766785491,16.42449556213094,1,-17.151407676555415,-16.808168199700237
80.84955363828352,16.56318447213847,3.565089573670519,0,101.61720033475822,105.36116722805608
66.21955330436101,96.27146769063947,47.48415172762168,0,2.924037855141824,2.8273949084183085
69.5353798872674,52.31818087019674,32.4330280841501,1,-3.5855559721162447,-3.4584656799921945
85.0703695049666,8.216946735293845,43.969027661671504,1,-0.3778955890949792,-0.36157222986422705
25.71713287705941,63.05645753709165,34.126744245649405,1,-1.2693120932097024,-1.3923948299841054
49.45307140067091,26.066691794268213,18.492200914865535,0,3.9507413283251487,3.7696582526156233
22.89973474014062,80.56565173585294,26.12171554411176,0,2.4521556783732565,2.7038150724821155
98.77913279166805,81.96438528305288,34.111591257011675,1,-7.2240963649670515,-6.958032243969099
94.46187462897471,97.91578822961152,48.05236393487044,1,-3.95715059269212,-4.005712439793063
4.903254325482084,50.68508357142587,13.429803496963126,1,-1.3556185253359982,-1.377924019514895
70.85194207905316,46.04073109304598,43.87387587258176,0,1.5683638546731566,1.6946576084351215
92.59958342415092,75.59408493920158,46.279812459419205,0,3.4575613185110146,3.2682379338844427
18.87695916760602,14.11459497785073,33.85036021828887,1,-0.2229328980595079,-0.23252725657193132
57.22657782471032,55.1446358655193,46.632064742665555,0,1.4861821430176894,1.4512149991901322
91.63334146121615,55.07851241295424,20.496050786391056,0,12.82921488626152,12.014213592536748
4.360651879994085,9.857839158228334,47.6977926259817,1,-0.018467260484789152,-0.01889455130833299
70.04460645743715,42.38042446518445,35.43636098113277,1,-2.310947384327369,-2.3639689477834063
30.437551729882525,85.47519505815299,3.058282603521783,1,-256.4957440537502,-278.1599429206911
92.51522334227651,85.75920857747137,45.436768759133585,0,4.054680602880155,3.843077019665157
97.1347662713714,10.82452882704842,24.739167642626434,0,1.6456780338454364,1.717961922438329
94.48238242222996,9.981367392035255,23.55602225411381,0,1.75336953289865,1.6995618155263417
47.947207449088914,27.006852223191594,28.756863693002078,0,1.513857070674519,1.5658647524714235
86.34222244794204,87.60184019284536,8.319842791790169,0,112.02580753187074,109.27132572425799
84.61039045497196,13.761355922276396,23.989136379802535,1,-1.9750625582131922,-2.0232786549847224
32.59094685108231,72.27968346011718,41.725233619169536,0,1.2594602568887503,1.3530556715659865
83.06263194091706,11.015396341697219,1.7586404977382515,0,294.03412737680475,295.8364460073975
4.6637558368337695,62.69064752103471,14.372940855894194,1,-1.396525155872764,-1.4152960163113617
60.03071796972325,36.25066261279534,1.120274735748367,1,-1771.790905913805,-1733.9653032472559
23.770874891482602,79.10248233362084,21.36985414834257,1,-4.052695603961987,-4.117486297739809
12.936121691950602,24.135354433710997,36.687460014193,1,-0.22261800708924342,-0.231965011442417
8.618366961291706,64.28098110960602,40.1398196266168,0,0.34331423955108703,0.3438401958108649
69.93258881193583,24.33257092301261,47.314298295223324,0,0.7686572544481381,0.7601211142236615
34.64762141303855,71.65236802810323,30.81672603556854,1,-2.4333287559467607,-2.6141528562659717
72.75191038134739,87.49412542151413,13.476716465991878,0,35.87655834231933,35.04734416677744
7.470277739095295,13.553378113549243,46.28324950769825,1,-0.04679007398861709,-0.04726466866417622
32.21374344523042,86.79297317095485,38.99047194013843,0,1.7510136524701159,1.8391145382656646
54.40963794515839,59.763950187015496,29.146995667154084,0,3.956029997827042,3.827608746317129
79.2815933190574,13.583938595835374,35.086370570227864,0,0.8892661755641336,0.8748250040238694
32.55649779027492,43.32664368061149,46.29150139536403,1,-0.6159979706987712,-0.6582489792944719
62.9632462672639,16.92516905502469,35.90730739517316,1,-0.8245847485521014,-0.8265220560518899
88.71179707538252,70.33444099779038,19.050350871651965,0,15.631351219445595,17.192675222127274
61.97045563004815,76.12794530737702,35.93838191216574,0,3.342181139534431,3.652681108523182
24.062988000609742,11.473855507007096,2.9736299740340053,1,-30.07521565755532,-31.223751318424444
3.415677374097264,51.10784541676979,19.93436252969848,1,-0.45182275002977124,-0.4392984906863795
87.13978851619206,81.6478805465658,20.909828560433386,0,16.62810227006779,16.272732041165607
3.1056716741883266,93.68014111354866,9.1750734866209,0,3.4758213604430015,3.4560814940091853
87.59546559573575,51.838268807435234,2.1311885470367384,1,-1008.0828292275909,-999.7429898175664
53.36477626869399,95.0776431375293,7.535680595249398,0,88.91819131127234,89.34867898992627
93.96770215277672,54.03320807514695,33.076453294055696,1,-4.841701276728396,-4.640892302113678
80.07954034159287,40.02485896539089,40.31215200182069,1,-1.9738851927951673,-1.972329252927147
99.7954769428004,84.97210972673665,49.42197114362173,0,3.370279076887493,3.471739524509933
35.720469729719305,49.80528833535082,17.97181165231622,0,5.405666901069016,5.508189880932392
76.95164060418156,47.71834854588778,30.369581890793985,0,3.916879646533068,3.981306956186249
40.79116044731497,49.540936451573,46.920103373940975,1,-0.928340386743429,-0.9179358922943488
48.507686410086976,84.8317151851048,9.185047285569478,1,-46.526985628786434,-48.77598139674449
63.12304085861864,83.36221262711716,36.16463373079439,1,-4.049470783714471,-4.023361015594279
87.49403430444754,40.948479251580906,37.993957924308994,0,2.608953556557972,2.481916376847948
98.42426345073022,33.996686127181974,5.359801257597581,0,125.43358609914547,116.47732458279948
77.0590679725873,49.700874379873795,43.20121987397019,1,-1.9643659224329408,-2.0520869609722037
42.35891143456604,57.70447846397379,40.84214730843135,1,-1.4261770590446117,-1.4653358544193555
42.71434322542995,24.595383852171697,2.636747322294288,0,153.57835701509356,151.10899271696778
74.02064785730026,79.60155338684348,5.463136329122523,1,-188.8776966049924,-197.41963670291062
24.63893743106193,49.161793807509866,3.4072178007007636,0,104.80597084569244,104.33977686939166
11.936937200008071,34.070509293576,17.40243305816875,0,1.409034628492968,1.3429244810223517
36.10759360643688,11.57527830343507,25.95516054331638,1,-0.6013653358799059,-0.6204153698971451
29.436660173754092,24.645670879957084,27.08503866977681,1,-1.006733762815573,-0.9889407186219034
30.334503925143018,94.97883600384239,14.11567122870269,1,-13.812057402654116,-14.459746221587746
24.127167353941083,31.204868995133133,45.66824744145343,1,-0.359342834545525,-0.36099402130687597
5.167225773999826,17.717069647336498,19.044876703723745,1,-0.2537415178183802,-0.2524021206289822
2.769519538607967,46.60660637384433,3.2319576423022727,0,12.062989981545085,12.357214745888182
98.78451658386712,31.40168659266462,15.711128465527931,1,-12.462552324507042,-12.566869181653471
43.34954023985037,4.480765776848221,27.02436170466362,0,0.27921708299660114,0.26596583254136796
39.048338068808484,32.991376510662306,21.00286930682337,1,-2.790618770802589,-2.9204228039881523
68.28508098661392,54.86675377000739,14.4182834358637,1,-17.703760333556993,-18.022207144628606
22.607134898641352,55.619524829976726,7.434839238451554,1,-22.06527513877055,-22.747288482895865
95.04615721107231,36.29933319651198,41.13906050471526,1,-1.9089427649801263,-2.0385645658663147
78.84815642713966,45.282972869007466,49.8111168640854,1,-1.4498338775338737,-1.439043476880802
9.851689228913692,96.58627390524187,17.14756454267022,1,-3.4165749478074514,-3.2360947092089547
42.34049680270791,38.35749924580085,19.699431164653593,0,4.457296324949236,4.185032771389229
88.03271244865431,26.564454512738315,31.283838709170894,1,-2.4527832534800202,-2.389488306565027
94.52847020684962,25.103237362609253,36.20363226204152,1,-1.8729477617733585,-1.8104564078246768
47.272749613737105,46.31869665770928,20.209447205375973,1,-5.8426392175597135,-5.3611545308444875
61.72772753186006,76.19249472297746,45.34154633210895,1,-2.222357656097416,-2.287703981872426
17.53636066311545,21.392830234658845,28.440195472217,0,0.42621010884143645,0.46381261819507885
99.12569398756068,71.22031658693604,23.069113743890618,0,12.768010149878648,13.265643441461375
23.935498436960895,3.093832511592212,32.68696490483535,0,0.07134757885747031,0.06930907155340094
94.33044563937744,42.474364820410656,47.687388564209485,0,1.8254574802565406,1.7618612270755345
65.31501825024448,77.8106414550759,39.93306242666357,0,3.0831846687424154,3.1870348607042702
61.165942693007054,34.53456262166871,2.9606433962210925,0,239.36933644413585,240.98578870980128
51.75616259063435,56.809973043094544,17.28318562625802,1,-10.272721251269184,-9.843262406379857
23.83631136005811,21.29294404976517,24.05668956260991,1,-0.9010543392878441,-0.8770069495857973
18.476275168545317,74.45754372149106,16.411361038246156,0,5.175789233759438,5.107800511658422
22.82813469794736,6.175631223607202,35.30919048069237,1,-0.11591376388655539,-0.11307751587235924
19.4573879522812,85.40172184267453,41.487188343266475,1,-0.9772239571111103,-0.9654352664914495
78.17886288310858,20.621442255745148,36.83590966407831,1,-1.2751478697647671,-1.1881344466326271
35.66240065750628,87.56540513912475,49.47733105458549,1,-1.203384657012665,-1.2756472794830924
6.72642497977624,35.900394888751215,14.354834746758426,1,-1.1420036541544123,-1.1718907708060964
96.94116038394033,72.54567387297418,43.87448525619665,0,3.7982263819295063,3.653386877885749
88.49480261137914,32.60330448083266,38.56451059354983,0,2.0651807967490883,1.9400089620203516
92.84747603632609,90.68525545223011,18.74675912034916,0,22.969679760557035,23.958210968885272
99.49587444199709,13.537075426319062,36.97210263919146,0,0.9676729713796564,0.9853298097688671
18.215629672729243,18.673459137987273,6.099721864494101,0,8.276017602311097,9.142161712669077
40.22795987136322,49.80998239072143,39.67734063468706,0,1.4726535227647006,1.272797414710857
76.06560909470504,9.111905464776466,27.084199526768028,1,-0.9519226498514207,-0.9448558220478961
69.90604118732543,20.402038285474433,15.322218462753405,0,6.390494236559116,6.074981592955496
16.23569472764565,94.43287183898943,33.13308778742483,1,-1.4830546945263678,-1.3965942573346761
81.76747937407116,97.67247645364083,32.43937993700604,1,-7.211305096602385,-7.58940485432058
23.219616611829405,38.24967360371177,11.264824913260385,0,7.649026813084956,6.998966039991503
23.157943867439684,92.40531608037963,2.4894733257647808,0,344.24769646221284,345.28840865744036
54.160467866447945,54.93764289166974,22.24750675818202,0,5.707744756157795,6.011595277719393
59.70105354932861,27.704504121502936,28.90608159787664,1,-1.9932301302231663,-1.9794928063621342
58.4285345759433,70.53747338697927,43.953658640159325,0,1.8957951331757161,2.133314236274719
10.057196902377733,66.23127885091087,46.482622986732125,0,0.3077055717160406,0.3082895754647298
87.86862540040765,98.9234065917646,26.911455689681553,0,12.494803159911934,12.002135228694481
27.2944042162819,27.239681453519047,37.9363707046587,1,-0.5175351560171839,-0.5166115154747036
13.821977206997612,67.5338907635118,22.525860344071848,0,1.81348892950155,1.839624432858924
88.98605990702875,6.150351747915242,37.55802567207176,0,0.3982207898546664,0.3879863290207319
95.60949832474559,12.25095783097522,11.03527472201918,1,-9.327954287472453,-9.618443222232552
86.35063410927961,1.3879191201582328,19.18217200537304,1,-0.3527448574163758,-0.32571227644408746
81.14209139776293,99.94660742490764,32.07717194186712,1,-7.846736128993742,-7.881740104192035
65.86895608326316,80.4250960176003,1.8897403147468625,0,1664.1147118253934,1483.4336024124652
55.53487969030479,78.88557845862054,36.40060420660875,0,3.085630264341364,3.3063305116693824
9.611689231229605,51.46288145352979,41.941239562140176,1,-0.28239837464619827,-0.28119739697393775
41.43686809399917,30.706641207638555,20.55794139360362,0,3.302943769349337,3.010648059618046
37.896163184219084,15.975164161804916,22.949178441681052,1,-1.0860308066797768,-1.1494928807575946
26.715624592272295,29.1827991457999,42.71282839861002,1,-0.4383118367451761,-0.42734203756312666
72.6185912551699,38.22115097098477,39.00707713097564,1,-1.8053664291273157,-1.8241677042377327
50.09169777279831,75.87469960104912,15.119324962635375,1,-16.628144326110082,-16.626388845482836
9.023575374857145,54.42651710141209,16.87482922151541,1,-1.7891970272583178,-1.7246875219369942
22.79813699303132,8.670879028992786,34.26503338713923,0,0.16774315341780355,0.16836823824402938
68.64261760229999,2.784871886932312,28.5967065299599,0,0.23048606915594375,0.2337582893702669
8.536955089539719,11.130885773872253,8.94924898372835,0,1.1931662966931682,1.186477592264186
85.2694844908281,41.63937265604056,16.186565552229155,0,13.044445050874677,13.551531981242606
50.01950617438346,93.38609878785282,45.09918056705405,1,-2.443188275592248,-2.2965945552044107
48.57807115533815,64.10284563971294,34.72054739939091,0,2.5777875484850425,2.583119206415318
59.64837068129224,80.380764087676,49.312741566590454,1,-1.8025801344724526,-1.9716617870229525
82.64341562658977,47.171084855950305,38.5836139690577,1,-2.6078921235069688,-2.6186551794381208
35.43311158231711,36.80494223630924,47.15674717503592,0,0.5767225404138765,0.5864456264850798
68.12359910334729,11.73163689894565,11.593240119653295,0,6.170497028087534,5.946296152046855
57.007464435583316,87.71736919643429,38.802758866029365,1,-3.347468077389118,-3.321177699055375
27.43579874677271,78.53284287376238,1.990658487242074,0,594.5044794743167,543.7201247266993
87.98436864916064,17.643691662174785,33.867241063865166,0,1.3531638159320623,1.3534285810272368
79.94517613908589,51.71379582374979,23.994831627891827,0,7.432142786326537,7.180641859614027
66.18673163118413,49.250105984203245,17.991243524083362,0,9.690642861542882,10.070609151497367
85.20759118032994,62.884063715966334,43.25781326236137,1,-2.791422481626402,-2.8634510542693237
86.86212589502044,94.67250250513486,42.859116940219,1,-4.415224917689248,-4.476801867251777
71.12793469478845,58.39737273448549,2.0927835400335355,0,945.705977510583,948.3854568530791
83.86431950800353,54.48150941108324,30.86575100002212,1,-4.916247788577964,-4.795928081727046
70.04967470525908,5.98197036053173,19.023778991726864,1,-1.1947995301969485,-1.1578619864462054
68.33393640426974,7.227840125784369,21.36738907352201,0,1.09706003657941,1.0817877538711065
62.24252644330325,19.5473323413521,41.76999622172002,0,0.7192713066609627,0.6973420231027535
75.51894731620648,4.214606397483079,16.182148804856233,1,-1.2231877762629655,-1.215459713465608
16.701905424014296,74.59193666143122,47.209391721243385,1,-0.5509572689987574,-0.5589862095398369
88.20620516069391,72.60970009540235,9.802057492234898,1,-66.78544399186114,-66.65907612107323
87.31250924677796,14.469567208732652,33.47339874504071,0,1.1330957267763215,1.1275411195549654
3.8954810204213555,83.7718111787328,33.93314828367447,1,-0.28624745145387404,-0.28340707514051683
82.7558583059115,16.323817449765087,13.357562909967992,1,-7.564418971435663,-7.571222691472545
13.758116879871075,30.81638311273852,16.912779839392897,0,1.6821667266255247,1.4822131715077465
34.17676657165505,25.648713016975137,41.90512613641708,1,-0.4914076554142663,-0.4991858266676756
74.60731737286918,37.85840275873173,38.32845749279267,0,1.9846876478117987,1.9226535242461602
16.915229708782512,26.211712823106225,17.125698135423217,0,1.5448475640193435,1.511738702187044
81.97873538778715,49.406141717406754,27.16387079981176,1,-5.561201929530684,-5.489070920422795
83.38128361781645,41.333380254113855,4.022334516401678,0,226.7984920278472,213.01644304983495
51.23930564232278,98.67037958715333,11.228548237532832,0,39.516075069763396,40.09985633800987
1.6322012999665243,6.536708662694341,24.805207384159555,1,-0.016425193229867758,-0.01733992137618
29.416775184316364,15.07595626234781,5.212713028681368,0,16.04847480353199,16.32120789835843
62.07576491919848,6.229763496951646,42.323285389704935,1,-0.22625365665589225,-0.21589117681260392
98.13743162471492,62.958278303255206,36.18230429527475,0,4.8057143766496875,4.719490185716255
63.54953917465017,6.396418463958239,47.23804986177625,0,0.1721035690112549,0.18216517418664568
26.72055452535182,83.8075340002362,34.97987839223733,1,-1.7811564410473917,-1.8301721316686992
63.76656460686152,51.68192443751085,47.079667240847094,1,-1.5756186516335646,-1.4868423674659275
54.45855259186969,53.17375483357184,28.171115228857285,1,-3.7070449275333575,-3.6488443943462423
78.20469411996322,56.597856263507225,30.4107119420365,0,4.443458031490847,4.7860764183933755
11.591083243868882,17.91055692431486,48.87158167668678,1,-0.07464627468696161,-0.08692012169404062
76.34176234770078,20.571340008334268,32.46432819634876,0,1.3668607547196614,1.490088021076089
54.585391288934915,32.56291496442746,2.5085418741765833,1,-282.3214254240918,-282.4600248919243
96.33620838204047,59.75614516636329,36.46633605489564,0,4.576471132467074,4.329002764268352
34.84534443782992,21.801659818081237,45.36796591473337,1,-0.3499667769417912,-0.3690929115671698
63.62956742026086,12.516840986192863,39.983432239922,0,0.5193947797543026,0.4981883436673198
93.27078244549173,97.04157175542478,29.607830358645707,1,-10.48877433063123,-10.325005094407361
11.148463071077247,3.1761996661526686,33.8938721415823,0,0.032905648620358226,0.030823391446742603
93.78562023640866,80.46704312826614,49.519397673331916,0,3.218089024166406,3.0775391807039254
69.10068650778052,79.01547980792718,5.442442336957578,0,186.29131258646808,184.33460428589356
7.715868851412019,30.424197270664504,33.694996603028734,0,0.2092503078173911,0.20676314609946395
30.79539312773481,14.427034984724028,14.886487033959098,1,-2.0352995898362343,-2.0048338689620384
71.10903677588287,15.417236023836917,32.36442943272233,0,0.9990316699812032,1.0466353691751369
7.667709545408398,70.04573010648205,30.773555218313,1,-0.5320601875206457,-0.5671422147300689
58.63487555745105,64.6378525175312,8.519384773299942,0,55.64484162289294,52.21874865297762
35.24242263834272,78.49182175088728,11.130585641271718,1,-23.31525079677441,-22.328221557670517
62.470636258980235,93.81063606751137,31.45984932411746,0,5.875738049613309,5.9212682100915
5.528461347438772,69.5008089633926,7.283267417884932,0,7.191442440663161,7.243385926041472
87.28214380908526,16.4293021185929,13.99386288138582,1,-7.334623540860135,-7.322667125221956
97.3754079485623,25.100819059775656,41.92703183916212,1,-1.3859595399550226,-1.3904294144744345
96.91890767328346,84.37717935643835,17.027483794080293,0,29.54075069715965,28.205419462241565
75.21553134254955,21.72130150758665,24.91494765721348,1,-2.730255393497848,-2.631924419455543
13.878537772932566,8.17970937849366,47.11587642214617,1,-0.053302429461156084,-0.05113838840239734
76.06805639697323,70.6247253501828,12.130305353010367,1,-34.25284973518333,-36.51031878527347
3.4341047294213496,40.85010919352406,20.09167485054251,0,0.339476919682164,0.34751573608315806
3.190231601370728,92.08396520204445,30.716431001633737,1,-0.3310243829848484,-0.31136136255274616
33.037411695804586,65.37525203827249,38.01160754569464,0,1.4585542473783315,1.4948131789254426
49.37567585006191,9.951478801374414,45.18101594892255,1,-0.24467928365081248,-0.24070698373215593
77.27033436297152,94.83780015811242,45.85817639110224,1,-3.2137363399908994,-3.4846623431026034
68.646242284044,26.597169100384342,39.05536364425853,0,1.2523412207277294,1.1969907974547356
45.144367931298085,34.38403655022229,12.188210993072211,1,-9.849608937687293,-10.449139062713336
28.08903996188492,40.82378095467066,2.2156571720857245,1,-224.00834580631172,-233.5850239506349
99.7153255156134,6.071205344027012,19.804922587425565,1,-1.470419136927568,-1.5434427853336836
43.19194892136132,50.15502680082988,7.935893698403343,1,-35.58080913205405,-34.397397413982
45.68731540863787,13.208530616453933,35.808994724476605,1,-0.4752883924586738,-0.4706151334662555
17.19875829797525,40.696062342146824,33.395398754460125,1,-0.6586533527315048,-0.6275902907743817
79.68614532624301,35.720269011216345,3.154610439451287,1,-289.03662186014304,-286.0263655419139
69.67454035236737,77.51116825922384,41.993095177416606,0,3.16730116361721,3.062546012994373
22.85619166608728,80.51388065164038,13.18842004826793,0,10.651278418014085,10.580083299810301
9.155723515968427,16.18787535651971,22.17912669906107,0,0.32105339689595663,0.30129618830646754
68.3694309053966,37.28856755054339,33.72875303733138,0,2.1130811885746077,2.2409754256140575
65.7966102138324,37.96196294215134,22.041520555760414,0,5.26984683106295,5.141254204864851
28.052693172822725,15.98963394967242,22.623102337197228,1,-0.931114337570111,-0.876412903423229
95.13549266279063,80.04689700006786,4.215771771451278,0,430.4999507036686,428.4823031828113
15.954731286309123,71.01560450520691,20.670733913740186,0,2.7499020671812833,2.6517433554762273
43.80114530321759,19.84779684340644,38.47754676777919,1,-0.5934936630032632,-0.587195911491087
94.41797609659228,37.30546895078611,45.84364052214329,0,1.7221645006223507,1.675980625100979
42.55300437568611,11.474697460794907,21.26135971610522,1,-1.13199664034884,-1.0801632599740572
64.21406881874447,63.19245311221135,21.755705517074865,1,-9.286487898397217,-8.573320526414186
40.36184539831663,13.015820530313347,35.42872820985895,0,0.430191481991809,0.4185346714889322
28.147305032518332,98.60748269386686,47.195828054158554,0,1.3547186801723816,1.2460614813815334
98.41378714802299,78.28752539409837,14.085986071728652,1,-40.76444172109647,-38.83059103489099
41.524066625189256,39.63361640881551,22.567066120358906,1,-3.034088373744861,-3.2315685899047355
89.51582116423431,58.27782929565609,40.00268893406275,0,3.267132155350057,3.260054022421098
23.765505983217533,91.22283980542447,30.874984899327888,1,-2.426128911383319,-2.274244459258844
22.097365698483248,55.855828759186785,6.4187308542337815,0,28.262978654814145,29.957852076922215
4.082274205566625,18.27535015339756,31.75890404255102,0,0.07402518342719636,0.07396680596377889
65.51501571221262,38.491632202534774,10.150567945269017,0,23.980248609955403,24.47521365558384
37.48410802865235,84.47134163794479,26.000580769841804,0,4.376249635473659,4.683715155851492
86.57146673412407,64.77708858297217,26.926060115361484,1,-8.389981528308113,-7.734826529579509
47.84778076246416,65.42171404904623,43.933964749024256,1,-1.6904045268607573,-1.6217463287820755
96.85114936355745,86.81532708316043,23.662219426609468,0,15.162767607800488,15.017243751830044
19.367026054608992,89.50333268878796,14.692678689558816,0,8.0271461136739,8.029715924929349
86.99369362760547,92.0594646061642,12.317351062585548,1,-54.10926904763595,-52.786343107481336
77.88308842638243,10.390070132062455,43.83834195753247,1,-0.41681870768001816,-0.4210691309525564
77.32126261976114,54.86847419434699,9.37953186649319,1,-45.71589424531727,-48.22358509672561
84.63353958357187,74.31044260061354,21.867559483274043,1,-12.892820009303723,-13.151997554370855
76.3413751033569,75.93575766757436,10.171482631420403,1,-56.37207396487478,-56.03221429133984
62.995811841510125,61.064903995030384,38.89189796560439,0,2.6612416124736895,2.543226735484002
13.99324289055637,17.511946183183742,24.24425935875633,0,0.3968947065734746,0.4169029265769624
4.22009176963394,79.94463484022477,18.20604083728379,0,1.006394968402573,1.0178415915076828
92.16393693375299,72.29102201797963,18.693882390696874,0,18.873728424901778,19.065419719539616
62.048381137553065,9.527441383354592,42.75849612942599,1,-0.34333977000704724,-0.32334183329291927
79.85719180664145,46.91717264276325,28.134923760427466,1,-4.832562138167426,-4.7331948275109355
48.67071279974246,18.223762552658552,36.17552470543192,0,0.6074439658483821,0.6777602226098893
12.613510707277053,34.41022752558422,44.954887296283545,0,0.23530180057321734,0.21476806190730408
13.393393428052493,2.790028128362858,45.18534212599146,1,-0.01916007032030343,-0.018302232084542833
68.87096343566816,40.63265697266507,17.096943662555294,0,10.332820672960752,9.573581062392353
43.600283595046804,55.43781519446483,47.67011189417288,0,1.065686062638211,1.0636606132028548
20.851947943333336,62.338676689881595,2.218918218715667,1,-256.55424464076157,-264.01075493918984
49.66786012740225,66.6855441677423,19.46494248979212,1,-8.955450180587714,-8.741800660581891
7.3566847704382745,83.79283999714353,44.894144017933236,1,-0.30267105877516287,-0.30585083224187665
58.61516878952548,22.330827820297273,14.457207111032163,0,6.466159237700999,6.262475467099501
27.63034703907467,12.927700421408327,14.380991065744599,1,-1.669760643091662,-1.7271497188766476
79.95835096308163,85.30218001789464,15.828491969012546,1,-26.168953204968414,-27.223557605773916
31.725833933433805,16.50466867437234,31.003355857499187,0,0.5347239498543139,0.5447565323478758
46.06679475909832,97.50124805228333,22.478306005103335,1,-9.102875359835354,-8.889370602277147
2.150433450901963,84.41128471046507,36.61000698131379,0,0.12463848325358938,0.1354337469011981
8.17224189166133,50.58678398307032,44.850621485668626,0,0.2108904126399481,0.20551397178493028
39.8568620842618,98.16072106728049,34.03576937220017,0,3.5600763682220955,3.377300462124762
48.51394463699523,10.640296181692417,11.0188692896812,0,4.595060254872331,4.251539738434658
60.40203426381107,31.003510356335063,46.70141321566461,1,-0.8455213373894706,-0.8586227456596559
29.87459529222102,64.18421708902054,13.960150794026447,0,9.461910651972683,9.83897959422434
69.80320672652772,35.65067997884469,8.344820471079748,1,-38.76866213958296,-35.736268008909065
86.15211732173125,92.90888264609839,5.408396664187084,1,-259.3918208411727,-273.6441196482456
78.20524790044163,7.496982729603939,28.605803292642115,1,-0.7808478626185011,-0.7164965632787852
4.922263709487357,55.39177137403549,6.574360661551938,1,-6.415594866625925,-6.308165521638293
48.57018777852507,59.49576047211634,7.800018321518907,1,-48.029515611257686,-47.49682253128791
11.388087663399311,65.6200842539452,15.701493549179336,0,3.0206112185278915,3.0311376225990427
24.96245657039022,26.31095610984963,14.800997474538727,1,-2.99270454437579,-2.9980714820833847
98.6795967334475,37.09207632446658,30.607736006274973,0,3.9340114540681466,3.9070241620354333
15.107058747249809,84.52437243683279,41.020518694161396,0,0.6672106705687924,0.7588563591193725
50.38992719168425,20.299334128045825,38.30613315394173,0,0.6976008924961662,0.6970900680357416
62.19741769749379,82.85991687016285,13.86173828110736,1,-29.81141792297995,-26.821400906725124
70.54403208386628,56.7028868673715,13.020214401313016,1,-22.731647066039553,-23.595499629662076
56.4052196652045,76.45656360821413,48.323784975241416,1,-1.8980266794172196,-1.8467673293454245
1.9673138944991821,71.64712926008369,1.4035758380060461,1,-79.26516503516969,-71.54852520954213
33.319669516155194,21.543638043103023,44.106306119950574,0,0.3539713935638772,0.36899319273634185
52.25345269508643,57.31246090695341,10.786697436997844,1,-26.472377139609083,-25.738726478245734
9.698783415338502,86.90459212770415,47.41693183139862,1,-0.3525621900172998,-0.3748807056602184
35.71206618970889,43.779507443391005,17.773056956548466,0,4.9981658602599595,4.94950290654351
4.2871077703452904,96.69248625210835,22.577236920769362,0,0.8272397553347726,0.8132340376919328
8.779271218347054,45.76929491007009,35.648910083274664,0,0.334858389370501,0.3161842080246215
40.29540434395801,15.135778030120584,29.795783522189755,0,0.6836878572038655,0.6869903671870747
14.138859650262974,39.55403332768965,16.579027155634318,0,2.111362592305887,2.0346376319518105
57.18654397789426,95.21853823266318,28.13771487752335,0,7.1127792336155595,6.8776126415049434
69.25703194458931,32.65236408464557,36.80463733378142,0,1.5620651906189378,1.6694500164810275
80.2580832117992,86.94171782683922,3.0744123492221127,1,-683.8616648242078,-738.2318331606692
20.8148741802362,88.24381748650708,1.5487659575295019,1,-820.1288300921085,-765.7490902907361
17.580775643647907,35.66846590886414,23.445280014571676,0,1.1931323685472863,1.140805521594727
11.352216193105624,9.24250814701258,7.459994272372195,0,1.7423454236052087,1.885356607299507
64.00659470482003,72.731233006723,33.55287028177101,1,-4.010794060611757,-4.135102858683336
70.94109692220322,31.839717602384617,11.488570355144276,0,18.70653425672816,17.11335384936875
4.127028337738562,78.50943781149967,22.209704232987878,0,0.6498665669327773,0.6568614402873795
93.6850123781253,44.82282997778288,10.685875906839179,0,36.3033299146938,36.774700007754774
6.145157081495769,49.041407491919536,27.875695701707098,0,0.39967018578981656,0.38783275447109716
54.58833719480597,78.01303126810514,6.686619509843876,0,93.67883606467868,95.24754627376399
71.19699142564073,38.85396977510116,2.1322357865865325,1,-553.1355665268463,-608.4523654432134
87.22594325086247,44.86960718696854,3.505450267228162,0,321.5613170713606,318.5006492595977
71.69460628111035,38.242856408192594,47.75866363425018,0,1.1828340899403151,1.2020775183347363
80.37108022390939,37.366711012450715,7.972024711935855,0,45.97840212098944,47.25496069009637
34.6055690617378,53.06871111324448,35.715434403704926,1,-1.5068605753826365,-1.4397021781520505
81.66768626090472,81.07114500561391,4.328384006918486,1,-364.49112636408705,-353.3987354397814
8.93136979208284,36.81506288033402,6.299857259523926,0,8.139540241696348,8.284803245185495
89.58684894999223,52.901217333235934,25.9349363190574,0,6.874155947436666,7.045949973281073
55.21164523921989,67.40200521881748,23.77867557756284,0,6.364959289857757,6.581549962395078
81.91247922628688,27.674505184061847,47.62743516255361,0,1.1042185850037711,0.9993452357919498
45.77951016731171,28.474757685336865,47.29693719801613,1,-0.6127402123807991,-0.5827270016157079
64.71419182445598,93.40789957532202,39.20082348458079,1,-3.9047833422072427,-3.9336232097104875
53.11386343267521,72.62992275977777,30.502989676240137,0,4.268921624918042,4.146089371859395
73.42736265377786,58.14148094610758,23.293055552257538,0,8.116384263542272,7.868484513294588
9.081368221028368,65.12428538764058,18.45274818209263,1,-1.7419790247228077,-1.7368893245094432
6.974856315065816,3.900644867238418,47.407289801802214,1,-0.012251154268013646,-0.012105463458618985
25.463220167004497,62.19219359060799,30.54253175980959,0,1.7359424021377332,1.6976147187701374
16.794923331205645,51.44137844919599,29.37455385661373,0,1.0146056726829134,1.001262762506663
87.30657309262797,55.02921829816413,12.363154966676829,0,31.025709230532904,31.43269797256159
22.70218474844639,36.58295885625089,3.2881930763705403,1,-82.81108243044282,-76.81249308122779
97.610660326094,9.065915873581247,47.31424040821768,1,-0.40454700022566137,-0.3952985224234018
34.352683385339574,20.140584127593165,16.37302768338804,1,-2.7288789277478944,-2.580921149428245
19.02967365318123,95.1237266080545,22.686862142898477,1,-3.6343113381134757,-3.516991611071984
79.18015220710544,41.461256664822464,6.617357235699635,0,75.09490414929707,74.97036623134667
66.21206977458674,47.201632427255554,42.00929216555531,1,-1.7391734180220109,-1.7709383986412155
50.32137592886076,6.2182691954904605,2.3539598099406005,1,-51.44362031699456,-56.470799866493635
55.98099154282549,4.719056724854078,41.86554734285573,1,-0.15477393999173814,-0.15072393966038783
72.20097604895412,72.00096325762901,7.873965626610373,0,87.09586903503713,83.8483162720863
23.617019391798575,54.27137174799002,44.44164151892645,1,-0.6390289311851617,-0.6489566711331108
99.63705768961745,51.361892437410404,36.75885922947171,1,-3.541949895138676,-3.787371101401945
97.50452305253152,25.0693285118442,9.06884286285795,1,-28.86471473399075,-29.721019998944126
65.38224294834676,74.7303224313623,28.725081650113935,0,5.622944855020491,5.921532639416557
20.754702641985368,17.655421331740698,16.320159403405754,1,-1.4942956622552415,-1.3757699175708062
68.34259600069784,19.803539622440983,9.73342184666759,0,14.508085525279462,14.285755104535884
8.14764248893841,46.61050496347927,43.09992777114431,0,0.19903671434323214,0.20443850083192672
4.0345977183748,29.34170634908215,20.77261555885424,1,-0.28779630945963314,-0.27434890911979865
26.510605962610153,25.49883514208149,20.52864200390374,0,1.5023928134246105,1.6040561009434173
46.799672717192315,64.87852681077983,9.32444706552438,1,-34.64080200608898,-34.92188035946619
86.95897803542967,65.4462027766359,19.770218128203155,0,15.658137004852835,14.560488940764916
72.98973790686449,82.627189910193,43.70922547011366,0,3.092234617942019,3.1567381981529707
74.52794559879813,42.35314813032461,18.79330681399216,1,-8.673371140615865,-8.937137486839859
43.12384011035946,8.235424011588874,47.62857456248962,1,-0.15735597949391453,-0.1565554617101283
35.24756426214933,28.09297210722431,47.36913606121099,0,0.4128516318781869,0.4413019750007852
37.73283753547567,98.02054085648487,8.100034306059955,0,58.4430585708971,56.371922177327754
98.77730680986973,60.02959894803751,9.688251422609598,0,59.71529493523301,63.17304650556359
4.970809949835766,71.26397139530101,43.27102944626257,0,0.1893965604278454,0.18919198117344027
86.8361181161224,1.7284251329160392,20.24528502731124,1,-0.3724402399365342,-0.3661872193799207
58.28886544866695,52.30236748606956,1.2143251318674575,0,2159.7794345798866,2067.459369108285
44.42292649976945,4.7153370956485094,14.41971916556318,0,0.9541105133798122,1.0074101139762617
72.80050838109851,57.35379099705335,30.28382066658244,1,-4.463787812466794,-4.552764749358074
49.18022520104558,92.15631411397146,40.16403233203843,0,2.691603563454892,2.809577352263727
87.4689005700844,96.87349391954038,7.536042237569718,1,-153.01395839511665,-149.20108576415788
90.1694845371146,54.51471486350349,6.416526856420032,1,-141.09206485276007,-119.3914699215092
42.750371760472085,46.36227571996938,46.18254002504425,1,-0.832077368916377,-0.9292851786615534
28.405951926270106,94.55669233060091,37.80627002330655,0,1.9309345623467469,1.879204119536427
59.64268253074286,67.68737336767282,29.899200438125845,1,-4.689177955649925,-4.515914185790966
91.3239712160524,7.425028674302537,38.69015270980047,1,-0.4784556410449737,-0.4529831379066893
21.85555671156099,47.10683218908226,22.013863704025283,1,-2.1771327006802306,-2.1244828372406364
62.67369177278479,24.784256827966086,38.1643316181472,0,1.104689437592859,1.0664631569983076
63.52446178915953,47.510627823419476,19.21834657245225,0,7.3984062515403375,8.171461177210455
73.57818921911282,46.09109162862981,12.960634052137516,0,20.046021523500293,20.188943515692067
14.02520082759872,58.632335478659456,36.721657643355464,0,0.6638087390550231,0.609820089773893
71.86667150352677,36.32027854457587,21.563942315706147,1,-5.931588074834688,-5.613327469029989
90.99421954589846,17.262774496136878,49.08747811198355,1,-0.6492828090669616,-0.6519029713480593
18.788627778153955,50.86822402440567,18.12477393309695,1,-2.58884283322731,-2.9093531508986095
24.516789167463887,83.19008555023045,46.16464360602223,0,0.9872581195199555,0.9570093679412844
97.16811431012232,66.73721057869263,46.7151648797869,1,-2.952793033976949,-2.9715021793270346
18.916718318239486,34.49841872659637,12.850794406172561,0,4.051813728259277,3.951709718137934
85.58412424358833,93.61677925312686,40.11283789781265,0,4.8796315555346546,4.979435713813511
49.73550778835544,91.30854955366904,22.220650752083692,0,9.795047427819783,9.197386843572527
25.475876365914527,21.72549153902578,45.958711634287056,1,-0.26726922912291146,-0.2620372618344583
87.20424022597862,4.902340926915935,23.0560893591267,1,-0.8829903849097307,-0.8042106492333506
45.08522024526388,74.38956212672547,37.47088214953094,0,2.3419472063691553,2.3886821432175647
51.96691803903933,82.93341587356618,23.881403049026094,1,-7.922051090197264,-7.556781032266783
36.564103570576805,96.81859202918417,12.162237029929953,0,23.5959455451674,23.93242832224538
59.70213429205781,89.09380301474276,10.768156318289629,1,-46.46698157290711,-45.872736829954995
17.188863385917255,60.45294205243507,21.84612851856093,0,2.307643450438789,2.177286766119787
39.71707212852431,53.4751815820257,38.01923819369653,0,1.5204223694490782,1.4693412550672686
96.97181991119346,3.756264074996043,30.648502773857572,0,0.39288240081065623,0.38777797295461147
26.555209837411628,25.418988237633005,34.742835205126624,1,-0.5592956467884961,-0.5592132911302444
66.01692978958793,46.50186042155972,14.83399118586518,1,-14.68975114750652,-13.951137465600048
33.193816358244796,63.22188610827322,24.59033195192267,1,-3.8490221414880157,-3.470530393675464
77.57383944297347,56.167931498522655,3.175367983497023,1,-429.6861722823264,-432.13117069226206
13.956492411116633,74.52096297848736,41.05908838194791,1,-0.5924184372502288,-0.6169303510856186
97.01228346277593,28.696926157817046,49.50471594975386,0,1.1298222590738283,1.1359754908837338
45.92516459698029,56.93030815759485,20.937074068608872,1,-6.123841024065114,-5.9643384148771235
24.36899587129993,9.72608209568842,1.5372190034456241,0,102.63022110318124,100.30072588585442
8.276177985671254,41.95288683473749,9.31983933799642,1,-4.0140298467153634,-3.997374346664022
17.806032603666534,75.2659224625055,32.97381700977053,1,-1.128720431229832,-1.2326140281770899
52.45762090704575,69.64668448947536,30.9918865919891,1,-3.569309053466656,-3.8037591382742515
34.36331446669735,99.07363098004572,39.60537125969165,0,2.2745528816881455,2.1704258282206816
83.05945322237834,28.511221472787845,13.44031653709234,1,-12.612817538286368,-13.109493043228968
43.65786484251879,50.32074061822394,38.41796386180957,0,1.3924536082089352,1.4884725470867815
25.62271298617536,33.62351096362568,34.71121705465982,1,-0.6913337080400175,-0.7150369580356415
62.09735367379898,44.6197082918583,16.817910387978323,0,9.98048474188154,9.796157327505048
70.97094447165914,85.83806285706942,27.728919254791137,0,8.163328214787148,7.923090320020299
17.537148882194035,68.73669844366017,8.216416616418009,0,18.29574174232968,17.855941434987038
17.59430241254345,88.36167794341058,23.17566066834355,0,2.9600138378705703,2.894488043027744
4.630471266420754,21.14759972485676,44.17866963822641,1,-0.043396565822409076,-0.05017195311663589
73.9037994914984,87.46275066630236,21.63837761144415,1,-13.857717869831449,-13.805130215120826
66.7166482345587,6.916465143660058,42.138768617295675,0,0.2720354134098462,0.25986915329224636
47.98845669923158,88.9713287632781,29.922414897725027,1,-4.8809282720332545,-4.768629477394389
84.57287444795051,33.578304166612064,10.401958942015481,0,27.283336273006146,26.245785790612814
80.76134514205526,32.14417570799258,29.474205990196925,1,-2.8479345578371174,-2.98828220340124
58.95008207527846,51.69676909316773,25.79318312869611,1,-4.49729666300874,-4.5807641586395
86.9588567708126,94.12832858459994,20.533425424622816,1,-17.793511746064013,-19.4138360711416
21.378279793640058,5.730355103459131,6.861891536287446,0,2.486722644283154,2.6017561762381596
12.08004232037506,35.87086653200379,21.41872452851426,1,-0.9675561295997672,-0.9445460000208126
27.70521154018197,85.80062687965024,4.5653564357417284,0,115.26302456838606,114.05190687868416
6.651598752842171,40.209393266111206,5.839683518538811,1,-7.497466012460279,-7.8428686346804275
53.58578327210217,20.716532862109634,21.379910113703087,0,2.450382009500315,2.4285939371224323
93.72396353720119,43.054623951809766,15.963692616454722,1,-14.816511234785263,-15.834477351971207
4.895010526182455,39.169697647675264,46.35167196724895,0,0.08629021789576233,0.08924276973530383
13.088881486992653,91.62620394520364,19.409584463633255,0,3.001844045296594,3.183389314060872
45.76770380006009,76.43150319856662,38.13504798153291,0,2.4424339858236137,2.4053757641755813
93.45362673526259,51.006440018656626,26.982128791945893,1,-6.572664649197706,-6.547398149348057
32.2994543926983,98.84868610543553,35.50019776347444,0,2.602169198421609,2.5334045280579147
51.21624606015085,47.06247559631641,13.74568316775456,1,-12.774516712179725,-12.757038108737191
5.115713045988818,6.765545251207247,47.153343669078126,0,0.01530160797185095,0.015566249618657367
15.685976895246798,26.965157859683504,26.974336348806773,0,0.5791388456554869,0.581316969761272
98.67638217292584,44.17097754171195,41.734879492977235,0,2.5059817030120732,2.5023721694395955
96.5467509471685,16.53335979046589,18.88723898032956,1,-4.542913076616324,-4.474678414651145
1.489058112506552,94.80894750608026,5.910356103475702,1,-4.082464177738632,-4.041417111344931
95.22936675690066,76.91804088395953,34.01187073832159,1,-6.459735476864996,-6.331958660590453
64.27287384373454,27.560432842349492,1.3802227685337998,1,-890.0265851651178,-929.8553159500975
86.9239111574822,59.48964881827367,24.289355851709907,1,-8.679905316853004,-8.764934385548582
46.01924570775205,72.42346655384763,10.447293230656504,1,-27.09033347114054,-30.535935914378584
52.044006829345776,94.186613961773,31.741399717332747,1,-4.826185498801799,-4.8652791237229165
49.3958114454351,88.28189956836566,48.99157378375476,0,1.766808481029813,1.8168497437194415
67.01956149706433,52.00403038768316,23.75574240971165,0,7.000609177949015,6.175915857990887
14.825474220874977,77.69060935950874,41.05741456975767,1,-0.6691414991876309,-0.6832724751316618
3.9673853973951174,56.65233062893091,25.88142516060493,1,-0.31892977595184746,-0.33554115676882246
31.4850642175279,55.71768511450847,25.29616152409718,1,-2.6603383805544745,-2.741500924342246
70.76339551092802,12.359453875480998,46.59075116576011,1,-0.3903595570016397,-0.4029104393792639
20.983491760171887,13.487628143599055,44.60832756858739,1,-0.13841758870594562,-0.1422268069742806
67.66981089916682,53.42382788722329,39.50422279421075,0,2.1889045661610247,2.3165566315119737
97.02129256461977,27.617292952921655,15.51653191252242,1,-10.92455644591521,-11.12906925713113
10.29617086315242,3.0826533435863945,27.705412370473088,1,-0.04408871210505838,-0.04134958861101534
67.5876097042875,72.56108118612102,11.970964431978565,1,-34.520921765768925,-34.22256459417138
44.93127171115254,4.216173072326331,22.75191820428045,0,0.35268061074347123,0.3659578821253245
86.94608318337303,59.9324072693014,24.72644022222974,0,8.675257254381629,8.522922716018163
18.537829155291206,54.38018561860412,41.75036196829721,0,0.5879962966583364,0.5783344605085315
69.56996927039029,96.91265436720263,44.90538990092466,0,3.4239673329078792,3.3435310223064456
83.97341367516292,48.93710079541653,21.316383057427416,1,-8.913929719117364,-9.043842973658007
94.5168077279283,7.296542201401938,1.867517808588623,0,191.74124943585284,197.74096074016904
68.64155480067494,55.6171088128397,43.226918149678376,0,2.0164248833435865,2.0430875320899053
50.2203016368343,84.26852089099404,9.539655246566674,0,48.64287510459153,46.5028240666688
62.16687677992017,99.68807914386255,31.472216230629282,0,6.590797735367581,6.256733028254104
87.0215934633931,43.60397419521818,2.2235741212724287,0,723.4447209415468,767.4496344322481
57.490364917244136,32.709575507177505,20.57581728776765,1,-4.781768309375966,-4.441767109147017
4.0083189099868495,90.7586763982479,49.31205480365214,0,0.1441670593967214,0.14960435008460854
93.1639208551908,19.932970778536017,5.933986454086352,0,55.494495149969154,52.73836804284947
69.26314835212455,61.927462588259736,21.760964447982474,0,9.60815281237379,9.057935738610675
67.9748251919474,41.165727993913826,16.050347559307657,1,-11.364347579618988,-10.86213052258391
22.351840087374,5.067154130599973,45.34931804602495,1,-0.05422642057377535,-0.055072637404237956
66.22966155303307,35.38155895626408,43.5976652874604,1,-1.1197524897641116,-1.2328295472598285
39.99257615976169,27.257623727764784,12.647239255005212,1,-6.673636948559577,-6.815157607233877
65.47206472710772,68.9230242404052,4.978201565471127,1,-169.14376082767868,-182.08551900029315
11.552710000491082,94.93025927149989,31.729781308994756,1,-1.0349207460749714,-1.0893172501223225
66.12668515570057,27.53667155048514,17.48206688230178,1,-6.229178937739558,-5.958029404937462
99.941958851296,81.3351279760165,33.93213513969709,1,-7.1270459594928,-7.05998268150792
5.772991847195047,6.480621876902543,2.573868047322909,0,5.657168294496588,5.64735475109143
97.74024423791042,54.2739799939415,7.536562523696982,0,93.88016380782062,93.39389268453353
41.28388811156419,7.984456307279563,34.63223940585952,1,-0.26223866007500035,-0.27483041332579616
87.20459158338866,93.46926612193329,11.406162109822391,0,63.931387163130374,62.65115847279374
78.45616292176908,76.86877677518163,43.02179611235768,1,-3.7367276699281615,-3.25836670082176
57.13460983768011,66.13704120925465,3.870953497796636,0,235.62502936022867,252.17853628227604
74.10647171588133,82.56574178084176,11.558617156493156,0,40.7889053279753,45.79776296038213
87.97304056883344,65.10445976144615,49.92945217576836,1,-2.277308877377724,-2.2974535521309183
41.009891843452266,96.92549532025483,22.22072902675284,0,8.147062017255298,8.050262580970504
33.37628299476063,71.68183683861238,35.445317513687534,1,-1.8773067352146473,-1.9042736261623125
67.0917451707949,92.54120234864243,9.95048939399367,1,-65.7134729048165,-62.70690186581946
80.9767482521846,52.19605730905317,30.88356801429135,0,4.5807926668713765,4.43142184337783
76.46622834288496,12.589376885204402,36.57919735010151,1,-0.6936921448098489,-0.7194581908022878
79.98355123700482,53.28959442087869,16.409355157459018,0,14.835837351443153,15.829240152011325
44.12274816648036,13.560409978246238,41.61595848681801,0,0.32015024538028736,0.34547416128300723
81.96558740132714,59.6568544384641,30.56746134514188,1,-5.233304706658414,-5.233270249177731
12.900696481690236,48.766812992238634,20.06702747113648,1,-1.4223578824227026,-1.5623252135891113
54.904420698124106,62.634964385445386,28.32447727381477,1,-3.9221801753681307,-4.286475452355856
1.5701073893140354,1.9946511244283278,29.26128152436029,1,-0.0035546743679053107,-0.0036577129388562545
33.13399716012676,20.289208673881046,9.111229341999435,1,-8.393715000859936,-8.098134441446732
37.27969195226839,49.64171275930096,20.73388612348134,0,4.495732413064012,4.304846344042015
40.22109646931629,95.09985259732434,17.82809881295516,1,-12.306611249371851,-12.03437899588942
69.85125346229636,38.97729499516068,20.64423340637718,0,6.143190247767639,6.3883452441468584
39.467252025764225,43.012830579309835,38.29441883577764,1,-1.2817088205671106,-1.1576144692709769
45.420668639630534,71.7549128116556,24.64438196586696,0,5.393700553464534,5.366230231069706
24.51686895655842,60.77548297132569,47.07549150872395,0,0.6511878630389211,0.6723628327965232
37.95192737130467,30.59368885973499,15.390144254563374,0,4.925714407590203,4.902078940952466
23.499693099051996,41.67082316117535,21.36947533596152,0,1.8978661564378867,2.14440371582948
8.24639645307592,22.552280086866013,39.56088371347303,0,0.11983808722788435,0.11882906995009243
60.741410744756415,96.63612445389064,27.755205072716763,1,-8.545873962071854,-7.619658330585853
67.15306705694661,13.932803774178614,27.80437917479794,0,1.2760924388836072,1.2102580181445817
62.329544254951834,37.81184167207552,3.6136679872539923,1,-175.76891676335111,-180.47842208519077
46.885910336256664,3.5580582497811077,20.531383473204336,0,0.39023417203236893,0.3957482264861413
38.59879223774375,22.956169701421093,14.265952888664891,1,-4.231331680843603,-4.3538310405413245
86.4700313076107,78.26664269963534,49.96742101872465,0,2.578059509111113,2.7106188350329523
52.38909672848559,20.916347996599065,16.1093984609832,0,4.237765288581007,4.222485061904431
48.43900588534336,8.926276850367595,44.34033020489931,1,-0.21118212401221326,-0.21992151973127108
3.538564514837133,47.97086480460781,34.1354530169834,1,-0.1682162431807749,-0.1456777832531851
34.783534934989476,1.9869542387173311,17.70490405041243,0,0.21555239227512563,0.22048265293916153
38.63936625979985,9.391849288206984,27.63318454033206,0,0.4747087591800481,0.47524683674095125
40.48345530879315,80.95496108673454,42.1862581175105,1,-1.8596050223397627,-1.8415309833936993
58.4370645535059,77.37586114110103,44.28504660351468,0,2.4735502756303207,2.3055772356049085
53.82665212596097,91.5987432200847,8.859299875301115,0,59.288481476618806,62.818574822046315
61.18260418655102,85.5970281551642,17.63908391920031,1,-17.35472245438095,-16.831956195573664
76.7234428926707,68.63438076074199,17.42593583046501,0,15.679970094307196,17.341137505714947
81.48558813289326,6.180952872765621,3.0601950077212896,0,57.84345617695042,53.78213420835728
72.09418454642295,78.50201318067909,30.31365023274293,1,-6.234763988493427,-6.158919925159244
95.59684589953854,84.70557027321549,42.88618259661721,0,4.3062073171014355,4.402716826514062
2.8050256849598014,80.10913243142349,19.69714500345037,1,-0.5806981747506311,-0.5791783331276916
20.382020582671064,51.33942449549458,37.26176130422468,1,-0.7296780163048201,-0.7536530705906346
1.74872462283607,24.057282026298683,31.757320266436256,0,0.04243834440504747,0.0417138511397638
65.0999967013057,84.68766759318395,19.40678803915704,0,16.57644717207942,14.6384068514062
89.9050243460487,72.9891181642737,7.911930175122556,1,-102.44871399365702,-104.82797294507652
25.10474736105363,98.0953562644963,35.7568687860224,1,-1.970935010303772,-1.926128877491595
92.77641993483437,16.413567177837358,42.87369327812078,0,0.8051832793074196,0.8284356767447124
6.966471638666524,23.34079372215345,34.606870127673105,1,-0.13843625358222122,-0.13577000925204846
93.50916665374592,21.968016838268767,1.8760457177060852,0,539.8297468996909,583.6576796303203
35.81064603672381,79.46143699451234,11.595411825158571,1,-21.121740905526856,-21.163925060524313
11.040662016472435,19.503822348561698,4.404519259293064,1,-10.665048540396691,-11.099868175321063
49.10130415944624,7.599323152507303,28.948918879235112,1,-0.4589042817137814,-0.4452492961409817
26.420880204330285,99.85751985197723,38.06740626318021,0,1.7471321318291069,1.820629113641318
29.20241729423036,3.4569039330697655,6.4183801663643125,1,-2.2647615960000644,-2.450503002641777
31.42170652770237,83.6891619557277,42.07855320907588,1,-1.5911029727532129,-1.485174175456352
80.49956388543367,37.17131731351463,28.219939941378676,1,-4.145898971499319,-3.75741625272623
54.37696639085019,84.31993051602372,34.80848159494452,1,-4.002349569773353,-3.784208502867224
31.81946221644436,55.90742862990335,48.59869058182366,0,0.6951919556238317,0.753205039934752
61.42304454778092,90.26149171914965,5.1003684241371685,1,-209.00752324093975,-213.12321017265566
71.89891674809616,92.69310565504804,45.159977125911674,0,3.208915367090426,3.2678518098206557
27.989776072619843,1.9007199467968237,7.179032103383056,1,-1.0435906976831877,-1.0322520772545984
41.9413610510098,8.465805423286039,20.25498152519743,1,-0.8155692654842966,-0.8654601975103475
13.066723240357808,25.785514227514692,42.7204961202246,0,0.17823466302739943,0.18461624534458398
18.93378560393335,67.26222621998666,45.40645760015554,0,0.6416325020790524,0.617694094463239
68.4306675425333,88.93894745463909,25.812212003712123,1,-8.44438760409576,-9.134658485715612
18.96239642186707,46.53425317810231,30.111127275495832,1,-0.9953950911945771,-0.9732220516360539
52.99117498303896,61.090338511152275,35.6992193953293,1,-2.44653850260257,-2.540145777319019
71.19557991052083,19.661485426760553,41.80517475418299,0,0.7912728397912424,0.8009571288372742
11.58081538637964,80.69171655428684,6.954047307345642,1,-18.430957394167926,-19.323812335220307
57.16390974326145,96.76548302399351,40.69339610323215,0,3.0779018607614255,3.3403695958833888
26.39971558643501,27.59129435854515,24.582531375069223,1,-1.3045357663124535,-1.2053637276301834
96.3297606485204,49.98776920845408,23.08054783030028,0,8.862403781080431,9.039241958357577
48.871019025272545,9.525494940131006,21.771087847852915,0,0.9384989920053011,0.9821519539101647
80.79326242774066,56.354528989833874,25.951367677056087,0,6.5859099320907,6.760572399273955
55.472427673469916,50.775560742821376,47.307477116335576,1,-1.2723696817508858,-1.2585553638584674
5.297840752627097,15.299211931352682,27.86198486681543,1,-0.10065157740842855,-0.10441042329011005
63.68198618380821,44.76455509868943,47.705699374893825,0,1.2270623727629786,1.2525940331766297
95.18893087845905,34.07636055656976,9.834216400166389,0,32.15816794240365,33.53977405286336
60.55957019448679,52.66125665521375,36.482662962799026,0,2.3539652663797206,2.396077938740937
82.09969708325222,58.97977920745112,40.799737391828614,1,-3.02077647327837,-2.9089078366796386
88.53643987149238,1.8410622821137412,34.27731273540823,1,-0.14521094104533783,-0.13873211319355924
23.579897422944313,76.33959231200598,30.73919173110048,1,-2.058696166633671,-1.9050521122441633
21.99243915091444,71.58841489431234,28.67582627322293,0,1.9212786105153414,1.9146273753501097
61.48711789624818,37.2623522344457,43.185593646356104,1,-1.2634369802919343,-1.2285041152460157
41.69181851086377,6.240657621313008,41.2606832610605,1,-0.14544609771492373,-0.15282991247196132
84.14626898380531,75.73832143871999,6.992147337849377,1,-139.78931429660457,-130.35551140715177
90.10228921640311,95.56234088733511,42.58079519451303,0,4.620206726780222,4.748922362629244
35.988716550969094,24.775008006179405,21.289362352581684,1,-1.7889085562171156,-1.9672287131554524
24.450185338473723,33.028936759966754,13.431144669794728,1,-4.686938748880209,-4.476624786200694
78.27202600914232,19.19747605869968,43.61865983268237,1,-0.7991203557605375,-0.7897798954055173
28.205797519265474,58.11667621113913,22.16921518205334,1,-3.5380896406568048,-3.335327732915981
82.43881753285416,16.32929807009804,40.609869818664016,1,-0.8713085412243077,-0.8162742110187445
42.95008711122752,36.26320040267657,13.90677698583638,0,8.676414323968158,8.053361582592101
67.08744002985557,70.00428837949204,1.1925367496886723,0,3330.585650980881,3302.3440881136685
10.45799606963215,56.45148231792549,25.277500452244276,0,0.9301408365107822,0.9239651074042868
62.762073142980725,39.259793868465586,5.911184575501329,0,64.53640408639765,70.5173941108105
45.72500019498568,42.604710578946644,37.964421820720574,1,-1.3273855125908114,-1.3516297899434537
59.07423785437194,56.64897737969972,14.527681667401108,1,-14.938531222551438,-15.856143654796021
17.633406566741478,1.580608060828969,22.73863668357046,0,0.05700345852936795,0.05390531251947167
73.95050074947403,8.772476976907376,5.264644689486158,0,24.18804029832793,23.405893479286465
86.41691067677962,88.24454870853815,15.04630317391538,0,31.781965375475608,33.68425964873697
22.45724020898679,8.710019920037785,39.293021919670025,1,-0.12470719033355193,-0.1266906812860924
10.475740996496011,70.97355602484001,8.427807683213654,1,-10.118315076714598,-10.467719688438933
3.340220018587303,92.0837782467962,32.71081849522091,1,-0.31325006701691704,-0.28745865045275415
64.55517854388333,27.79767682587138,45.95386678742056,0,0.8021175621927524,0.8497583997597964
61.102309572789295,37.67865226889191,34.312001228128295,0,2.042354012078176,1.9555138163883854
55.12304385869293,57.323219178626914,40.74006277531912,0,1.9871864620428523,1.903795846494499
23.962762515481565,88.28918799421989,6.339609835891874,1,-56.71632299419844,-52.64041993453234
39.69969359464595,94.24865313878159,13.285859474100668,1,-20.35479950590673,-21.197419682336335
59.85315718343113,74.21676156301554,44.83240375978896,0,2.220596168218069,2.2100648336681465
50.17991902705777,9.57535632461471,36.04017506728637,0,0.38436846590253315,0.36992281437549607
98.79076650127384,67.24626139795024,32.338137492488244,1,-6.554188023679617,-6.352643631462624
14.50753550311658,41.620068465393544,33.5245700699633,1,-0.5199110656093466,-0.5372420508505635
69.81931085071179,47.5993989496151,21.295827160927526,0,7.637223515883078,7.328042845210473
41.02755804232492,5.865690644172527,3.183274949265008,0,23.331871395442246,23.749065210078058
43.39176187763586,19.91515179528946,39.437635561465726,1,-0.5551156916923138,-0.5556088652940848
72.04217880015945,79.26084714583112,34.25694857455234,0,4.7079555133562945,4.865732140170109
69.5511789811126,45.94192447173812,24.16741874152351,0,5.922620785024761,5.470829066622901
99.13434337651664,30.864561921483737,45.088221153044614,1,-1.5141255878802111,-1.5050746753783186
13.711034655958398,39.01788832253086,17.471823584269845,0,1.6717056610041774,1.752497947893209
11.306855289032468,85.58555181924234,15.42176546733056,1,-4.214502908277261,-4.068872682941916
72.70954289574537,75.15090272309074,43.7670199288927,0,2.8706203787070086,2.8525394715276504
58.2603047836345,27.959224320927195,40.05239508319029,1,-0.9771617661311273,-1.015408718103254
28.14190598942078,12.632682181024958,26.234010721768893,0,0.48205706679168897,0.5165587168445627
8.862517529909674,25.947823942763097,7.4060022334346485,0,4.5799981793766396,4.192667021328421
9.480166710046623,92.15488865441864,11.53850210178757,0,6.66326501341911,6.561988821958721
89.5248965917477,58.57729494712578,33.155171530031524,1,-4.659310277038121,-4.770573399881303
19.994865147155547,53.8145406657335,19.867020654180173,0,2.7129203416872074,2.726168093356172
33.01378464943655,60.04296636955369,41.98718639163259,0,1.1254906978018748,1.1244079510009912
23.438983820471815,37.23679830890501,47.547795457278,1,-0.3889183098284024,-0.3860560298522878
36.144634277361796,80.90359501163177,40.476209338470994,0,1.8757249896848942,1.7848921860772347
7.872960431863243,52.80533868072473,19.4997257267823,1,-1.0937826457929034,-1.093349210051455
52.386919299918766,12.558042374110759,39.64563503233978,1,-0.4025037664089102,-0.4185564575184638
7.693643795629275,13.777447358077232,18.22064200006349,1,-0.32620727167190294,-0.3192813015748512
80.23529427441379,54.149055503759215,9.187904300516061,0,51.969800037933865,51.46635479580584
24.13749610913287,93.72045158901308,2.6362670384270124,1,-338.58130662017413,-325.49759950789934
54.46117954584655,31.526860045943675,19.90011892528998,0,4.599395356305866,4.335671987323223
88.12782966858437,87.0845757170626,45.274405881166814,1,-3.900193825920339,-3.744111686540473
65.43685953567223,76.64546307130905,12.710342800028148,0,30.540741177997205,31.04519366724554
53.762820868582196,25.533431847783778,11.119145081559417,1,-11.278060733099693,-11.103207197179978
33.109041558422184,4.597734083308003,48.52121847681097,1,-0.06580301592915198,-0.06465871385445275
33.9671893927616,11.08287924909589,2.2252015296790137,0,78.7744860926252,76.0279909997953
67.27920856462082,73.12089945089659,39.50332536929396,1,-3.2024131214627576,-3.1524999422111093
99.41979676089558,20.76730406602402,16.74712783130265,0,7.8746776659313635,7.361601799323731
66.52207979508849,37.755821130033986,2.8369098866133076,1,-324.8460397615819,-312.07476860589384
56.22055831963247,50.668217434636055,45.9723244702696,0,1.3592531604721048,1.3478384868325495
73.33440051368537,72.82134867656612,7.842474180269597,1,-90.19609519464645,-86.82809424494917
47.0553556160881,12.209891102653412,28.037184902559076,1,-0.715505791460547,-0.7308900319850091
6.9540919174777365,41.230274122468686,14.42865616404784,0,1.376126627644512,1.3772249457380181
56.66738477191307,49.022218005126845,4.1944473070498605,1,-159.1222038177842,-157.8980044466191
95.80490316603264,54.54187933318243,3.4462017975055756,0,466.129006438335,439.9835355543331
18.354991293408304,82.01770349812645,6.662278242980601,0,32.80724543362651,33.91690808858081
69.3104841912459,17.996141309278475,4.496983680579622,1,-59.86999331985704,-61.67876999512582
20.89243517724659,80.97531373083561,38.267347660476226,1,-1.1996919124446452,-1.1552739448570097
54.04694076283504,69.59496434196856,24.792743911888028,1,-6.084794236639255,-6.119271805048637
10.570968515025243,56.03121060569698,17.801712476100004,0,1.7573217149991818,1.8690512958226635
45.58672268956033,70.25325916985462,21.50007659646835,0,6.698765570405403,6.928270469417386
75.86016956062936,41.78975615621398,46.518390043058545,1,-1.471005698399024,-1.4649887664487173
35.409580899659225,14.701361010844332,45.62683882416921,0,0.2727443766315685,0.25005616596403646
66.82626072423459,66.91075878627136,36.06814752600627,1,-3.419802124953173,-3.4371259046756157
79.74954611818319,52.94255836187661,44.3494364936627,1,-1.9690307774503186,-2.146628702443483
92.79060412846582,64.29810525373478,16.662753351793615,1,-21.251903697351924,-21.488625937373776
24.2295661036899,34.46187932182051,19.67435697440586,0,2.1154154282410254,2.1571656704282756
40.5322756651215,90.77979115664375,31.071896910857173,0,4.104472605963845,3.8111376276790137
16.089185319711326,59.14961698898212,31.557671417565945,1,-0.9347191901630327,-0.9555998897363426
99.25586671367914,9.454845944796508,24.603292062604705,0,1.5005086364951423,1.5503301704034507
92.77309582450523,45.53059507973844,20.63223457345971,1,-9.689299534972742,-9.922768108477593
54.4557558977754,75.8792494196198,49.32283526882606,1,-1.7233692387891464,-1.6985203321985156
84.3612961432657,79.61932161149497,41.235057679768495,0,3.557423009913905,3.9502856744724717
52.574839749932174,49.96510822361212,22.314029696514215,1,-5.028904886425299,-5.275805503672461
62.73498311227321,89.5800095122988,36.63733138473886,1,-3.9575045711467247,-4.186713320963349
9.823318779485644,27.49917528223546,14.208522969370515,1,-1.2151086190802656,-1.338073715089842
75.77177162918399,41.649271026588394,5.908296985629164,1,-88.49634870906539,-90.40453389555853
13.643634879888248,89.96109414632804,18.269120252084292,1,-3.723207162335837,-3.677473472631557
82.78069539500031,89.72941493068632,20.745667206046317,0,17.97928353900449,17.258740256789856
78.4207806793682,68.88556411364341,1.8103191034728692,0,1718.3888018404361,1648.3487835691506
71.16572507655466,86.03907416509979,40.924808080158904,1,-3.3564226332548084,-3.6558915499481865
4.579877671951449,9.788553428667035,18.600476717069895,0,0.12928676969847128,0.12957590292618545
31.00970723858753,86.63450264456985,29.440490123227207,1,-3.125209823909592,-3.0995488184703213
27.048144421173443,32.74137074847245,4.624196176276842,1,-42.89712530078257,-41.41539747308519
36.65350433968039,18.654819730393417,9.574844608778616,1,-7.257926506349839,-7.458355676624713
9.676631929620015,24.697613797862587,44.59499254105044,1,-0.12947599914060076,-0.12017303403317273
93.75882448007522,42.37888229337482,30.825688866257238,0,4.343800171881938,4.181538221249252
55.82642183052525,25.868008455842254,47.56391845835379,0,0.6570950886446036,0.6383333505004812
31.24690675514433,32.73619101563341,49.93875168517453,1,-0.3981673476749247,-0.41016614721454386
40.30117019035406,14.362870121092566,19.221145651321624,0,1.5775805703207446,1.5667523347204175
45.27305150997873,30.321499790340855,15.641350140080457,1,-5.180943258097011,-5.611021991030421
60.45883900270111,57.656097639658114,43.05944670279574,0,1.9620139553364473,1.8800446239947317
52.05226334195328,44.74351710101533,49.931959924835255,1,-0.9624959553323812,-0.9341411655750936
92.01980534822732,35.325157362355206,31.85242047739041,1,-3.2982955580632365,-3.203911676227491
50.1993848076772,74.89876075685429,39.961895403064595,1,-2.457958712784655,-2.354403363529062
99.22364346750796,89.45748716793847,39.30554708194845,0,5.903820234002494,5.745451647379087
85.29107081676447,75.9221330673373,18.411645702757802,0,18.147097803497036,19.102347883778677
21.642540921376245,33.86806950965024,29.139248632597273,1,-0.8164982473452488,-0.863260742668815
93.1289262497477,74.69977461591782,41.81979012194647,0,4.240899267181147,3.9777747745163783
12.520273390662133,16.046038064931068,34.717579936791715,0,0.1593540033023874,0.16667971224055894
81.92752114062797,13.9014808210378,2.0370268851198747,0,271.92517459240423,274.47156442068757
38.681706054181426,35.217076666579736,17.498577775979143,0,4.4526051978925,4.44890793709722
87.91945772406189,80.96253453536164,8.079309133135663,0,113.86860066488416,109.04873825068084
86.93761232063758,25.388476476987886,12.415638391823915,0,15.470979593554988,14.318787317727422
80.7866146116445,7.262087480969279,45.36898439707496,0,0.26100451602427854,0.2850248793176912
79.21301319439908,14.039243985429154,2.8077711566276395,0,138.8200136821968,141.06420924798977
31.163234770706037,86.01575188442844,11.770234886134263,0,19.091278929042666,19.34863188492473
9.011009022073965,63.74454518998147,16.16889825967334,0,2.043256562419985,2.197129193877774
40.895037697750986,26.06691517362769,31.227319526353348,0,1.0666623078028317,1.0931778850487708
18.178926983664358,55.97428670748995,27.17098281420741,0,1.4077873519404225,1.3783074948375624
69.80015780134372,53.23038262010969,11.69520465981592,0,26.78590650641554,27.164413960353077
35.26387292724077,65.88816186562546,9.047812293934568,1,-30.57448157695064,-28.382473135801153
97.58540988513157,24.085567887740016,12.603103695209821,1,-12.670991773855732,-14.797445941635281
64.45623565718788,86.57589573224537,25.623951708381124,0,8.61214973138582,8.49903695572747
82.42557579980173,31.62748764592127,14.287711499848967,0,12.841625475567024,12.770307058661409
14.119942601442995,69.71903374364746,47.43252257877839,0,0.41353407552474347,0.4375541895220798
86.33943374498963,2.596339990849274,23.729395850013532,1,-0.3929153652990263,-0.39810478381152165
92.35296186082604,37.89305585952057,3.881004810687216,1,-234.24665276484942,-232.3389895322758
49.21912996307466,35.81927197792202,36.73405388599504,0,1.1831418944613414,1.3065106964188464
61.019040837346765,54.80495842971843,17.11341912224049,0,10.807529105598228,11.41856835030262
76.71617028939654,8.200889915942454,33.02095767085413,0,0.5999236069121743,0.5769903739039893
18.309024098780842,79.22300599888472,14.700124155638367,0,7.364794887190889,6.712348672569301
50.7540415698808,22.560299374989285,28.966443344932674,0,1.3897149747912947,1.364662138450736
40.467639749458996,68.026743673319,38.835472735565766,1,-1.724611663802872,-1.825283657859204
15.491025224062662,80.51800020116522,46.472428346953144,0,0.5730427019781903,0.5775404515406403
37.38590780686161,56.6258186679098,13.795230077220776,1,-11.172228253251088,-11.124090885391452
7.749058629163863,74.34743746547656,17.40799059895008,0,2.004861648777998,1.9011556041590605
3.5553787879992114,66.52417090928554,23.749054594011042,0,0.4542101502087898,0.41934618460548656
14.381462626327453,36.197449918048754,46.43156704906345,1,-0.2257566181436335,-0.24146508962880436
96.34839604732821,81.07699536432297,45.1679559837222,1,-4.033117074617317,-3.8289637942582013
55.40342405360668,30.17543561866727,5.404035724931264,0,57.05547144918548,57.247131669702185
96.61639395416877,57.5500788574002,7.464561461936731,1,-98.40554617023665,-99.79025917987173
43.81728995468307,74.79437617501242,25.279949689201274,0,5.061582090806002,5.128165671713998
31.8697971754407,38.51663507143825,6.2243443674657515,1,-31.06958534166391,-31.68402984063874
51.10804442118417,30.97399315412508,17.933462794086175,1,-4.720235812685957,-4.922187457188801
44.511657174658104,46.47525500710945,8.270883532656406,0,31.756975720694072,30.240692646123534
11.460803741912647,81.97838594056621,32.165977401462406,0,0.9846180461908137,0.908073357701949
64.44180515433041,93.0622545514208,47.525276155218926,1,-2.6989038476005094,-2.655167777311151
22.38778006845036,54.96325787312912,49.839954744424695,0,0.46158336992377147,0.49536831011407145
62.33920753488513,66.48515432704153,19.386815492348827,1,-10.829877101398568,-11.027396853134512
65.36990814741718,90.4240886016525,30.351619218616,1,-5.812127478661883,-6.416501272609541
16.050460459736165,10.756138289881298,42.957115022679986,0,0.0913252259882687,0.09355643401673712
7.073613083956148,23.97577920875034,6.755641567022815,1,-3.5884261996788305,-3.7160438747802798
78.29539702077554,71.18110061890667,34.788656141546284,0,4.765151467840897,4.604957478337461
46.520241953162696,82.55070172931767,21.033339424528343,0,8.763621552858673,8.68053062511321
6.758215755042103,85.84587380472722,11.10116185372804,1,-4.70613319105564,-4.707763188396616
99.49176539980695,42.09561050863832,20.734927318624656,0,9.291572666078636,9.741344779707827
6.720275538640297,9.844650326894817,4.722054061280926,1,-3.305544841090783,-2.9670541006743525
69.80848765699676,44.34036625266237,35.07495028087598,1,-2.6558875788262397,-2.5160158772702004
98.38421360107795,23.842724430498325,13.384390768674201,0,12.838815105333218,13.094354142929383
24.678830317376637,29.828449044665792,16.25887660719902,0,2.937470965055714,2.7846728091644066
15.08268750003242,77.45448812691308,6.9329836138316745,1,-24.429727191372276,-24.304403887396653
13.01710900282046,8.477181516562801,43.36829658060469,0,0.057148123274867076,0.05867070347745814
31.02423960919196,82.93054053058951,25.178769684854192,1,-4.23911855114869,-4.058323206367911
11.003535290054023,43.33923949659274,29.035197011533615,1,-0.5470942724836129,-0.565671075452432
69.52397282771906,60.01032917895891,28.902201471647878,1,-4.65535633890666,-4.994577334700796
7.166888014876206,9.875570892332222,21.114162612525746,1,-0.15031983701324125,-0.15876146782003825
51.43279068682918,34.39854875737068,10.433965856468834,1,-15.758520124215146,-16.251048533687907
99.6729885314447,9.880390982469732,37.511504676421595,0,0.6482410005482226,0.6998784809161744
81.58305668109587,96.19282856522985,7.225757002526042,1,-152.94881285091017,-150.30587756650178
61.906724384870074,80.91890328329879,6.089815723661714,1,-121.92466711656276,-135.07641037376638
31.319108457874556,46.50364268128956,35.797106842228665,1,-1.0728219061788653,-1.1365813038252868
62.76568779287221,23.13665228404344,11.233014002147208,1,-12.393545660504268,-11.508804465330293
53.17710492725351,93.41205541973537,16.031864816288785,1,-19.380500661398212,-19.326781367000738
43.18225500514678,35.11506297697021,24.286145883085272,1,-2.524204508004612,-2.570878607654672
13.940327297279747,16.9374587370501,23.018214519747765,0,0.4286514545046113,0.445633626496791
88.7738173088062,56.75327445694153,35.720377128184964,0,3.492698730610875,3.9486055176235486
45.52868023331093,94.4336379141368,31.548157878724687,1,-4.298456288198424,-4.319801300105608
20.267628670255743,1.3791987595319348,32.57541195181142,1,-0.027379633201024395,-0.026342073889557078
37.408175736851675,24.574359482145876,35.98866220211741,1,-0.7375868439148501,-0.7097694961060007
41.99884550036378,93.90631640063036,15.338023643749802,0,16.46730219313185,16.764606017959206
82.92625166112056,17.93751071885904,16.79433227822321,1,-5.309110981054629,-5.273861567613946
73.6278236755788,12.211101712342167,22.461889646882153,1,-1.7827950491302285,-1.7819857786347895
77.16118447049264,57.448534364180645,16.065646478642776,1,-17.93349374155694,-17.174394192254077
2.0920951784360744,86.32253850618815,49.26195557957231,1,-0.07523813144532387,-0.07441874559712879
42.19924581979639,48.23387195169869,40.888544394650054,1,-1.3244360152497414,-1.2174566746275752
48.65307101189704,99.46186141176796,9.068079724545449,1,-57.93339549165621,-58.84860626621916
2.900035405482612,68.23799825426129,1.274113638211606,0,104.49329765262746,121.90267887754521
26.721507665758388,8.333415813834325,3.096380144116125,1,-23.562241312959106,-23.226055676659513
76.26869248909136,99.29038103651556,12.959109101103337,1,-43.01996820407986,-45.092382904170506
14.573860867170906,41.381529441238854,6.6002730060059704,1,-14.577133552126183,-13.843865074973085
53.995703013806576,29.45285085070277,27.13356762973603,1,-2.0827165877284397,-2.160094432435903
22.30498532970651,56.230039174210674,43.041765913640575,1,-0.6378806462811067,-0.6770023334273128
2.199956689745434,31.126451590265567,37.10076082474814,1,-0.057976402452912426,-0.049748284977257584
24.878944302354608,9.55929320489508,11.56484409102733,1,-1.7916476093566192,-1.7781900092114382
97.61150173609532,1.141405964838495,20.565663545263508,1,-0.3013016222719323,-0.26342420572152936
80.35217407641596,45.50875193910597,25.886816267032604,1,-5.489017084598882,-5.456765297416229
95.99808778778231,83.84947880043264,40.70008662566344,0,4.857541658035148,4.8592840055762565
49.29755034870988,57.65920337737758,42.11695855220208,0,1.4035277842730038,1.6024333477922328
11.863883669072846,99.92152259540065,45.57619728348102,0,0.625627967260259,0.5707024671546175
55.247989408395604,29.397817919072796,25.95301727464088,1,-2.3768417650334994,-2.411325627372652
45.983356121436124,28.765051411245476,35.01946257535729,0,1.0327799432843956,1.0785663484279187
84.59135119122197,16.815196563160477,6.478218190462921,0,36.37687116463856,33.89352728425333
10.710175497640215,17.242295238268184,28.699159037745122,0,0.20407949978819312,0.22420914503926376
49.33587256515604,29.233473004994732,13.18589866408562,0,7.785333417923384,8.29514075465217
15.854817804704442,79.49116448207918,22.154127366303943,1,-2.863090539704937,-2.567856902753425
33.14291676211594,90.66992227300834,32.06847490702925,0,3.185258447257981,2.922115355977157
73.99835066139217,97.53362980106044,13.592310954835273,0,39.71433803438396,39.065179501473104
48.12579480750789,23.99667575554881,3.5570678320412927,1,-88.26420448115702,-91.2734999425497
38.21294022943116,88.24845701579508,1.5014589640291183,0,1518.3717098200204,1495.858940477436
40.05315157843349,33.497253838456366,2.0858172416815557,1,-299.53803265065767,-308.385104190751
46.48523007219268,12.171213907171557,1.4091371381747133,0,286.04508716564493,284.932742308965
78.71663783986862,87.13246762649639,6.407397771335898,0,169.32717814406368,167.0641164072988
89.31638420508321,63.97445782971824,12.734947013936363,0,35.42205706214482,35.232500157958725
95.5781339638889,17.30835871202511,11.83985419493266,1,-12.160181236388633,-11.801079230559031
78.90343523927422,43.553294493787256,49.35303311481494,0,1.407588145485218,1.4108772364800983
32.225282679053265,29.438511792829697,15.994299155238219,0,3.7590916915681967,3.7083623014992773
69.12533590256767,73.9426623023095,7.243618384610556,1,-96.87551197301505,-97.41396336713105
44.3227092814838,45.888206831802535,27.73256466422014,0,2.4491227106803906,2.64452281326868
26.212391582559068,98.93871456553211,43.03991531447791,0,1.3058571237990577,1.4000066369308202
84.24628636316633,6.419753243699917,34.224958462596085,0,0.48672358211707295,0.46172484258603863
4.804208547270175,36.14651134748842,15.508022367637064,0,0.7109800566113699,0.7220635166291082
90.27443722140693,48.70811654388776,28.519191829781292,0,5.564251844678313,5.406194885645658
46.68626899784868,50.810221920083656,36.02794273582005,1,-1.9273099707717427,-1.8275166071698186
64.08294620401976,32.277646416178044,36.677120126019375,1,-1.650895384693278,-1.5376371903557327
66.27603829837248,73.19478466065924,33.66038430958675,1,-4.4621195457600695,-4.281525524320815
89.6166563299471,87.59996027540849,43.669710814005285,0,4.0707270388260515,4.11653690520809
64.03029853455352,93.93321089580844,43.63516745886111,0,3.0538129331917903,3.1588674347388905
61.779424891246116,80.70424430315309,29.367891410943162,0,6.154894359422925,5.780889991738112
7.598552015508306,85.20743953335334,22.062962086449403,0,1.3420281497793796,1.3300890508916348
52.3223941725752,55.503984761379556,32.436944482689896,0,3.0153119262292445,2.7601449927344053
15.866731080887124,82.76293441625464,41.09238806715269,1,-0.7619543788938018,-0.7776793728760121
74.00594310342707,31.04688700564727,1.2769531372180514,1,-1579.0505429370448,-1409.077044166276
51.70997016045477,40.44939744881223,49.607853441727706,1,-0.8050562179615398,-0.8499345292439063
68.34255014162697,32.37438836803589,9.961794844130763,0,20.61270615562858,22.295517917972766
5.125617159636042,47.27134620934462,24.042200297338834,1,-0.4143436273030518,-0.4191753285882502
9.394409588534518,29.272382007625,43.72945700730047,1,-0.14937702917962262,-0.1438067878818277
71.91601541820555,96.19953278319024,12.02697955316577,1,-42.70423684390816,-47.828353930237036
8.136349263868663,31.971618172561147,24.362965971118776,1,-0.4067160095518787,-0.43826206777379906
8.0544160487606,10.706409272983043,7.49652682887778,0,1.4775525391851512,1.5344675233263751
2.1987390482538576,53.154899438990924,20.358739944021437,0,0.2801823805523358,0.281977983474174
95.69363843164854,6.65280876607246,9.679637284857124,1,-6.711596118733537,-6.794694577610514
74.01332758644169,11.943773464549471,18.817759689786694,1,-2.388636782859491,-2.4964084939621327
35.97188944170435,22.71954953042838,19.29974662284338,1,-2.1909187082638977,-2.1941168433563156
30.357022547477868,46.97067473833203,49.6653686903183,1,-0.6076905493202278,-0.5780676214824958
35.620619744839104,43.89184229859376,49.74583843588484,1,-0.6544558474538782,-0.6317885797755831
77.690699586937,80.16949433827632,6.6245276543700085,1,-141.95988921765473,-141.9280845788932
66.47569049597102,74.20799073452723,36.57247018708902,1,-3.4604779099553102,-3.6881191298747846
19.334361218879327,43.20551110507943,3.5355285037859563,1,-65.39869745363404,-66.82828088958922
18.236824198074352,34.03671654998736,2.479408751522243,1,-104.87657839424567,-100.97191893074567
10.741169321626334,32.33040962208836,6.161360818003251,0,9.444203173952221,9.147648849256898
66.36996925043248,77.6255136421069,48.30879719338876,1,-2.2503323253850307,-2.2076166173367895
76.67289355995186,6.155168215905705,47.102313846840175,0,0.22218473740641428,0.21271459834700063
27.239596404175398,2.2693433015499767,10.502463193753343,0,0.6312364901870702,0.5604263312929252
3.0735511420603685,79.75889480073816,8.921944442131863,1,-3.1348970645258065,-3.0796441871521463
9.134995080166307,48.23749122291588,12.786219239281404,1,-2.587281364067427,-2.6953100877370546
96.81814344965801,13.957232716804022,26.261802709681966,0,1.8863038760569233,1.9593273532775337
30.249032970264604,24.321027524855623,28.915526969735083,0,0.8749566720378593,0.8798956922954836
77.15309163597523,93.31789135664087,11.85807809153292,1,-51.12663696103155,-51.20231984441944
62.84169331657211,86.0907945868649,38.074516616407315,0,3.695808959218876,3.7319498444678048
38.81202432563669,71.26871997217329,16.168105300729888,1,-9.278375889706695,-10.581494134790814
21.363038957359954,48.74029780339533,46.18443495094111,1,-0.49564075757665504,-0.4881574725547654
13.017255397781236,52.51203899294719,33.1794126163798,0,0.6391471518008864,0.6209275377507404
61.8862838358478,97.5492089931119,22.381208520876974,1,-13.214825915732385,-12.051777080936002
77.688744283141,96.61127394454442,39.705688083439426,0,4.863638288764829,4.760805703623049
64.74652110057194,22.311635532797595,41.077816676286574,1,-0.8072304187139197,-0.8561170384834724
53.499911191666676,81.2993520642265,15.23359867483824,1,-19.23726156366963,-18.742828244947145
5.15317111973199,20.527023950534662,17.64601264796813,0,0.29707197167682764,0.3397092565411229
96.88038898184399,22.140210310511186,46.86180253270157,0,0.9748538516349027,0.9767414909505165
80.07270497380289,67.9332103822931,9.072310879800323,1,-66.0324617378341,-66.08924512284827
29.98938163339551,41.09510876016729,3.065370431183776,1,-126.408695170024,-131.15707339886177
98.01706260652621,93.2228963035455,23.24871080786791,0,18.6052019913645,16.905441781675666
60.58627737399589,9.811963754704873,40.259285111937814,1,-0.37374329810799195,-0.36677361553165794
58.659843162517404,51.64103844013981,38.81173720922654,0,1.9248897221836425,2.0109890230459126
75.05924476352368,91.933631513869,46.057000816728795,0,3.0632236386601406,3.2530242329460095
81.36520902092361,90.50725238747101,27.12683255408297,0,10.106575265558671,10.007462053382165
65.99138212581876,16.49639212815838,5.903168906760133,1,-30.49088012196902,-31.239622424625328
13.681478890253803,37.29713230954919,29.84575974246479,0,0.5572240051506145,0.572853022238687
34.48848309345534,62.29301860462293,39.14138510330737,1,-1.347703142056041,-1.4023005023304058
92.88028039227892,16.780093592368814,5.573077893221494,0,51.347295541745474,50.17965492268065
23.23694557254134,96.83419503252813,9.460212653781898,1,-25.088009723599868,-25.142357052451498
37.84453535991382,91.56018354403838,1.602242396627874,1,-1410.6518995847532,-1349.7501780832852
43.7756114114754,17.52806772441245,30.08897639289371,0,0.8271033371148168,0.8475228889519398
44.50109397975076,12.994390664837557,44.449985205349314,0,0.2571172293634257,0.29267347577636504
61.681018666958025,9.455439798018265,33.862502484102876,0,0.5146183603056331,0.5086220354790317
94.36450793672606,91.03492273962648,49.11996429195812,1,-3.555725709728525,-3.560415005714837
24.82857847141799,20.168757169750616,4.088648972488317,1,-29.672843343511524,-29.955139062937914
13.028636253790888,42.21220792589112,45.247053172423314,1,-0.2618573943339001,-0.2686311850742289
20.549578496133794,45.4362851995483,40.88934608194735,0,0.5692245546204675,0.558451426644067
88.80556512071769,60.30209337714319,16.397834504475743,0,19.805964391143643,19.915883318446916
64.9352704528654,8.101799030995071,48.702801040025335,0,0.2223359908531515,0.22179627132783547
29.304772134676853,23.449103122651078,15.108949660399338,0,2.798840753609248,3.0102047510877123
81.7787469578931,93.21754830497368,44.575931467582706,0,3.7245455540774652,3.836518301072533
86.27562963998017,90.93260061958838,44.15668027663528,1,-4.013447332333363,-4.0236011016935835
84.80491953033753,78.34777409316352,38.12522321354565,0,4.402939253812726,4.571123118444893
91.9737268303159,2.920723316203328,28.61005321682974,1,-0.31406922818643185,-0.3281835973072387
25.971860997162796,33.373670081114106,6.880134731227515,0,17.708033828633965,18.311045943340233
75.74915094588155,63.16791479894787,27.066614990328414,0,6.602040949317097,6.531402068791198
46.59341023013986,28.243830965574094,18.48301652709179,0,3.8745943558235423,3.852142977010452
84.35785673611609,91.04908281032395,39.81863462461224,0,5.025029009671816,4.844270483703025
73.12057703899971,63.75505672141175,38.1483311183454,0,3.347617964981521,3.2033409042824474
77.86829720347274,8.118765014328115,45.620012861257656,1,-0.29322528374888,-0.3037664757638249
65.96002193042608,90.9915532947346,1.7266779591536858,0,1801.094360486227,2013.071403462143
18.56544817750098,95.81889915944603,40.64605762432926,1,-1.0124714194530888,-1.0767620923761763
54.95766497079689,8.693529420780823,46.98464060310877,1,-0.199899989053438,-0.21642756938678195
98.48230421292631,53.70366325127017,39.67572200629935,1,-3.440784208761515,-3.3597923350121897
93.80141858321477,31.033063939202876,7.379528533647969,1,-52.821102778770424,-53.453584060733995
5.274199843904155,39.891068571658835,4.9826761372035,0,8.096898999338071,8.474360436627821
17.316666757214275,18.78547057757885,2.0214167505773397,0,71.8556431138875,79.61128936886391
14.04114857200163,58.22913809922884,31.80851606557548,0,0.7782362111102915,0.8080833878314049
72.87201108854426,95.83995597164017,31.853959941134477,0,6.697153278953441,6.883043298752162
81.96074765583757,50.80418742688929,49.358771996692404,0,1.6788120036021734,1.709136419015558
22.13762526475652,9.208543558053634,20.50411553110069,1,-0.5081344967707587,-0.48488628236045556
51.07941660223107,62.38013201426343,17.26340795997734,0,10.299441341901595,10.691512561083664
84.2295997731088,34.682076450674444,31.59682143203523,0,2.9244484593174667,2.926058716484328
73.54735293185881,85.73659376953849,41.4548249528721,1,-3.8106086385255513,-3.6692989841894827
54.68148334369298,44.033136683330554,46.901923526627094,0,1.1243034858922953,1.094557552728089
59.44442135541851,20.091121285282316,40.35308414277289,0,0.7584330074966255,0.7334353080059641
51.327694144711714,19.91945664642335,21.907025050174433,1,-1.8768466245960713,-2.130406274051248
30.457296680563235,77.10765389139488,32.110797530291144,0,2.40584341996455,2.2776482723344236
56.937177293042595,27.29317223242863,42.95866700908973,1,-0.8318348160562861,-0.842070309433832
69.19964490295898,76.95610602176308,25.039874727275233,1,-8.756829188246051,-8.49342090116778
87.45896867021996,21.382843765893337,11.617645541564242,0,14.059368836556455,13.855862688067536
63.99284404394556,32.84695050142963,9.316448547645775,1,-23.821834553520635,-24.21729814015384
76.35103216727263,47.08321027153024,1.0077294843247797,0,3449.062467847649,3539.916747881546
16.847091860502726,94.37638911965162,36.19366175408293,0,1.2612953061832093,1.213733262911843
46.6941899675592,93.24141105062864,6.443763233453534,0,97.52588275863701,104.85581833041698
1.9238303628822364,21.480315666806494,12.94811588510108,1,-0.24949921827818758,-0.24648714736429045
25.42120758764068,36.463685083064206,15.595940244616875,1,-3.705035616617313,-3.8109531437686153
72.91970979618748,15.79053945692346,28.458613146701648,1,-1.4421644078163791,-1.4217211840745931
99.18918518358699,51.48852285203621,20.499906587492692,1,-12.278280716639989,-12.15265002137726
10.818631859134374,46.597672518771994,34.05902560913493,1,-0.43757636082361306,-0.43458239534354237
40.747937270267535,90.17525608262251,3.726294307106433,1,-275.6860232098383,-264.62977480244615
80.2070259012168,93.07053240131619,7.073020518957533,1,-140.45755986634722,-149.21578746169007
21.199527828260987,38.97317170972192,25.46136367313007,1,-1.3393398452692482,-1.2744670707850339
55.95340998092634,49.682056358879954,17.511274604494663,1,-8.921262561166367,-9.065475846057986
73.5740583069378,89.72738866546717,15.494854774816627,1,-26.92763936746799,-27.49632930892381
61.982559575757726,80.86407296676109,4.284375872838614,1,-286.0062023555696,-273.0549090096126
19.6144487269262,1.3619748231202784,44.89023956265207,0,0.013305337169791794,0.013256880451749803
36.1830722998882,32.68589685417467,34.89911072012749,1,-1.0152044715784856,-0.9710400098781125
78.59538666405433,42.75564995167646,6.95928968416282,0,74.21004463998959,69.38422447295477
55.868424899069645,23.74191208463994,4.18725192911989,0,71.34501847512146,75.65261375946818
1.5177317407483608,20.757589973697936,48.76875413813091,0,0.012813038215418779,0.013246118122941002
76.33808524278129,4.740666152972287,34.37745497153574,0,0.2874756520035159,0.3062197455300227
4.495824139083668,64.69360278190629,21.455347483593332,1,-0.6747206586084425,-0.6318289879795501
74.82764449039198,26.9885187578334,35.38482099703346,0,1.7412222569729177,1.6128987956580791
21.045575456358502,6.182370664699996,38.0602575375278,0,0.09225746276160955,0.08981986535515872
95.84927453181864,23.8669517422783,39.21814791705019,0,1.4977779151688395,1.4873446811430873
37.42613437890636,80.38948133077653,24.415987976999823,1,-5.212594652843647,-5.046910397683883
33.36623001746983,85.29742898300812,22.064255148117553,0,6.111375526720565,5.846077095703061
15.739916982912023,48.823558274136964,1.5403761291761167,0,310.5283767080093,323.8756558644248
31.254817333531275,42.19099637045993,46.40129864195006,1,-0.588154685469391,-0.612458231398062
87.78842542099186,97.80751565667639,30.562086041058212,1,-9.59374582080047,-9.192708719772831
99.63709942509749,20.85590129921892,10.954542922308438,1,-17.874588462360023,-17.316555783731296
37.462643520177984,22.32056900260624,46.060567551650394,1,-0.3791918133617814,-0.3941350985093043
45.412452464499715,29.894850526603577,45.83166318674452,1,-0.6183938934512401,-0.6463088566065808
72.48502288207096,18.102974509827643,49.4700240539387,1,-0.5201663806158573,-0.5361841566757586
88.73338226604238,38.55719422221447,43.82877159380996,1,-1.8745163923141546,-1.7810407724184003
59.71138908449163,91.17258847198562,49.89143500318317,1,-2.235956078238614,-2.187104168723456
39.7610441196051,61.91943622222885,12.989623218040357,1,-14.476754808272442,-14.591222026699299
41.849562244013754,41.782708312614105,42.27022967476247,0,0.9370729048124724,0.9786294738580594
69.86619650318389,93.50666866255027,41.32838713099246,1,-3.5626502325979357,-3.8248355905081244
1.3186080968235894,5.79795901510641,12.316077601815953,0,0.044348677446513184,0.05040179990964173
62.33934440852423,21.817341612284277,5.823439901048548,0,38.543995809841164,40.10558604172771
36.19380803369438,57.02297190507414,48.991605170202384,1,-0.8817942733043157,-0.8598858227266084
79.62553579643134,61.93970969612474,15.505203024509907,1,-23.43191070045527,-20.514768416795057
10.206073342490084,4.916193149698701,43.6736977329225,1,-0.028141998698636806,-0.026305568637669707
59.23202442789066,40.90083703280609,1.2022305790555907,1,-1623.747359086655,-1676.1513521843594
48.61631609872625,65.2662425182564,2.0302155537605078,0,770.9806168761844,769.8149770273183
64.59022706461752,70.10898409393675,23.82769412612205,0,8.603194441556905,7.975840353267482
7.420505853813866,64.17585034911066,12.697019512818114,1,-2.7257140630402237,-2.9539393209540887
58.418394955385,32.73575921173153,34.80222288836225,0,1.6130996428719102,1.5789125253109932
56.586974207992846,10.258492236193042,28.712651952829763,1,-0.6931028472935549,-0.7041308835450029
56.50534934720092,43.284132195514076,4.796804075074081,0,106.64577142014603,106.29536286462297
60.74527899304903,13.746689299437492,8.968786519470136,0,9.002964326086953,10.381097604920807
67.97032578540986,94.81474219354604,20.0144142328623,1,-17.21007669354723,-16.08827392106629
80.69391096839621,48.0419157362402,10.094599133816224,1,-37.85221216039924,-38.043715671146515
27.71225129269322,32.40865826132989,39.8188950149525,0,0.5838878028932405,0.5664407011730574
82.67989160782615,76.86410304077111,21.38744154211072,1,-13.692088424133502,-13.893312079130416
50.327312544081906,50.29691066564412,5.578161475282464,0,77.72085247147548,81.35099827388233
8.628769634298784,31.693368377232556,24.732802211334118,1,-0.42611087717401397,-0.4470649519033187
6.796541995153941,81.38480649668936,5.451070872009295,1,-17.235399453586826,-18.615198982360837
34.08959355091002,86.84806294911108,7.317927965571042,1,-52.69196634415112,-55.28479445689155
78.70480073403529,67.62780846257903,12.74088176938206,1,-31.166557936758363,-32.788954296234685
71.06041253935066,5.649477818359062,43.116857557127,1,-0.2219824246501268,-0.21594434229347764
79.07288150256824,57.065965136486675,46.30601408431562,1,-1.9911977299430585,-2.104407945791021
52.20963658771933,76.56619628773088,41.48662873727139,1,-2.3056572880651207,-2.322584123140772
44.57970079759357,14.513798196274635,17.369783653474514,0,2.199368560363036,2.144516594370174
15.597800143922111,23.63840438707573,14.34987561433275,1,-1.7578288757019207,-1.7905449833481941
33.49108260732184,88.3670154017455,27.90862884872172,0,3.776558959808258,3.7996393189370194
43.96791725121365,2.99205046345433,36.370804866122505,1,-0.10372497621683727,-0.09944867105412855
9.771442538282106,75.51998664477162,49.675266619848564,0,0.29781935997046594,0.29904749815760845
22.840583318409916,47.90355595892787,7.446964882067385,1,-18.75609526814978,-19.729511502255356
60.22430411231014,45.23044372512108,3.415307952166417,1,-238.68501358979069,-233.53011872827153
73.83064830967979,1.7025567169938305,35.02343856076828,0,0.10705297297294049,0.10247565564999556
99.83640362790202,82.12042486568278,41.77906339169137,1,-4.5239214138569395,-4.697023320286458
93.37821980301221,36.62266516302008,42.47109021345474,1,-1.9242080463552704,-1.8958707135455979
64.61395475398396,54.535797498753745,34.24471390478087,1,-2.796181030794254,-3.0048369222427898
42.70355727611313,68.05276794723028,47.74677440184016,1,-1.297401954143793,-1.2747404676485663
63.981559106115036,70.56032806735367,26.03923341368476,1,-6.1556877174405695,-6.658233491307877
78.77951018994297,95.64202582378115,45.77692511847441,0,3.673625662967173,3.595578774944207
12.715282901415344,53.6026553704243,48.422794712584626,1,-0.2909089058432938,-0.2906783119236345
41.580584079932535,40.57223554646833,42.51071539315228,0,0.8920790719279128,0.9335180003939003
84.14042627792611,95.41665902267908,16.178169599672408,0,30.53861648903489,30.673981120678338
38.999462241371354,64.5689132675266,10.614566907344468,0,22.122299273868208,22.350000535655468
57.61535485149147,30.516885271379007,27.857883184109102,0,2.1230552192894847,2.2655947003864805
59.18916672535762,13.519960294953544,23.197722768629234,0,1.4708743651238285,1.4870546666178446
19.263149060230297,84.41289564505294,44.01015876744392,0,0.80577801053224,0.8395183880348599
36.86130872357655,36.85597867662101,5.901551882290532,0,40.150230092893594,39.00733133819313
34.11661758545128,66.38650241507868,13.629263004264413,0,12.989087893199986,12.192731535658663
3.5934741446744147,47.610825517223915,37.83814828141672,1,-0.12682865462043877,-0.1194979586808952
3.3949846252441693,20.694048199708796,5.654345603888294,0,2.3855831490952153,2.1974478060464055
83.33800732390158,60.56697425342604,16.71745628706331,1,-18.176954283024003,-18.060867125480357
28.03401018730843,7.007623826117549,19.970614308645175,0,0.46856229751301526,0.4925758992886005
52.289797857642725,41.92090352724803,31.50709603157181,0,2.291823802342904,2.208161553703371
30.573831785288533,55.114879026703434,8.748499640248864,1,-22.508138973551137,-22.016666994748363
94.12724526641871,44.16865043773933,43.169620027135764,0,2.221746477164882,2.2308636461205515
26.670379127711602,75.11854534984809,22.92956953784744,1,-3.8875482908091135,-3.810522719088938
43.536024461154575,82.96457049998594,45.93406388214727,0,1.641966006704523,1.7118736123945855
87.40029479797558,77.35306432928462,23.92562576806265,1,-11.382844376154777,-11.81037831887525
84.35142311238906,4.842481833368409,14.476972688095934,1,-1.9768685037122753,-1.9489688775207108
19.424040366781455,20.21874827415125,7.949612605696069,0,5.768039446428967,6.214438668988482
80.46168766977533,54.12414341711366,1.183509640852956,0,3194.778902687486,3109.1134796720116
46.36050178705137,93.54738200393632,27.075716764256946,0,5.559282184556593,5.915886608872304
48.813918336450165,83.66072073015957,6.250678149419247,0,98.49569221465202,104.52279080315961
14.214517269178435,84.41091632682837,20.194660417927732,1,-2.766662879759238,-2.942101292621869
8.979549861955341,31.017611182207816,29.87431630061725,1,-0.3307484698836391,-0.3120807379541625
73.06599139040276,43.515341810791554,14.508608948232315,1,-16.853928393567987,-15.104492226803925
50.149654083174674,47.5998887842778,9.585990325939648,1,-25.16862877138241,-25.97765273943741
44.248219558902775,16.57978675164113,38.96135950785774,1,-0.49063126915869854,-0.48328858284803455
73.22131463658728,4.075744894201176,47.39276744179941,1,-0.1343139633383504,-0.13286799337864008
76.78577700011986,94.74338704659117,5.921580475236334,1,-210.7320386181135,-207.4695754635394
16.731908599266003,24.830545980687166,8.623925894865385,0,5.650975913908631,5.586267402484833
61.41228979828649,24.7549414686395,48.04062020538321,0,0.6339271746286459,0.658718686131251
14.400054145490866,9.254526323107195,2.8514268688000675,0,17.600279617667486,16.390561999192467
75.38613351687552,92.92226744243408,48.90398449097314,0,2.712827323192947,2.9290229726830015
66.03856047044681,58.393974379037424,1.2275796711644498,0,2615.897478500372,2558.976260956778
95.70484748726234,67.03664885541004,43.80976412691523,0,3.450076503705614,3.3427538798534226
7.826843619285697,91.2461118390422,16.058933868399727,0,2.6641000912206687,2.7692846908014817
6.648417393974177,35.216396721178164,46.99085405068753,0,0.10060446865765033,0.10603189375436964
28.936520394626815,62.52922380267032,16.530319143143686,1,-6.284890760179432,-6.621659842520317
26.90886268985469,4.841146018159859,33.06100975516874,0,0.11327752548857645,0.11918217234640173
25.450901108127983,19.490480294881802,4.921595918530896,0,19.858037439092435,20.47923820679771
90.71920347158263,83.2933347039043,12.874160761233211,0,47.6128433403565,45.590213105891145
25.705073785101103,76.91006727749524,38.910287977483286,1,-1.3035212147688715,-1.305789451583384
27.92302288673447,35.71362645425754,26.905606830262165,0,1.2537771386529255,1.3775608791937577
76.18042797937841,38.304252149647034,46.47048402756519,1,-1.2332151592735412,-1.3512509233881211
45.52424440260346,53.821888921804366,22.00881900872636,1,-5.1923909606812,-5.058342172042551
77.89434513856294,1.0238594638283205,43.620805924882234,0,0.04106992263459571,0.041913980698358756
7.471249598874139,24.88318926776476,22.99881643643364,1,-0.34697501790016294,-0.35147004300846474
49.269548173665044,21.61494905221323,48.983165656397276,0,0.4577250453590038,0.4438529367565714
4.327746418144981,25.79781172822658,48.03188468854496,0,0.05313853749732002,0.04839332011040243
7.202667142080098,80.7846784108107,17.127698572247937,0,1.8188297321026234,1.9834640029414117
90.73730788109668,28.687711798097872,44.41025985042336,1,-1.265315943518513,-1.319821414138277
14.78529174064192,19.960610882964666,42.53295733656681,0,0.169197655367943,0.16313703542883234
53.70964754524649,50.922082618510125,11.323339469050579,0,21.18461842284609,21.330911048487565
41.69846465746995,86.69885860090046,31.590229638380215,0,3.7652638715108857,3.6226625259182876
35.38698929962543,24.893620679912488,4.561433463900928,1,-40.360110348722614,-42.33786889212328
90.08350122303997,8.77508803648707,41.99882530858962,1,-0.47911528500084344,-0.4481490215082092
3.160516280773461,36.28406884911681,9.55274829167133,1,-1.1467157424435725,-1.2566587082988088
66.71517893138332,75.0175306319328,4.469920367902461,1,-270.01113510268465,-250.48853169980222
96.37604898714149,55.518363924784666,20.61073568140175,0,11.880598586935717,12.5955979586557
56.456650162722354,81.8625435878604,29.26918479138253,0,5.324231225203324,5.394846440159757
93.74542374127608,95.99962261331416,42.89093096942878,1,-4.421182028646885,-4.892024872031492
6.173530049316353,79.47358519841009,48.73788375056509,0,0.2033654667328783,0.20654897122024746
42.460538588341976,60.77650480553159,22.53513311592332,1,-5.0897194731293,-5.081605701242048
26.755621305243064,49.840817217185666,3.9618992262782404,0,91.0390345073366,84.95586096884772
73.35127553309225,4.966839548478401,37.70666337226766,0,0.25239503660241036,0.25624275399874863
98.14841195922742,98.44787590259008,28.693489554972935,1,-12.427586509661285,-11.736075403595315
26.396476181980532,38.964631134929206,22.946675897378693,1,-1.9940860190641434,-1.9533360272886022
65.76328554593337,16.070593177769815,16.154175060817295,0,4.327493837657676,4.049914360975761
20.611665643214273,67.00417668424922,25.617527864333248,1,-2.0970026676890616,-2.1044592927682957
56.96769520258938,29.144540620450474,17.595300618394514,0,5.880498625095177,5.3628108701815425
46.929316182145286,58.992048822173714,38.093581519620656,0,1.9781972984883933,1.9078054835471965
97.22852763352218,59.090022876614526,27.650791128139414,0,7.2721061763103245,7.51437291671487
61.24419999695019,45.127252269384044,43.96554093355149,0,1.4334637310051288,1.4298122547026741
35.60113083659506,83.77574293895923,27.63365181782266,1,-4.072382934395933,-3.9057596878565635
12.295482703905403,27.23173909398886,12.674858253656572,0,2.014521009058436,2.0841776688380307
15.973436044758522,45.41462657015568,42.70350222937508,0,0.4868915952817756,0.39780213204778947
23.306376065172273,54.231520730506176,28.303733201572154,0,1.6581101779927403,1.5777532703923574
25.8456994726895,66.69884735596266,11.135210869034502,1,-13.304444638505293,-13.903038566019369
85.21098972627264,78.61321320005337,31.551882687854885,0,6.519181953847641,6.728846177990624
56.56105603996997,40.08592100494735,18.52812148217895,1,-6.086277325165081,-6.60460116261411
52.815700226062276,64.958647465563,42.375875002311226,1,-1.805543245310082,-1.9105686969989757
12.36211831505253,15.910484353783394,23.2116871936806,1,-0.3307137223067136,-0.36505884724935306
86.15382964159406,93.33216195370538,36.59562654726342,1,-5.453785221477035,-6.00409477554596
72.55861601763989,38.92282183567935,5.681274174175621,1,-93.96966516701431,-87.49874252730716
7.6991678281001565,73.22262077566741,20.405192968814962,1,-1.4290998666575494,-1.3539656399414672
71.0756746257471,3.013767106335587,49.178830387147535,1,-0.0930126277732936,-0.08856747991408943
54.81028351692196,21.313527147575893,40.61455418438027,0,0.6747720657750523,0.708196855546585
9.090809228931047,49.22117188803422,8.837099315979504,0,5.8224063265551225,5.729741406331199
46.37176351133699,87.94699430550232,14.6104384243855,1,-19.646487642078455,-19.105047303864247
48.98493242587465,53.198259845117036,17.160974633961693,1,-7.931647214458777,-8.848630106815424
17.4116794761643,93.05717774709403,32.86791246427684,1,-1.3570085135812917,-1.4998447164662798
94.62411655302795,48.895892761696835,38.09274321499312,0,3.187494068040622,3.18852421550021
85.14756177658553,49.55446057685904,37.72680383158758,1,-2.6746932465060214,-2.964523801920812
67.23321139558172,12.854932061552656,25.983828759013736,0,1.3753589923367795,1.280110178194115
46.76726053906011,80.46296817106976,40.73020635406941,0,2.217204898462018,2.2683222850725246
41.76478861686634,25.449575834239187,22.416826055116278,1,-2.3276472056857194,-2.115156918865409
65.44637324794446,90.06163644785919,7.070147699482534,0,116.6297491790792,117.91483448081394
54.99775507128364,91.17159781270921,28.65765024103685,1,-6.30231803491612,-6.105530045452944
7.165037482306676,94.38770107554082,47.662767845454226,1,-0.2946238048225273,-0.2976976164419154
51.73776222826284,52.50281842120591,39.856688918233054,1,-1.702338500967196,-1.7099673739366
80.83395810605111,68.03228469358079,29.356331736919877,0,6.401350203134681,6.381243651346012
46.46474788209885,78.07307212610469,32.69347735710575,1,-3.3050605681454406,-3.393927983048555
6.143701177872573,13.970447246396095,46.59753932474306,0,0.0371323912054542,0.039528872476516624
78.84154173901928,60.49476230475223,21.988796927313064,1,-9.661492676700496,-9.864383452453255
20.935014431461465,4.395492229027855,17.23831280818923,1,-0.3164710637273346,-0.3096643903272338
26.603462653915837,50.25904225548386,48.884836685022,1,-0.5539105326134439,-0.559505085505156
17.305928989797295,16.329425480402513,43.30871354200634,1,-0.14345354347845474,-0.1506659990185604
33.691291422278255,19.109369670246387,16.829135646311517,1,-2.412380558756255,-2.2732143990238742
75.91839906317487,37.13970910256755,23.725249270685218,0,4.9386971449016865,5.009149239214976
52.419200090889795,43.8112795049338,21.338828321382152,1,-5.073428313231517,-5.043536725106172
21.283246140920543,62.69407002868654,8.30568825490026,1,-19.839884042577168,-19.34252112036938
87.90517773705204,8.36841342541305,47.9331468668497,1,-0.3057686449702609,-0.3201737334317038
88.0786036402014,50.86548436250702,20.81130912976818,0,9.971559627585334,10.344149885547102
87.18726407955468,19.07988789505701,43.89112504925749,1,-0.8875061830036375,-0.8635260474203317
24.64082492677239,57.823542328142445,10.278455156352589,1,-13.965376644300385,-13.4866549257353
45.67269507391782,64.10305661385718,27.845669721223768,1,-3.5697217693833347,-3.775896161175468
98.51397595794663,56.11421639873253,2.174107871089221,1,-1198.3187006801897,-1169.5224777549804
77.42923515468905,74.09125553735245,38.44680370827312,0,3.970343116885632,3.8810697054022274
3.689574701330422,34.22531517984923,29.46478101406764,1,-0.1310827721303037,-0.14545120668132153
7.455254534788713,76.74555257167995,31.653889590017883,0,0.5688972294681335,0.5710334203921903
46.929206304420944,43.843941089111176,3.5343232451780193,0,173.87650033094724,164.71769664378792
91.01280038029445,48.934265333937084,11.340878180222155,0,37.52133062585808,34.627583011436194
54.33147799731871,65.16211059884607,4.642212745325428,0,172.7220796317041,164.2844971840568
50.28343829539473,2.817480015923172,15.156801474386777,1,-0.6172134324047576,-0.6166953677180056
11.441896295706428,65.74542792060458,31.7445113764254,1,-0.7225274356027948,-0.7464939122581027
66.02123036770512,62.239929758139425,28.743113231551387,0,4.653607291521927,4.97376309854136
82.38821289942233,31.67486455857471,30.995341259056122,0,2.6104141623137007,2.7163579853933024
38.66158074324867,9.493634205049458,27.91331229751682,0,0.456831890482645,0.47107423542606364
77.78557324160742,10.002609541391074,14.378410988117109,1,-3.3418625492187823,-3.7634884398409545
96.48318873618035,92.39915095153764,12.980867369876837,0,50.75732055279181,52.90688638133875
21.17287945364122,69.23865280135787,7.715924493292482,0,23.604884147410097,24.623659432999922
52.80963348827939,13.583158763303299,42.60447287027111,0,0.37456056580615127,0.39518780800173203
29.42665785037298,36.31559376158173,31.20748856852098,0,1.127990877051265,1.097277436304053
79.4925874843501,59.65581639625805,10.139039612698928,0,46.45920578459968,46.13024777550453
58.181743222234594,83.72159880397422,9.683259611240736,1,-49.12663899779899,-51.94946644853318
63.82365933748007,5.322431942587844,43.778744474780694,0,0.18319016757294443,0.17724141685817948
79.99350180197351,24.426680015530877,37.393812324402646,1,-1.4938441416589838,-1.3973965417547076
40.201076793583034,89.08515003924262,33.3105549153632,1,-3.357875082194641,-3.2275967277510587
91.59391677229728,1.9073894681978318,20.93634126942569,1,-0.37136089799782357,-0.39856984111105614
53.76985785736785,20.93851117659485,13.836802649647359,1,-5.940260249824288,-5.880485629537087
16.637527460699452,95.94339342132363,48.993087392528366,1,-0.6255307179310695,-0.6650192913953311
69.89401269871145,61.72678280569494,40.06473917611721,0,2.667635406307352,2.687750659632039
79.53287369338719,26.90546529711314,15.787181933677548,1,-9.001146912437237,-8.585744375602546
32.35940602968514,7.632118345188913,42.53067501764624,1,-0.1386043572739287,-0.13653408562470074
85.86074644287655,3.7909427042749937,38.18766548211939,0,0.21239728368927985,0.22320075599989148
90.70818222181087,25.2297628840558,15.55694694402192,1,-9.723470097012306,-9.456074640297128
28.413544250403085,88.26709613930214,21.901089857840343,0,5.281217709951091,5.228688810270421
98.36862579880699,42.17545177545344,10.111718824160306,0,41.613670982498114,40.57573339498167
14.930441276827084,72.31300354743331,6.441569774527358,0,23.951068502824242,26.019899417073212
20.999551171846505,91.91021850261582,36.41533960914514,0,1.4542121762859939,1.4554761122883708
19.238259084564586,41.39600569867884,14.108081010339465,0,3.883824284669614,4.001182103816557
89.50498129077917,19.93645973270231,41.18290892156643,1,-1.0862203321080006,-1.0521101422630446
65.77496268017123,52.19467515483503,49.78482686420688,0,1.394326565078106,1.3851372446901684
16.058324039005015,90.90028501892559,4.754370882552784,0,62.79988773335779,64.57722032644558
44.59201841846655,80.63306699963236,24.178721129101312,1,-5.725368822826931,-6.150404188453195
61.9145044819104,7.5171544929522245,40.30106540622935,1,-0.26953574531877106,-0.2865581882586552
9.262944413948945,69.5647072076806,39.65859393052044,1,-0.38548796663163426,-0.4096975759951618
88.35922047232653,57.61785472343642,38.23986075821745,1,-3.567733280226514,-3.481579812934782
80.55675000871199,90.83885445829613,18.100751829793637,0,21.259855320604014,22.334712036262054
51.01547058408718,13.125660268179425,23.238809528567565,1,-1.2348391307087694,-1.2399246773954358
96.74553491065787,53.869575207261,30.15344950973204,0,5.688835433589111,5.731924709375637
42.35833694823487,88.06680665767735,48.7230885950896,1,-1.6192157709439468,-1.5713811101026938
98.42692158461328,41.592354887432556,17.049816275986153,1,-14.910647103436558,-14.082767368461667
67.12407988155908,48.71749685555384,46.23405049812603,1,-1.5329925422908088,-1.529816797950654
63.8324560521402,7.9756070890288715,14.198488990844211,1,-2.5763676952554335,-2.5253469182085677
17.429534634282714,28.536220404442172,49.46464880821153,1,-0.19628261491824517,-0.20327893763904895
88.31084807215976,33.126158267725785,33.842920654551996,0,2.6391076109180425,2.554167981851452
43.3214791041409,94.5671224257438,23.712062537568997,0,7.687297847363204,7.286262054756461
17.061107172465455,28.984068693574745,31.056130975116638,0,0.48042741080707374,0.5127100874324598
2.248144477600145,46.62600479169555,14.354027282970133,1,-0.4985486129210162,-0.5087505445426405
56.41581268019988,67.4591379328637,14.434519018061865,0,17.601344086086964,18.265728645536868
53.212562590144955,17.056153868379862,6.564172648331198,1,-22.349054269222783,-21.06373046934842
72.2160086145467,49.157796327045574,6.588464587564539,1,-83.5345450920897,-81.78194878257781
89.1355472487624,74.11536490811486,18.035915331976657,0,21.393934253451533,20.3087320968456
8.861251879659923,86.81866608967954,38.37991841692221,0,0.5125533844229185,0.5222760320408574
73.41815254369587,62.99966819158024,30.790587212309962,1,-4.4968479818928095,-4.878718621961777
19.55378246566064,67.23629801637784,6.02664345622002,1,-35.20450367384384,-36.19791661055022
85.95952826255923,13.502063785872327,42.75958972381964,0,0.6222775285258431,0.6347856781229165
82.08728787230396,94.63187322738837,30.467013722513254,1,-7.883214687093001,-8.36861459791471
54.53858174356889,14.124833670963753,48.081923262454204,0,0.3406348420106151,0.33321421521661143
71.31403706370784,77.69262078099803,33.83908790314917,0,4.6129622819136245,4.838575219286169
32.12066120519109,27.216815856053564,9.583568321504869,1,-8.633825316374917,-9.518473497574671
47.64562199434865,93.4257212264239,24.215384753083292,1,-7.4926480165311755,-7.591134954728352
82.3420528733367,72.27599439757847,32.77638227981301,1,-5.534589147814118,-5.539795500803791
46.467254520148174,75.62755758485852,2.384970351448907,1,-644.2470078262355,-617.8187994746155
36.422028267218735,22.68685813292845,1.7306029435855868,0,292.166285051761,275.89485791444656
49.92703227777969,44.86095768688092,7.340747029329828,1,-40.48959863031539,-41.564616364980594
82.99667599128462,62.163506264339354,13.331557317228068,0,29.94247031995189,29.029157604620146
34.1855966897164,77.2273882024535,22.0479070525131,0,5.293179504744958,5.430999631734055
18.202397720438636,11.291978215326568,24.884583214229632,1,-0.318080538358878,-0.33192341382392176
71.4893880127473,96.2741663289983,7.763352837956942,0,119.40276926457229,114.19647438066478
82.7718430581001,89.13184638490104,33.99618737667571,1,-6.596900141640994,-6.383444696564731
10.9631103738298,27.76451045906285,30.210765023130207,1,-0.35713202969789587,-0.3335034730545152
24.747537162838526,82.45326406020087,15.42874084321685,0,8.82110960502712,8.571935001221396
15.055226986338397,52.31406838094252,1.6693342883293085,0,260.39679743637316,282.6305968036899
35.4461997466345,46.71884167463985,4.804747852311246,0,72.2784853869529,71.73325605118006
45.584746911635854,32.12897647532914,20.193044000031133,1,-3.6721267447999124,-3.5918058652704845
75.13380735936734,58.515890076527654,8.544743207118511,1,-56.54674882164479,-60.21589994139077
65.46361090328574,73.25902265265618,19.46416070125057,0,12.410072684037607,12.658717679300612
62.471928180364685,41.682357591313064,31.7809476210074,1,-2.435387959543543,-2.578122211721645
35.88511971435579,63.29270010782092,27.814633966084894,1,-3.0112451540939253,-2.935765243365366
84.30330775539123,70.23197919437507,12.327618273732318,0,40.908191436817475,38.96019900861986
47.657429572418295,71.4010598845133,17.847302071678868,1,-9.582400083441843,-10.68292365415665
97.9313888635003,6.144643714986845,31.08752872398388,0,0.5894020467544229,0.6226531949050708
63.780071691277946,86.11503276282163,43.18189637412899,0,2.988520057705148,2.9455103457212206
13.50020941488577,46.36707816173975,37.90745849820499,0,0.4954833436792833,0.4356130667747314
67.94157864546797,26.97919208792523,28.116601314837332,1,-2.310950046507971,-2.3186699220120643
33.1852975277382,24.934686240488478,18.752356917507825,0,2.3603562136203653,2.353086556219892
68.94639247192364,48.8183971715511,18.887512599548465,0,9.807056235525435,9.435078752307032
7.894473668078168,88.79632240742696,44.091448202955405,0,0.36132713482313306,0.3605864746252088
18.31326228041998,38.456410586582045,2.9229352259867736,0,75.39553932761933,82.43204590538461
85.71798863167285,75.2228489315708,49.411149576592784,1,-2.491501140611375,-2.6410208700007765
23.490776145327974,10.585054367734642,33.55439513172655,0,0.19872980038959837,0.22084706424101458
83.86707139905107,48.12961351295512,34.375747254547136,1,-3.487041036361356,-3.4158560227722514
28.648332756986633,99.17692789888082,2.8618940279323657,0,367.8416200412879,346.898887580371
64.64530909581205,77.27334247644136,30.670934469672336,1,-5.404888229585666,-5.310222252655921
69.72090677747327,21.842320355620686,24.754124944431904,1,-2.5714300893654,-2.4852303118505525
51.75282056136024,50.64270589609316,6.183166437809283,1,-65.53958157534592,-68.55340845696331
31.225756992976397,24.128851601208087,14.618178527698594,1,-3.675888998581866,-3.5258440962618085
22.051793260738517,41.54653179898842,44.62540835446891,0,0.4319449492910184,0.4600597949903913
4.285746101680196,78.22831834976151,27.949432377431695,0,0.4350757778480341,0.429184914732278
31.090693722831656,77.35125671374996,21.257412183521527,1,-5.370702218229386,-5.322026089899274
65.66311626259701,23.581937412336128,4.561425636199736,1,-79.04954754357631,-74.42173217284011
93.89217702639978,92.30010849733115,35.99195484271298,1,-6.476859321310164,-6.689917312539034
87.24924374404215,59.664250093717854,35.4396903464056,0,4.240986597963342,4.144727861945135
76.84041287699496,38.61250480523944,31.088136741655614,1,-3.1251497340431857,-3.069928622907575
79.05628698207657,50.691622497305204,26.00286966481181,1,-6.013268664313354,-5.926933394513723
66.83350544412353,60.90205409033663,22.25543570816126,0,8.411048910095904,8.217769943255485
26.7683988990343,56.42916265273276,30.070283556411624,0,1.7699431730721873,1.67051721111503
90.81230803987715,49.15409851808164,12.436377134691929,0,28.45326296206066,28.861352690837627
67.40249887867758,50.98834760485061,47.12169414470474,0,1.5984306458373825,1.5477654348342944
56.483622467063554,18.464779132360732,29.850931929831248,0,1.2035213998646146,1.1704446221387
11.987957452134626,81.46055752616326,16.24842977336445,0,3.861498460446532,3.698876027170654
45.25849883683612,54.63427167416052,23.034312693372705,1,-4.651150132773312,-4.6603097849504485
46.5754688489907,13.976906308765606,40.47855465496772,1,-0.41542308836624087,-0.3972997532835962
86.59179734274433,76.84955305669502,8.919186975784575,0,81.71590180323437,83.65031172000516
55.11817379859106,93.31195385935773,15.348945500552759,1,-21.456826745199194,-21.83106963958175
38.65965434807055,94.78338302445924,34.295893114091214,0,3.398600551568606,3.115343493134232
97.70323252255527,37.5327555087061,16.45897111762897,1,-13.86434011248236,-13.536737776585865
11.961338739305251,14.41617048251465,39.83258241121183,0,0.11305403305554163,0.10868078644150146
42.83229440288252,52.32156303667345,7.3922208716906805,0,40.33847288705482,41.01117186099546
5.1604428419691235,12.148313705572848,38.371622352275814,1,-0.042342568548159286,-0.04257774406894602
74.25050795592611,93.4647544327491,4.3492340276777455,1,-339.07977134241503,-366.87806250740755
91.88957866771591,19.174383108159454,1.6170380207072443,0,699.5750978214015,673.8251207723498
28.723695625498454,26.023820135165245,45.012952422775946,0,0.34602631267975315,0.36892353869362393
85.97582600311297,41.25701616161207,29.485621629682633,0,3.9631551643878287,4.079938303253059
29.929604815727878,38.93328238735345,18.239517957253764,0,3.722642726563261,3.5026382782156684
91.16624600274761,79.67162634739101,12.39713721122867,0,47.59539165939391,47.260132901869916
75.64222845608161,46.175365234545275,31.22740337977999,0,3.376066470100021,3.5818129934944096
80.68577090730243,17.906057740330354,25.94110699330017,1,-2.2348521706603166,-2.1469400793024747
2.7826490044449956,27.453779653121337,49.58829100096927,1,-0.02997443353452299,-0.031067212678939197
96.31822535032858,51.402225133564684,49.17758334603354,1,-1.9453931372339064,-2.0471799781212385
72.940428214962,15.597937825187355,32.11620374093887,1,-1.1020446451222696,-1.1030293912384828
31.170358443227197,61.5539118889554,22.700654799188634,1,-3.2624280338909344,-3.7232370346981742
83.11007182102584,57.00898334856345,25.065907487598444,0,7.851767406136163,7.541019935980924
28.870598643078065,71.75552932184351,34.44147424560624,0,1.7251550158927536,1.7464159774028554
87.40263011704667,93.8327569225574,5.977152667533687,1,-238.91940887182787,-229.55686280326128
12.145458650781764,91.31320154901441,17.089251616725193,0,3.612423942492954,3.7975316422110375
70.66491176861878,94.66148618881431,4.688339809176589,1,-299.2220724686655,-304.32594295071357
54.52914918784612,25.226844105346395,4.594677216329059,1,-66.75252099009582,-65.16008334100933
10.55691254934864,14.024965357296107,10.596122852817453,0,1.4290541653066067,1.31869618975629
24.947488997625058,30.9253933491484,24.77740947506812,0,1.3488315426192135,1.2566961246094173
2.2279995914541644,89.61343210386515,39.453941736976674,1,-0.1242047726853312,-0.12826477974940356
47.40802858098608,97.23329398772533,24.789298667127756,1,-7.9435345873088705,-7.501332473398183
30.825260815240036,86.07317015597712,17.43835391748262,1,-9.01821702259266,-8.724962790101475
60.237390945478126,11.891754391626817,5.035296526501149,1,-26.479009370780467,-28.252831658379133
30.4265429631531,94.79537180791952,27.96448063597335,0,3.5844620718373745,3.6882999229020252
30.691992039191483,42.912444707727815,14.292160737675662,1,-6.086046628775192,-6.447814728761401
74.57612667442874,1.9217187854730142,31.131774717940225,0,0.1513796212200646,0.14787062234669787
5.766140761856992,44.796980334071165,48.8821992174885,1,-0.10782215627815647,-0.10810169583081088
90.38660452400674,5.560847797871292,6.454401752399958,1,-12.489149686793006,-12.065160163965192
85.37412356472696,54.843914194950635,11.394144537375055,0,35.89549416133609,36.065441452380554
67.11266363941425,34.51684871626808,24.181632366869362,0,3.9991080377803025,3.961543110329169
59.72893544063105,47.870058425810825,48.46207695195054,0,1.2802842157350265,1.217431924814783
89.33794731582557,61.70386571356859,38.818679037229785,0,3.4961852073121773,3.6581948792422243
19.34768777334273,87.01130848596421,45.013230464978676,0,0.8199352949138138,0.8308534083834842
8.817947056892033,66.52825607072093,17.35202757531385,1,-1.944011159555698,-1.9483777792684018
24.711506821044274,43.97083797933989,49.60988521515113,1,-0.42686824764285075,-0.44149676520742115
79.66324959131883,82.12335751336614,6.038807987143713,1,-187.54885358222776,-179.3999315823961
4.432356405921849,90.65263161974009,3.5956723962589408,0,29.032302284569294,31.078128547847378
58.697876673265476,12.856236676787525,42.92452872564738,0,0.4233689107153077,0.40956720939455454
99.54831410293968,53.661364777726355,46.435978640142324,0,2.289320429413812,2.47734458004898
85.7139132899164,29.16668401450197,5.438682519758986,1,-79.08812341541235,-84.51834110785983
52.62312321531535,5.659058589817793,6.557943910546234,0,6.870466950520262,6.924452090101104
7.3004500193775925,67.18612281628455,2.6255337300329167,1,-76.65871369933045,-71.15312970811016
83.30597792418527,86.41430696846334,6.120870569493481,1,-196.76338878009685,-192.14780426592995
60.298872309543846,17.127362793262012,11.261571023213763,1,-7.988957900921302,-8.143324234371079
12.378366708897117,81.42895210476615,48.53375432659005,0,0.41651449260857304,0.42791195068392807
10.291871197512265,85.48617762015722,33.72515088974434,1,-0.7727647082244327,-0.7735393982170339
91.05305512422265,91.51970382398187,39.149098250408564,1,-5.235885277252632,-5.437078485230677
67.25082603086976,27.26322381951919,39.030830780884585,1,-1.2157036034391744,-1.203536431700339
83.0993931323588,90.49135345379904,27.218613739181517,0,9.674596685241143,10.15016099933064
88.01891112794446,32.74561271890679,40.07695990793784,1,-1.8213100250588399,-1.7944839261853198
57.6054628527839,55.68146333209478,30.194569087108512,0,3.767050823290023,3.5181685217220298
52.22718882374909,6.000239612395931,16.412758782564524,0,1.2613418050688474,1.1633277033280274
43.61231362177803,5.344227748505617,28.494395329651635,1,-0.31605382908924934,-0.2870616609634759
32.37771219132081,72.31694806048809,27.14192072059116,1,-3.0049899082074276,-3.178374682427212
44.02500012501247,45.00351781980131,41.34919963420671,0,1.1733020064109208,1.1588083433898366
77.61408591728548,26.37294516155254,49.10463365170129,1,-0.80967725704711,-0.8488954936740066
60.59041967049802,19.85093610646611,21.141085705625596,0,2.617032319233204,2.6911033595635288
89.35980570552977,67.32539559506259,38.40614324362662,0,3.718071820195946,4.0786809551943914
44.89462142353958,1.0397528585086473,5.888387197868544,0,1.385612546853813,1.3462686016453236
61.10186829315665,80.78322575048857,39.06473710296614,1,-3.3866695139785454,-3.234490417254862
63.49944775610688,8.845711006862953,19.199428687668373,0,1.4180198427653576,1.5237933838635829
59.57801906832623,19.957471875903824,2.9301179815946465,0,129.3616096712543,138.49094215084037
70.56074353546612,39.23740313460987,18.799062749546685,1,-7.598752296308106,-7.834134258777689
24.505913369105823,49.00101523189426,30.921494795160594,1,-1.2471429418278863,-1.2558998584451813
51.72401397703327,36.14451646558024,6.843258216391861,0,41.483545557950485,39.92167773957797
11.318255478026419,32.75050433344509,46.27769012908247,0,0.17887316363436914,0.1730828897102757
39.06662143683644,96.42768519524566,4.805948250369091,0,159.66561558536273,163.09829287523777
49.27903979350518,64.51638844309603,46.570329271825145,1,-1.4710969403677976,-1.4659314688842127
65.57020169500177,3.3198625813714324,35.64973837884864,0,0.16690284618037599,0.1712828705830651
95.10257420603415,43.587414935987006,17.155896595295978,0,13.935904157703629,14.084017155772276
60.46445558828723,87.62586127465305,20.14676703774557,1,-13.684637364339627,-13.05334201863884
74.61579770147942,30.84416245465613,37.29965887190446,1,-1.621925570366528,-1.6542229748793513
51.12033989002507,10.361078132664435,30.47208394317916,0,0.6010829999657931,0.5704195075559264
63.7762991062568,76.08009238740186,33.91050315129232,1,-4.391793898453524,-4.21950861281999
8.022289397243568,60.99536936167205,20.06906620916052,0,1.2927316972609102,1.2149009140911438
26.184766503342853,57.46093827482389,24.90286060857235,0,2.439950758623617,2.4261795817812155
36.82345622730873,6.304079401133385,49.50350671785677,1,-0.09358527567323051,-0.09472711142625657
47.77684214564484,14.909401969756216,11.482220654486166,0,4.943795759001515,5.402887045841959
5.51922580473599,62.63239022509826,21.47495313958444,0,0.6818373079847992,0.7495708667786806
14.86238565777845,21.574560304424747,15.299336191124398,1,-1.3600175955831355,-1.3698887648935962
28.40461647133927,50.902937895094006,38.49046401155264,0,1.0144820866675266,0.9759453181847898
97.18173639920401,54.943286916909955,38.436618657620315,1,-3.7354972924187475,-3.6141730375507257
33.80335370320203,29.067211836823002,15.329827588872398,0,4.530221344981734,4.18108141641217
48.72206475309617,94.8940903986078,4.988125515016162,1,-178.99074139253042,-185.81899458348911
20.4136735611009,84.40394657672194,1.5602011569379983,1,-739.9669323296724,-707.8198346023505
61.46722703650106,72.51497725564705,21.94507612888179,1,-9.241165867882172,-9.255441769961905
28.787638336081457,8.721392774531498,21.106542122452773,1,-0.49378503944492047,-0.56358276835508
21.49226526540425,11.506871911592924,49.43110405335329,1,-0.10750181320982106,-0.10121359473898975
52.140690216151924,49.78535324063061,24.020301709186302,1,-4.380220739773877,-4.499056556384725
1.5450741168816613,16.910621569907583,13.564500109195611,0,0.13971268188655864,0.14200423657751005
1.7587392322733075,97.84828088941794,44.670242610541905,0,0.08929004497501135,0.086241843027119
22.68781210108392,16.693503168713534,25.062329533025345,1,-0.5647655818756211,-0.6029721154439706
4.635414887581293,49.25931571093342,30.35960612531831,0,0.2429492963995105,0.24773348948730473
11.694549658938445,37.047984627309035,5.6877668109824215,1,-12.643331912109213,-13.392588492837204
34.547204284536406,64.2992557239557,19.76290395915893,1,-5.055797834806539,-5.687446621868258
80.45598227840148,13.774604480053066,47.26696004921555,0,0.49768997618860655,0.49604620957609363
57.63281569356078,43.601326376196695,29.885763824595845,1,-2.7030478121792925,-2.8134604772443463
51.75410486968522,28.19579824790722,17.88059090198062,0,4.4294636249560835,4.564208359926237
30.055393497604044,88.88740094249712,31.657691850948062,1,-2.6630892346101525,-2.665656169407031
93.24361822384883,5.017985501334813,45.61014338932769,1,-0.22690561832677095,-0.224918741352755
40.30448908248197,91.45902190663946,14.425539423156913,0,18.41981257940459,17.71396771644501
9.622183912781377,83.46641971674704,25.750719205063046,1,-1.1382208439416606,-1.2111744815371972
62.08958509566233,30.45950092764073,47.97584204167601,1,-0.8261729093374869,-0.8216679157710602
12.270000954183539,79.13977481303337,9.44741102162418,1,-10.045359683555075,-10.879621486810006
35.17709113736752,4.090142473536009,36.26353235423887,0,0.11778043127465078,0.10941028494650439
51.23378193306308,96.71968947904597,31.109569401946136,0,5.336958588496184,5.120157366904523
87.5480299438324,53.13289931638914,34.304081425891106,0,3.8509318889282085,3.952922534202672
49.86111145367175,31.02482158047908,18.209761902710913,0,4.5224061495323395,4.665118857045187
70.52361783713476,36.89573804687303,16.380089300704483,0,9.303992206690173,9.697912365966637
99.28886706090796,7.5741299925892385,34.52627385883015,1,-0.6009216945703177,-0.6308613017003294
14.01742286990018,98.94560189016188,11.561620970122721,0,9.747272966642557,10.375934334095255
28.19842102643243,4.8899025699185525,21.56308249809125,0,0.3065896078275173,0.2965536732030786
40.06303148416699,65.83580519163804,10.220557656592982,1,-26.614618179872398,-25.24973210920651
42.760989675344305,44.830856842939376,1.4069372150431574,1,-928.567881302275,-968.4458733666801
41.69108645128903,94.9427056006828,48.5328106418654,0,1.6819291137380377,1.680482253578401
90.85348925309894,25.353974290372722,22.153445954164532,1,-4.380611630514203,-4.693589208621545
71.68923180221879,53.67659556986312,48.498131106571435,1,-1.542648849614932,-1.6360210346250663
61.18261619497967,48.75326464969255,7.875852468623478,1,-44.63751707437157,-48.087987450523464
31.627899068415427,70.58377796096003,29.780972193416815,0,2.7009328837652267,2.5170828002600536
82.55524803790817,7.73301296328963,10.847727606770741,1,-5.386240302379893,-5.425201613998529
95.55099063701391,20.18512387231213,39.71363222120046,1,-1.2937438230772746,-1.222890000403875
82.29862997247243,22.241917189192133,39.40144644928779,0,1.1170224097120642,1.1790724569338271
1.1549454139558175,74.07692472932727,6.517750302926278,1,-2.2240918741449973,-2.0139513078952427
64.00373564815729,19.724730936347267,45.69115819094307,1,-0.6374824095306395,-0.6047168595509733
6.062402762767972,57.775684625206694,10.536852712958007,0,3.165628802481691,3.154772652822001
26.503114813038465,22.309138229594417,31.03588973787866,0,0.5966577724481482,0.6138345253710861
6.892945334429397,86.30087005831386,49.2960473842975,0,0.24258642520169932,0.24479120579217883
60.77574984198939,94.27635999447422,44.237430203551824,1,-2.855749931576095,-2.927880525642331
68.97240143576808,52.330804519281806,47.87163249949728,0,1.551039592664085,1.574984496025767
12.334276168524607,35.87857953670865,17.787339789687852,0,1.3202519893225435,1.3987075075909872
39.00004942145297,24.171719726732416,6.173206468753705,1,-24.80307467587993,-24.737231996652465
46.16741438659866,5.928319150781332,10.228996791183055,1,-2.7332915941837483,-2.615778968259659
37.53624915433074,27.581507543552043,25.52424985875408,1,-1.610658624288318,-1.5891427049743265
12.981475048034111,65.76934221458647,39.86825423539278,1,-0.5010835098356186,-0.5371469364761463
42.47583122856007,53.82807619961187,8.357528565009886,1,-33.17642494150492,-32.73369306171245
75.3666267330334,94.46008654981182,33.3268450807771,0,6.977286346514809,6.409719305563484
8.029758788792291,40.23144898667836,16.85530259793608,0,1.218485583364821,1.1370905927176596
8.937821394108441,69.69247089051106,17.71890154721552,0,1.92654301099899,1.984010398814452
36.122357891762434,49.44295200003702,33.43396877773839,1,-1.6864985601794467,-1.5977345202839277
94.23084545027358,51.745045376496954,23.882971557127792,0,8.525943215335252,8.548405930807611
67.18869202556849,27.509657145807633,40.7896313582737,1,-1.0468548897071284,-1.1109174888434432
68.18832571058391,46.04012690735797,8.640006973478526,1,-43.08581993191571,-42.05506930520429
36.83007909294863,47.60771470425802,39.707465218584886,0,1.1625724559612103,1.112079046318106
59.772418329645305,70.95760965314446,4.1475271548136226,0,261.45686955857695,246.55926573808054
2.0029872187465942,94.12335991942527,10.508640132034644,1,-1.7732633081982565,-1.7071927589222984
63.973508594544676,33.60280647076792,33.15133601065511,1,-2.022140144278107,-1.9560216171292941
91.41540781004744,5.177846389548546,42.89135716904249,0,0.26646177068690813,0.2572936016371092
61.6447733661371,50.13321742456333,13.381301759228103,0,17.39041644351771,17.2593767402007
87.49616075316816,54.90167188276769,17.032388685616734,1,-17.126604339566963,-16.558593638127455
72.67333249114328,17.67561456205961,27.318916666050256,1,-1.751473619474756,-1.7211655762776819
12.935283223965335,76.2859960213306,11.367067517975814,1,-7.663947184948973,-7.637019225949739
90.34287742129833,98.50798173570767,40.74665681778777,1,-5.779601723868331,-5.3602047201209135
7.577940591221713,94.63169698383763,38.90819560528228,0,0.4918368147296462,0.4737024634465597
53.862779782228614,20.513497843541565,8.119293886323298,0,16.359531939613568,16.76069257034534
15.07157525555231,87.6609607501753,23.727656859014974,1,-2.6733125266368694,-2.3466869937965034
2.1589544623595023,70.74487000475679,38.966560566076446,1,-0.10070993821997924,-0.10058987932889366
42.78139175263626,45.93080981688425,17.529147024067324,0,6.157838568942643,6.394954283886033
30.209030057761467,54.52048843814818,32.02223431316885,1,-1.470549139415889,-1.6061764621145516
49.114048885962696,85.11041732326335,3.4604429514210637,1,-359.2984426867558,-349.0800828659459
58.14278878672053,48.533359024198944,30.82574926593658,1,-3.132657222419416,-2.969675018611226
5.3301681585857885,37.94752954140756,8.479996020029743,1,-2.7413281681560586,-2.8127628760358037
13.177326217250819,49.83150180957259,41.69858293060811,1,-0.39012017143163863,-0.377649297212929
56.30559724859211,58.33385059946986,18.417023715443445,1,-10.060915514408308,-9.68352147136748
34.973567964093164,19.718687724056537,14.79613927368159,0,3.230325125697692,3.1500767038665445
73.18817526739535,90.18986529643207,42.20355985886277,1,-3.898754356466435,-3.7059579518032044
65.57687321060203,67.74450793413178,3.4570571305187,0,344.6317439164418,371.7163674465113
84.71483193600078,63.693622816411406,20.433831167382895,0,14.038009870447537,12.92277562493958
69.5567898402533,10.850126391883176,19.13017348817654,0,2.121980101694159,2.062227198777301
43.56317666162467,60.81321987908659,14.955218338227992,1,-12.001393916877198,-11.844917063469358
67.62369561704881,12.975105561610741,45.675962268072375,1,-0.42063934260231756,-0.4205662227548141
28.262736251286434,8.791069844344506,37.79549128231939,1,-0.1695313164361857,-0.17393058050949603
31.325036379043055,53.20377866859694,4.132235045405,0,102.35323595398904,97.603193769121
79.10953083215854,40.875767870603,36.01968502231275,0,2.398174726027918,2.4923837527038732
45.195532123756635,59.2922167454661,26.837657523310902,1,-3.6524100440305394,-3.7205228702158086
80.0396537113169,9.832994637666621,45.14252682567738,1,-0.39599084413212715,-0.3862062286844854
82.41981499315956,43.66732322187858,16.334335250069564,0,13.361711478930493,13.489171499804355
85.8986714284671,18.30388478947064,29.133937980869565,0,1.8672686053069865,1.8523853496328622
91.74688834827953,98.72290850648754,25.537008462308314,0,13.88430665696885,13.888944573516786
43.66753683081633,56.55387103108227,24.98848440515268,1,-3.8094952615246447,-3.9549518445876117
32.567815013792746,69.05624923314586,23.34916457634342,0,4.225704488713637,4.125237111211831
58.63767591281727,33.21640978757817,11.075844301081784,0,14.679986954456417,15.877267232941204
37.74606992032513,10.37915256315507,38.02978620212725,0,0.25249483263480005,0.2708855681816046
60.50634251322306,97.61121541557013,23.115465604225147,1,-11.257716910507163,-11.053385851881027
70.85300040173864,29.339644502935137,47.96729747512768,1,-0.8208813355741681,-0.9034884233359618
69.15209683072155,42.95701033218385,13.779612932446039,1,-16.310774519538477,-15.644632458337972
38.08073581499201,65.33652824855493,34.45444814172502,0,2.0740804056926114,2.095901116167046
17.519159968176528,3.4450324709250175,47.09513690231631,0,0.02648188223220038,0.027211624568415485
43.622404507758546,81.21565392121141,33.50945782778854,0,3.067706724230497,3.1551102808445206
15.116820264108965,54.121240812833406,43.692372473252334,0,0.43238460421188657,0.4285652363135299
89.11960648319703,28.543501519813393,41.5465670280933,1,-1.3704873137653346,-1.4737038575394945
35.241868613047885,7.099190543954456,18.64576805896119,0,0.7360329450802676,0.719626595712344
16.291514975109052,17.087343131969703,30.40607305703533,0,0.2890058943250781,0.3011031807405381
3.5193282306693368,89.60835202649025,8.656805650756425,1,-3.6288642058886413,-4.208166634050968
64.93641624236194,68.9163981696532,27.240768252084376,0,6.05445475851765,6.030761938997809
64.05332942801958,25.740270442052093,12.290676618902523,0,10.59948108555509,10.914484545956839
34.71981249154788,7.494475729557924,37.443103932669835,0,0.1987028679730216,0.18559870504600562
8.099476995917449,69.370915926277,26.874862672714105,1,-0.7961777307397386,-0.777932467575528
41.55326059462797,57.668364870808745,21.150140768951363,0,5.802338932949638,5.356933074987139
31.810532011275964,41.04743292136527,14.1710577121819,1,-6.785130894504826,-6.502081380494519
68.03494333376592,36.99753346981632,49.936225610223055,0,1.0815987170674766,1.0094234095222077
60.972145695816344,22.46461331698172,4.513815523361702,1,-66.55106796391902,-67.22685810385791
37.09477909155646,67.29151439721424,3.134473348048581,1,-237.66394145486686,-254.0644662767119
22.57136287124402,97.09613475159318,11.645612624199362,1,-14.62316078931918,-16.15976515051518
98.8155606494036,18.39580933784576,48.58255047276316,0,0.7265500065889794,0.7701647151532174
45.946160498415374,60.11454538153483,48.98267024767924,0,1.2246139644143346,1.1511817053983484
69.13914934224347,42.994320518851644,33.091459003834665,1,-2.905813435609775,-2.714584033430239
14.914743790257717,45.22218345272182,44.12522669311383,1,-0.36455027910402227,-0.34641239697519893
49.07338026628038,26.160580732653624,11.484124811198974,0,9.34311410564792,9.73413907649759
3.7261352670770833,82.68835269048049,48.630062614654555,1,-0.12700385807988604,-0.1302846645908919
51.04005667313454,49.04030481057687,7.996457656838668,0,39.20896375596618,39.144344512909484
96.43772330465254,54.79717936762815,5.955134220901256,0,147.767008341492,149.01227474615544
39.036464585594224,31.17133036693525,6.498365423116372,1,-28.60424126502234,-28.814929225789484
4.860605244916247,18.999038101028024,29.083268240355668,1,-0.10595030995892488,-0.10917810376569786
4.0646233010150095,9.505128432079228,39.26774563518457,0,0.025892860088461457,0.02505568922260818
39.410689234740076,71.69779495156668,18.96669171585702,0,8.284552219658528,7.854827625304444
16.84246870985621,20.427193887097705,48.9169034015202,0,0.1568635320889531,0.14377936005598707
3.3118575364904053,69.31746006469098,22.286586767798145,1,-0.4626907284312318,-0.46219704715809473
75.8651477810675,39.64726815864843,8.371978987887598,0,41.79593022436316,42.9140316346303
46.39377787930718,42.161705297975494,23.8323706611207,1,-3.3381974580397156,-3.443843581051598
29.6352324252928,47.4485721131844,34.272821105699556,1,-1.2655932954389044,-1.1971037110897684
90.1082351186316,37.403142304626776,41.77906324471456,0,1.8653547273623632,1.930879522902546
12.497757059852034,10.961377745036419,23.479646207873053,1,-0.23607602312427495,-0.24849298063207748
95.6359640665766,31.653549190281733,30.086734476409205,1,-3.3649656083956208,-3.3442100405266397
32.08270502035793,66.70970170869991,14.099890895783815,1,-11.41568911069932,-10.765357899419152
88.95196355855944,66.91265574541822,32.64990979387019,1,-5.999323418536147,-5.583414050178222
60.691344771466696,29.336206416759442,49.31262525356684,0,0.7339577301471456,0.7321742751759386
82.84402861440726,46.550160029211106,3.403625056801899,0,351.8948504101385,332.88863162756184
98.41730315783596,20.15127557318181,44.44000286455322,1,-0.9475479974951768,-1.0042130154092768
29.552138344055827,21.82683607145374,28.551842635608615,1,-0.7868591088631128,-0.7912457954486725
96.1524130553517,3.2816617522541334,13.352834318552697,1,-1.5919688916775248,-1.7697302834629431
39.55870759533961,89.77790844086671,47.78959579045364,1,-1.5632018663788538,-1.5550518113825789
39.16567856895531,21.859959842415716,24.684360849886048,1,-1.4148481265141588,-1.405112968283165
34.698323321196064,23.52585381670987,17.252822331995894,0,2.3903685074775503,2.742417575637046
54.599353127410936,28.68054183186805,9.893383785271217,0,15.640854606000678,15.998716250225392
16.260359274670222,13.613399097847472,12.978158302576443,0,1.3702146708282585,1.3142275876306182
55.817437050443104,64.28702543495493,41.809603037980686,0,2.213296937899682,2.0527739809257124
54.6287764285904,8.43915236458107,31.106090456541125,1,-0.49624210033713073,-0.47646328432140606
76.42827944788213,14.286040206308677,45.749035354927486,1,-0.5096201242151889,-0.5216774551544291
83.53134623182098,64.8309159324192,12.366454155731505,0,37.26481450240578,35.41124975838496
44.60369368092998,34.626401427662834,6.935790118596172,0,32.12399966100876,32.106007208643604
30.93099168579788,71.08683484341772,1.2982890178039104,0,1155.5628454800149,1304.4885004921514
26.674154834392354,56.18504972234406,25.885239843183697,1,-2.2090408277814864,-2.2366964611274835
20.26775983378232,26.346096133089794,49.91703958871742,1,-0.20614231926000362,-0.21430108989062088
6.7071106377034635,65.43196709844348,35.05329817211331,1,-0.3740832631059433,-0.35716399576284363
34.90234990463662,12.511094348995185,16.11133500629216,0,1.6608585606159607,1.682235955115582
27.75452152094754,54.10462792492301,43.96607056828241,0,0.7319603708314135,0.7768422798156787
96.67532120077433,44.27766239945843,39.30439103341003,1,-3.126961737329699,-2.770882849214145
56.21317379875435,27.519484698926636,1.7553431377504234,1,-476.27771594698066,-502.0585323309571
35.38042686402025,60.79649477621051,41.0261635465101,1,-1.27820698327478,-1.277967458064069
58.4662924983759,87.26202564168797,15.725811104686302,0,22.278284292488774,20.630261633150447
14.780473433223856,99.8915652765446,8.333999764596452,1,-20.346180360616337,-21.25740250615685
44.96033117101809,61.16851410559902,12.090211147116655,1,-19.14758082295429,-18.814369162114374
62.99719782068532,41.06588155858785,23.960410414381812,0,4.48749383675083,4.506235418586023
49.400885347452686,23.29550292140396,21.81852842633254,1,-2.349006129403983,-2.417441155697649
40.7761012647781,26.45251285011606,15.155477669337111,1,-4.469030177808193,-4.696057167791942
99.39099050107012,48.4660428368268,9.438697788144603,1,-53.19815593665561,-54.07050412010424
88.15116145274378,37.360492426790216,38.349308692466295,1,-2.1155769117824397,-2.23936843114502
62.71718985778457,91.46763773986947,49.51537940301094,0,2.3050666909306496,2.3397735744525066
57.368358757045996,37.46125129791524,39.11178744056483,1,-1.4749238513934282,-1.4048804763438545
62.44538750263382,37.97101452339811,15.500911415905518,0,9.836225961259405,9.86820350642143
20.92989867442089,38.96991673096372,12.995639109194535,1,-4.7799436057671985,-4.829490530103737
40.11863658316754,83.82540082639815,11.665627927230974,0,23.227258121096813,24.711867281540336
4.9064937561990325,65.42804376384328,7.698058649962778,1,-5.77923639997369,-5.417173619435869
48.07905771119584,61.802716181570375,28.01519693492276,1,-3.7012717703984226,-3.785961126752941
54.759433811808655,34.08015921600236,30.664618225713866,0,1.9443329604034876,1.984656906992285
23.54722387421775,81.9725135064115,35.56963037249373,1,-1.538280736154128,-1.5256301419319658
96.43885586938586,4.7980222742144125,34.330455175749734,1,-0.3996652676738928,-0.3926044211337171
91.03600648278696,87.20892006147321,15.32433225288574,0,36.37771242943209,33.80733892653677
72.49218031013469,51.76224007959903,17.18523926444548,1,-11.903970259557287,-12.705537976596974
53.8052762477709,40.42677325147787,34.394212236674555,1,-1.9525115636774284,-1.8387522213685252
87.12694680512081,50.21956079105088,18.12293439839779,1,-13.676860157001693,-13.321967464503397
13.934582038522828,67.07413752284927,11.418536291346339,1,-6.8638353409733766,-7.16849803730544
79.26046963321362,2.2637772252718387,19.342471531140237,1,-0.46515188143313024,-0.4795858876624994
13.35726058271798,87.28363378936652,14.332123721320905,0,5.664061202379607,5.675826612674539
79.62685559239114,45.22721300582789,5.327323339710312,0,119.6763206461167,126.89405584289788
28.30098925688434,34.95368545030774,41.67680621155603,1,-0.5889516016975108,-0.5695157368323739
87.8319675208007,14.686310997771653,42.80245806869478,1,-0.7222821029609918,-0.704089570233771
94.46016728871439,44.50707206148577,11.767764708177094,0,30.77962800152528,30.359162210039962
15.730800971106447,50.13595435715351,4.173837776734885,0,49.1284788207007,45.27192815365636
46.804884901473955,40.9610227548543,37.202544430207794,0,1.3376396191937772,1.3852134046237587
98.11775043810583,68.1873492888628,11.364902667307271,0,49.14145861679442,51.79882987867639
48.857336161341514,42.668756347163374,20.27833898240615,0,5.042090798208114,5.069615381867601
86.49120472893996,96.18034020681075,4.1426273596317795,0,509.74350947971203,484.73738662503393
59.28442069100066,60.32847426453559,12.087209653163324,1,-26.25094841435132,-24.47996611445697
38.15766088404058,80.94031562953899,39.852211638152156,1,-1.8033109028510017,-1.9446514940133948
29.29257199706115,11.826234407838406,40.41542589884489,1,-0.21390912362304623,-0.21208486124484308
21.11908601752264,40.33183800164466,11.14715641949781,1,-7.106483366330805,-6.854802439180951
76.41802094639202,34.34792244326812,17.459778410227788,1,-9.299216652825718,-8.610310335127307
39.26751017547976,57.37875642552259,7.577682535593435,0,40.62457399258369,39.23843550262711
51.61627075787436,86.25023848608113,4.634458883961196,0,205.50194134620864,207.27592473529538
49.74022252011701,8.75548355843866,49.61641400797206,0,0.17841370322363231,0.1769037809571628
58.15062389407999,8.184905006426368,33.124103610997125,0,0.4142520506911914,0.4337902167085371
86.69213741683068,85.1814531076023,27.56272895071762,0,9.565229025579372,9.72031471951279
98.09319501475952,22.072158517797384,38.50942651985968,0,1.4244688389523417,1.459989002374317
41.35083664880788,67.20657219053156,42.163780824698485,1,-1.5710710593645383,-1.563208658697912
82.92437328852401,54.74493510371971,40.529023634191645,1,-2.8562415667874745,-2.7637188475946894
76.68825167081705,83.45646589383571,1.8104330152039538,0,1802.8619986581261,1952.6477485996431
57.779366194101755,13.383802073803949,10.153587011334425,1,-6.477588525728168,-7.500898509339608
95.64866721758138,13.848513606538516,33.09035980377372,0,1.1272381938842464,1.2097039704509398
20.846977037311877,56.12501766755245,19.412208042394184,1,-3.07674418398763,-3.104914922915294
11.817156820652519,94.69148668247873,49.14164990199424,0,0.42231142243893927,0.4633663234328133
85.54223472858679,42.08477807870467,33.604834839274446,0,2.8695635292217014,3.1878810090944625
44.47583184674108,33.3672679252148,47.87089652773112,1,-0.6444246117029152,-0.6475921953339365
84.84991656649899,61.0622429965907,10.870877600643897,0,44.22469994481075,43.84246470419637
89.41593031434608,93.11441145395808,43.33389437763613,1,-4.154140795879764,-4.433802675935223
7.183301768288072,83.85585545161774,16.746262984946043,1,-2.105027663221464,-2.1479377503642856
88.46301153562001,99.55287746258877,49.48867560365253,0,3.568934116362255,3.595869103104851
45.3835864815728,3.234289737035332,8.726744931584218,0,1.8358925900901875,1.92740584303826
51.53281641141899,12.172956326563462,26.300651123078,0,0.9748447325731622,0.9068739805151983
63.03265859822781,61.33730857329558,39.849382158018976,1,-2.32163538401606,-2.4347095332002295
92.71187806627859,82.23706749405112,22.199481549597756,1,-16.43505820244063,-15.470962379316665
2.892493348546639,29.239189888369886,23.93611894919469,0,0.1478951139577306,0.14761491333524582
48.20750336346389,24.681897715387656,49.33143397978131,0,0.49245046508753404,0.4889289001314475
69.0844822006255,78.91060413873889,21.84009936475651,0,11.231435424628812,11.428958489279506
72.54798881212461,6.581803531469927,30.599532929354115,0,0.5296462344828297,0.5099653830502312
69.5607107221737,37.56888211067592,3.6724433730823844,0,201.82616827132588,193.7680047367671
14.309077811404064,51.075113036640644,42.26829393030274,0,0.40516822234421984,0.4090642669611816
30.64016324879644,56.47451876068202,32.76023439999763,0,1.5896714840086401,1.6123139542242402
36.51283701628433,73.13290052248492,20.796985040277864,1,-5.711153074164654,-6.1738719548738485
80.639283560271,36.129726619635164,1.792307457771468,1,-864.6539957179363,-906.9561964015508
28.59722736904075,61.65575012278611,29.99177220908169,0,1.9672597512254644,1.9601678258173636
21.859791422853114,58.95216685630468,1.6202335957239473,0,450.9084562974238,490.897160886146
95.78735388477152,55.21399396472096,1.0589770815418775,1,-4634.995988808624,-4716.113160231943
1.877465226233421,64.40784602107901,31.188829545318377,0,0.12865085054729686,0.12431184825914374
99.78426471251584,26.685467935739553,10.261836299393158,1,-28.7689779556988,-25.28638344986712
68.00530858688217,9.380226604878269,10.402489936186669,1,-5.820731024551459,-5.894969156010263
83.0184606454626,12.8078955319346,33.01030672580444,0,0.9554531409231016,0.9757831927873234
30.167320238273124,23.233655882736205,3.63116220902934,1,-53.744309841822016,-53.157308882478816
2.417212489038938,50.51959561675574,16.35687251225326,1,-0.4771377678211623,-0.4564299745617819
74.04908233759147,84.203832304056,8.322163204958933,0,89.36124512363988,90.02830666770632
83.58031510306691,70.42804086675002,29.42864212003016,0,7.269932654352313,6.796873146160862
74.3071370633984,79.11501981600267,33.42649258164239,1,-5.378914955776897,-5.261479136375537
15.14217844278302,35.746586768683045,36.33565682635313,0,0.42976759063726006,0.4099745608505053
75.58936430343994,41.06072042320647,13.506329629009706,1,-17.7001962120961,-17.014240546199694
77.12335542865645,39.97450671307067,5.373237830192616,1,-102.73065307621592,-106.78171754884772
66.19551105133543,19.99544525604565,4.855499190152994,1,-56.13786461559969,-56.14251281037306
76.84547734676303,7.060449156213631,21.881425874085465,1,-1.1132359174812416,-1.133181315408435
84.74622252809549,59.50069318989545,47.34637604407304,1,-2.248606850460923,-2.2494113812448555
61.746807309508384,98.93245165863803,11.668722678104206,1,-43.425571149099135,-44.8648935362825
9.771866682998226,17.516140790076022,13.580338465735917,0,0.8089512120483018,0.9280999993644229
49.27515315705388,5.621797170028102,5.943551303187087,0,7.285022894919169,7.841716257055097
8.687284132488902,78.17363650056936,30.672943420802582,0,0.7368805263308621,0.7218275173110404
41.34676007221065,26.006014661787695,34.313770823411566,0,0.8199156214262927,0.9132262664946575
41.303542423437136,83.1347367299399,32.50362919987724,1,-3.3363941203943424,-3.2501702948466558
7.534974569883916,70.68973003641703,43.19538190919428,1,-0.2862476130986635,-0.2854719737413885
35.53323286297845,94.62168016802966,24.834865916277515,1,-5.6770436526336185,-5.451320775762998
11.98881178034017,41.483796339910526,7.588394997586158,1,-8.935483265392655,-8.636838072770448
81.015285790913,66.53501410561277,15.18085140451622,1,-23.07210524529234,-23.389716782530797
94.8211145704826,47.0206233005138,33.45906869764624,0,4.183571763500787,3.9825912980957563
8.159331050535922,63.42828103354581,31.042976713336433,0,0.5113085955656212,0.5370451239010656
95.55640552187845,45.510291694765996,27.019153357405163,0,5.785696950584318,5.956977384044188
52.73508333433777,19.67459239598341,34.46525651574567,1,-0.9053949609807554,-0.8734586498579529
30.657002117433517,51.28184418433471,32.232151668291664,1,-1.6964734273249484,-1.513264077499876
8.609345452340188,53.329835942306794,44.18491958378263,0,0.23684194875754938,0.235175591055179
50.561802538971364,81.24978097775595,29.714802496436533,1,-4.435190667184137,-4.652635726086574
79.65703890458411,73.81654987356454,39.151466576327266,1,-3.6410349348099724,-3.8360285534043896
71.00156124940311,66.71537077020297,13.186650642356925,0,26.055077966504925,27.24111010324627
5.972375134933403,12.225322459704682,34.23094664486433,1,-0.06621146902436865,-0.062311697515370336
8.217281701422447,72.34101277570778,45.20751180075111,0,0.2911792725677197,0.29086505762545545
40.88445498063108,50.530210479096965,19.90088406709183,0,5.432612283276244,5.216324260773362
30.233758910746385,89.51585407450976,39.176105179593684,0,1.777048068900003,1.7633949440185264
24.006047982548736,92.06722247892374,36.51467575857633,0,1.6816204547685027,1.657642275029189
28.819445391962645,6.4605024695767606,3.9167836467193013,1,-11.443589732225394,-12.136480151783564
80.54479158639158,82.24351447509339,29.493907171579544,1,-7.896509827555247,-7.61508060376855
92.99357730955353,4.732041651844391,7.379278110839317,1,-8.170041633268816,-8.081160949544318
41.105166758229075,37.349792943807245,48.39863943929897,0,0.7089853995997787,0.6554179129490978
90.70498921111721,54.687697586486834,40.75896763233215,1,-3.0152774031386476,-2.9858945402428345
32.828074423540315,15.661979064085617,6.376466261108885,0,11.844082984683007,12.645380919055368
48.16726164803537,74.8850674443386,6.965847884736242,1,-76.82386650901803,-74.33600364837194
23.37687078378397,1.8271157130417186,30.129218890718327,1,-0.049259002586287334,-0.04705184780750104
64.40712817540856,17.691305794969647,17.899569534485984,0,3.619894390902618,3.5563840251933803
97.91913040230608,58.49888615549409,2.7103870945823547,1,-814.6753312488622,-779.7448290895317
60.74581650829449,71.72436864169194,27.540433883819603,0,5.822204609224075,5.744358710658559
36.42359432724134,91.7476671666977,20.0044098846065,0,8.043431086319584,8.350766525705867
65.1339271530623,70.84416854152776,5.95274812621539,1,-144.04487543913083,-130.21960021984955
13.16914716807337,67.50614775523172,40.29409922054315,1,-0.5391484285740998,-0.547542801431013
88.97724894627447,40.03977348871577,45.83876149866149,1,-1.6829412778985504,-1.695527490569244
50.8053111272038,1.12715812715334,38.07310276669237,1,-0.038482773269366194,-0.03950548700230763
45.485624461924566,12.895766614826572,41.298693190797586,0,0.3323406349418423,0.34391309066800163
59.0006140568984,53.920899930847874,11.608037796039751,0,22.689750330167087,23.61000268810365
62.85360241615084,67.83785869859754,13.915074595011449,1,-21.578676257476815,-22.02070542898288
8.10580481642479,42.32738010574979,11.217849474660198,1,-2.519377956975262,-2.7264548727410696
68.57910490111684,73.33722214131063,38.488108136912636,1,-3.393286755404496,-3.3951826269971974
24.95123635123743,52.6643672378857,47.447936867790354,0,0.5960703529518684,0.5836792768605403
71.6813106181524,8.343443363836908,36.12502312996123,1,-0.4656532428420506,-0.45828431328613495
82.43094464403548,20.009608845826936,44.191871479098246,0,0.7793999402321019,0.8445864081295217
80.5918922476995,84.15982410115035,32.29625564927545,1,-6.188127836834401,-6.5026716286679935
55.697595773381025,72.76636191581952,19.995335127381153,1,-9.676576698515714,-10.13700676276619
52.49681933876437,89.581436714237,21.862319131584954,0,10.188843464836703,9.839172068075824
15.14472017260176,12.63816766297272,4.690750176202837,0,8.619692695880657,8.698828302307092
77.75926888991043,99.03203092689232,2.541402567055278,1,-1156.6942001652699,-1192.2873210489292
27.869528664224724,21.731264681043427,35.07830460526479,0,0.5141905358605214,0.4921952694270749
50.172846858976705,2.166207752377559,22.48301570854785,0,0.23242808472122495,0.21501052615580316
29.143135199824155,99.74487096630186,28.058538334676847,1,-3.5098014496845518,-3.692298102718421
14.24900793696962,28.8263146590662,28.3254011334984,0,0.5135766467309076,0.5119430052438045
63.32621199228192,67.13392579874343,14.59141485333177,0,18.661675642449918,19.967824192637924
6.378871447467479,18.491549103454215,24.318733030645042,1,-0.19789825091046462,-0.19945055762393568
75.1158781784938,58.44262468771503,24.06725086171741,1,-7.481711153403438,-7.578940392868403
32.44109273085055,90.49946365900136,20.032933840164993,0,7.574991033895677,7.315640680495615
1.0133346074440466,32.69793557541542,41.21309378665245,1,-0.018186996237612885,-0.019507552032199005
51.60178478448575,67.35514362839156,23.107036180692198,0,6.478521483565021,6.5094905515253405
5.638338944232709,19.602455291043235,30.578581700793404,0,0.13061969119036132,0.11820258531308243
28.34078622426905,62.8547444731538,44.880485898660474,0,0.8065785589187529,0.8843717455616115
70.99067225811591,34.30858482993351,43.4454475200872,1,-1.263318430935779,-1.2903738196205357
7.20627254056472,21.909617600207216,44.630687985179094,0,0.07609971272822452,0.07926442574482448
84.09451074324423,32.00502301965988,14.230244826785684,0,12.02364947403072,13.291103747389053
1.3781723431997277,18.705265782272136,2.7141419270950786,0,3.4641650800472648,3.4994702514151017
25.43556305098832,90.2896946759504,13.792273194871132,1,-12.952402720407605,-12.072795332780053
74.34950155905507,40.32150174539576,14.656659935414723,1,-14.068118845872029,-13.955478666513176
32.310744823201375,25.282651192462367,45.55865600952343,1,-0.392891029576516,-0.3935752453439761
11.08734641853534,45.39237626057736,32.81289390906056,0,0.4935775416719981,0.4674352571089976
36.66315796124236,32.73308051384306,5.003494020509209,0,44.3234554721825,47.936903638806285
27.768935352068027,74.69750612751928,7.633551204543956,1,-33.9800011555813,-35.59689239604111
84.42847831389494,97.15077127666395,8.628130151556796,0,110.72008846326781,110.17976441797597
32.021443840929166,44.36533201306703,31.890665660277236,0,1.4687334548714026,1.3968747829638553
79.10431470582472,86.2423065972518,37.03528724984315,0,4.866436575081118,4.973808968405592
89.29534233626273,57.02044428240233,43.12255161770441,0,2.5557160975186983,2.738107545277289
43.94792453807642,16.566330844329116,47.09119098950591,1,-0.34829685513523495,-0.328310937853913
91.0843712415848,69.37165146605281,10.883523311935647,1,-56.78967835769194,-53.3441592323915
38.354487342356094,51.83001521545619,16.178851751478405,1,-7.413112221833703,-7.594551429744489
96.44376323252071,65.41004580195825,12.775821156496702,0,41.50333527871678,38.6492396217556
9.83966292803172,89.07905384459482,18.57931680584075,0,2.4674704988916827,2.539196650088962
69.01490738382103,44.60302249494856,45.818590263763724,1,-1.4201779500433631,-1.4663031020144726
49.887590005235936,90.2165846985182,29.180515780028713,1,-5.688198039359655,-5.285583991627008
39.37723174010906,75.31623241388384,37.17140296890045,1,-2.1270734046530206,-2.1464257129442395
63.63847599611149,49.37188766192049,25.015842570212317,0,5.188591881710406,5.020757348272655
70.68185207179879,60.7189914301384,2.414037753470102,1,-789.7755526811432,-736.4518445841129
1.4319636953805996,33.232532119382135,4.145578813892902,0,2.740785791734892,2.7690135966214706
17.528355785972675,98.37613267413865,27.358228532126404,1,-2.22138570473593,-2.3038541380669666
71.59155901279755,67.0677651419892,36.22066270618126,0,3.1229889876582897,3.659846499310412
66.97215594424245,5.34083839716636,11.551195848907843,0,2.859708040278207,2.6807099263446466
96.63870300773904,33.33556866905287,36.3735691256229,1,-2.391874322821347,-2.4349336128477534
76.34274123482751,62.70812894214669,40.72262290069211,0,2.9902759530992364,2.8868226719471477
95.12649806540247,6.57699450212474,21.18297643974345,0,1.365523484298312,1.3942961289648328
70.55150965194589,3.364534940595134,37.57454240936114,1,-0.18261153684840642,-0.16812951231446868
30.507168655304874,45.552399713252456,20.797467566094536,1,-3.1270697695331426,-3.2128633340545174
11.43112730283479,33.93632778957433,34.23918084329598,1,-0.33227442027971577,-0.3309079305961736
78.40056247114862,44.39156219528342,38.43585541665761,0,2.3596268210237996,2.3558438710814387
64.77077292611568,27.006637678120512,49.60440429709743,0,0.7495600367383588,0.7109009924781534
5.7704152269363265,17.30705694735511,17.92443644111621,1,-0.29899763330617235,-0.3108416946035522
36.64499612419686,69.22519234105343,21.140998248155963,1,-5.130581331364905,-5.6758102860588195
95.72318173294433,51.94254051051225,9.115382911098395,0,60.30017832708516,59.83984764630864
50.53971342530992,20.815266913687317,10.999579861688538,1,-8.99535917129874,-8.694859422417718
43.840184465950756,32.63935319973983,34.97635512732051,1,-1.180693262103075,-1.1696739482411314
46.31226091077011,59.58898285866927,45.93523391756933,0,1.3350686303850747,1.307886602578777
21.67938967651121,8.150705478975308,20.335642631400788,0,0.448997113253741,0.42729366071562397
37.50200991561473,15.597847917351775,9.812377894941521,1,-6.520978112141814,-6.075341499802099
37.611512342730485,8.251314806631623,14.96987546976671,0,1.3854566149548888,1.3848654425437203
6.183146998559768,81.41941593869777,23.29753353559879,0,1.0021511356416852,0.9275079976675747
76.98919522327391,75.48851408798892,15.24186613890305,1,-25.317415244430485,-25.01695057179169
42.23393875848402,75.57798025604644,12.445375072971446,1,-19.648913518283905,-20.60823927178442
82.39580879482591,71.91620900412677,37.0632399490969,1,-4.207295503782556,-4.313652383616476
85.18445211086964,67.26915694331706,1.3844011407905366,0,3132.76579012977,2989.8708041170376
21.98741141516715,48.22219962243932,27.422295839487674,1,-1.467069143496471,-1.4099817636668273
66.07799473484273,64.58553818720438,39.89457354445794,0,2.573436856554264,2.6814177742296694
47.75589861213519,4.79779392400949,14.045186029555941,1,-1.1603077636988908,-1.1614850386691684
88.13551705422702,62.524977843021674,30.56128401998885,0,5.44811120685929,5.900126310911728
22.35832723846896,78.00989284815084,33.776105175312274,0,1.5082476324623568,1.5288675150087223
68.10350683069437,50.535477678054626,33.09621012384941,1,-3.102295503803075,-3.142022713889408
61.167460103019536,36.39381951429645,22.84663207573717,0,4.645409597805217,4.2648494853163665
30.234846279611446,28.465246745296934,17.98232140591318,1,-2.607936714568643,-2.6615290219898853
14.523489461466088,64.63740296604617,41.96027957836286,1,-0.5165171197359099,-0.533185249652527
65.51233628725038,69.58731866436096,38.16385189299335,0,3.312274401172398,3.130032064209213
74.12114835510074,87.22579238639172,16.741503497281712,0,21.95476761098621,23.06737345389502
32.24710703257165,34.89107416363808,6.047940527668098,0,30.506365864308385,30.76026518793145
64.83842779820907,77.20745843117297,4.51856972682799,1,-215.44920580420958,-245.18266153290452
40.11795985353882,56.57422659474446,5.619522917047866,1,-72.15614113195254,-71.87180827208849
71.60748144497916,88.40081257712983,29.560598698410097,1,-6.839782542844997,-7.2441628506262425
20.72231221451126,53.25339872126646,3.531446615620495,1,-84.22323775808968,-88.48715910157104
89.13128526098126,52.245353011398755,17.509416873237882,1,-16.31175212450191,-15.189184992139275
29.453550050092392,58.209831062650004,37.906785393797236,1,-1.174641182264541,-1.1931638141834064
37.410812787859136,75.182220159101,15.423060159253527,0,11.91094261281892,11.824184156029599
6.751103255954629,96.50435740401763,38.40209578182636,1,-0.4344973128058198,-0.4417858693018128
12.039709019806363,8.2827720673608,37.52788487214571,1,-0.07347806253102979,-0.07080819534208241
52.070328368520485,6.290025636710699,13.0455294990276,1,-2.0319821032674863,-1.9245061782058082
27.49167499606918,93.8174834033265,36.71228682454453,1,-1.9591939995273382,-1.9136482151799525
83.71254234847724,53.45768692630241,37.64105527533294,0,3.14302846076171,3.1584726017054257
2.4546454768404304,61.875398442126674,20.475242357684316,0,0.38374862854050334,0.3622836065701919
38.530310818521684,48.759936557878156,11.310603703334394,0,16.02010268435776,14.685680390888104
34.397209130140176,10.272087808139975,26.542269537701586,1,-0.46651777808625616,-0.501540281965624
2.9134354608425026,77.04084846344799,46.14848181200962,1,-0.10086009150473262,-0.10539296499519854
13.312471501050512,74.9752398637701,32.341219889171036,1,-1.0021732582801224,-0.9542534978629249
41.95062481694489,31.858628827788387,9.4732023837358,0,14.588169245278493,14.89264655588713
49.793593860297214,31.31768527761164,34.45508931194247,1,-1.2997917899012894,-1.3135795180389134
41.02468497823204,83.94629670964633,21.932948336809893,1,-7.385388409588785,-7.159006645757591
53.56283016279729,8.163368516391335,29.984911070413276,0,0.5003613902328875,0.48632588766630425
59.91803581566247,88.22940968730002,36.96913771613229,0,4.007395848234515,3.8680519629682957
1.9824582916557274,26.409507299695527,26.232420224207797,1,-0.07404287347834577,-0.07608300135622058
46.945420785896886,59.7054900277939,40.885214754092125,0,1.7627215984428837,1.6767755656230439
96.38642484787124,93.66342372117599,36.38562338651476,1,-7.127511787791999,-6.819087457798712
52.384195732825326,68.134127652128,31.138593660907024,1,-3.5093223663715087,-3.6810099536103498
68.07668447843636,42.02855143423662,8.388847975785223,0,39.24311377609098,40.65726587718036
31.874521933771437,69.26388668163611,41.961506434666845,1,-1.3128481251260304,-1.2538581160794202
77.62514643712349,35.05398399532065,46.859373680670984,0,1.2721858881350838,1.2392155585140774
77.51922670573539,28.44858321856943,7.711291066655447,0,39.34112774515177,37.086502829887856
52.608308717759755,99.67164451553329,24.923815342238097,1,-8.235091055177495,-8.441058576406304
97.62536850464214,75.32823288679899,13.68554835655472,0,39.30497980708001,39.26413720488906
13.429471261502684,64.82727776079994,37.97164206385266,1,-0.5944430721528755,-0.6038067203804657
2.6778188240685186,36.17367467871256,36.3598521642303,1,-0.07277077130541437,-0.07327057524369004
77.2456629639525,5.866922086349768,7.903370907949537,0,6.846912574225675,7.255372216684249
80.90839819912337,4.074630727480406,43.97433629182022,0,0.15989152702644427,0.17048386103174612
12.900515682937048,55.86394428943108,9.86768013492211,0,7.372138341322464,7.401309076181708
27.292700462902,76.44123938286606,40.065692256757266,1,-1.294468201838092,-1.2996575287294965
2.737683973296262,54.20053985394165,23.39203762177224,1,-0.2710220769302825,-0.27117573022923774
30.037552467275905,84.23772212197234,17.08534238434941,1,-8.375071699198537,-8.668097432259813
77.54104551794848,4.309226776228941,8.753723871036462,1,-4.407570906578934,-4.3605906192206
52.278092243545316,37.30845556616807,9.21309855118484,1,-22.331365128287885,-22.978176889637545
35.46146372366052,24.46996872624363,33.432637180344116,1,-0.7819467318550398,-0.7763343481667441
37.802190195726695,45.28002384755508,27.971089009408907,1,-1.9883301327576546,-2.187786102619125
1.1340089458313471,8.165262926218126,6.982185660910402,0,0.19070102088126975,0.18993450479547053
30.680252228958352,95.45903251553618,6.522195161477934,1,-60.7898829417555,-68.847531645243
64.99941542215512,23.102284705866733,4.543218163866781,1,-71.47024914702348,-72.75070369505734
97.44524993781936,92.30846977287489,37.444600021303664,0,6.346860146567836,6.415401387400205
84.85902187140606,43.1634223486315,35.88222217623517,1,-2.9727613840789893,-2.844822875183919
3.3359014999073837,98.56688919226659,3.8631185518741824,1,-23.622262431095862,-22.032724135567115
89.9574998628091,55.85177996256086,28.453233704251673,0,5.898346793222949,6.205990882076322
78.53664291656396,93.15245355340494,5.149131606891805,1,-288.0653069343561,-275.9298261365447
78.25723623352707,1.5295498807280616,45.28354275983814,0,0.059524703244256266,0.05837237414665185
46.341580141353575,75.07564181190911,45.44875353982649,1,-1.7286368459581094,-1.684325167130644
40.40252400249578,90.40201465714902,35.21341650084337,1,-2.9180459191748573,-2.945576314098294
30.98865715448607,14.832336130916453,46.38325715053305,0,0.22733789397647833,0.2136435721393057
7.503791036482212,10.516459321482998,40.761198490270836,0,0.04728740215557196,0.04749592911783209
23.59530098587621,43.032688111409605,41.59839022042542,1,-0.525774349995012,-0.5867741167627196
25.41375986282444,93.43421170716059,28.915684677926727,1,-3.0068927882982193,-2.8399316475671093
48.92362990130996,54.696269458853436,15.996900712592618,0,10.37820936976939,10.456941537865438
74.99699625307271,53.218189908451485,11.672156640704657,1,-30.08553024181742,-29.295556627147523
47.907173011396715,14.971485711632864,17.03280107990753,0,2.5880193436951973,2.472255178374862
6.7266004952689,1.0781615982286599,31.79627607436404,0,0.006370082205660078,0.0071734318349007025
95.82119029783219,81.20386898380066,9.460170255787547,0,80.67063065400039,86.94415243842528
94.32970759031711,9.669881735637585,13.673371595228758,1,-4.905047200600351,-4.8788606909824574
78.73376477169244,63.751132054797075,23.934982276977756,1,-8.081958991462159,-8.761585411899276
99.14146225485784,91.54702899700395,12.419454827706161,1,-58.17849979375532,-58.84295989287485
54.90375094722603,21.656539402684672,29.84353981608702,0,1.2448104075203084,1.3350280989453487
96.3140666750674,66.86201078745417,46.23562539436016,1,-3.1927395962588343,-3.012421100997375
8.484899021058327,8.791159094043437,37.656378919453196,0,0.05700389557544637,0.052603629085805015
37.20239407787576,60.77175923992368,33.654904093296736,0,1.9340795325876932,1.996070990232755
23.31274553266982,17.229240374367073,29.55335232320516,1,-0.48156419413713103,-0.4598816180623449
20.387475329292734,73.85940249100263,24.90944755359618,1,-2.2475721536549367,-2.426839454620577
14.939491940374932,30.82189818459691,10.141629122098326,0,4.703254645801952,4.47692440290131
62.61895051503367,46.87570987165998,44.84081231591641,1,-1.366848370671724,-1.4598448405078386
78.3508637189832,60.34362366073455,13.17826409862898,0,25.93121049927951,27.224427829494193
58.251541542615705,17.956067655957717,5.474135001329877,1,-37.56669116542423,-34.905000506797904
15.549308249232757,74.42214404314447,37.750743782206065,0,0.8174182212762763,0.8120115846736345
81.30125322341362,30.96139372304464,9.605161182227153,1,-26.826844851748838,-27.28402433017175
63.95951600920912,66.5748141313626,19.222903977517625,0,11.733378084156874,11.523307155480229
39.42840490657256,16.67002201923799,2.3859614862580067,1,-106.9232361056804,-115.45653594025069
67.73889925807023,69.12364826142867,7.716329184481956,0,71.8227928343682,78.63996171326673
26.730592945040453,13.690619208235713,9.486977907235692,0,4.24085930670551,4.066079869601611
35.17402864092684,43.11029313072838,3.6660962597587194,0,106.63621314102372,112.82240699352792
91.83109847006703,25.473401300148804,33.17619087451941,0,2.216252230021334,2.1253167974418425
29.759946061470618,75.08914969339007,42.01338199435274,0,1.2359361936448119,1.2660009762242272
47.52883854763572,26.94146544618058,19.292454911931106,0,3.300338696928644,3.44035634871186
89.12397260220546,88.29001333314423,43.85424735919184,1,-4.216273171774133,-4.091502256682172
71.06441367648522,89.29020092925467,11.4539821534462,0,44.87037031833817,48.36631201982847
7.158119390305572,20.4476902070558,16.944130754500733,0,0.5108361502611144,0.5098056052540354
15.583001383618063,61.770748555764705,8.386112658527251,1,-14.215920490259924,-13.687136193699077
1.776317486419765,9.684046530276468,31.407400575530932,1,-0.01675307454952222,-0.017438674494745426
63.461257232687174,39.76217286056129,21.573609952645036,0,5.595179361348504,5.421670696418473
45.31966911563141,71.61885122062596,31.050883995253034,1,-3.0822524236141917,-3.3664032970562254
14.293210239325278,66.2829014381417,38.322070364314996,1,-0.6332933268819144,-0.6451093918888828
95.83547798462027,62.845366271254186,27.739447785614473,0,8.030926617907706,7.8271553299191465
53.43631267061637,28.971545502581915,31.753887390187607,0,1.6428584600224783,1.535374577191899
24.94743611717603,38.4244699940058,46.827265405322315,1,-0.45087508468961884,-0.4371557663452258
50.559753544316045,11.191668325328331,15.654151170833313,1,-2.4809153760534453,-2.3090893189034456
68.28241294077567,72.1832592229265,18.5990329930637,1,-14.105800879702732,-14.24835140310953
8.547682579382883,50.884990882336076,36.16746472375751,1,-0.3561597318860236,-0.33250788928246966
28.195677689741306,71.1677976022198,30.953970335713947,1,-1.8373123180934976,-2.0942732204616386
80.88958359751537,25.645408954890403,9.748112322446026,1,-20.241670544417733,-21.830374159659144
46.50682216986346,33.11938463487156,19.43121819051402,0,4.520813062269902,4.079424192018593
55.1111370611972,34.08731838875135,23.924062643111032,1,-3.27193152804012,-3.282179637802422
43.84878421873746,3.5484985649744036,21.550102060451078,0,0.34426865284140534,0.3350452981486783
5.346094321657507,34.76373941023173,9.735465607779998,0,1.915825155246772,1.9608738225784657
17.409228202195436,80.52715277828531,46.29707449742885,1,-0.6251816421673548,-0.6540557442072071
45.1086222354472,89.83255107922412,38.353619323004814,0,2.5873145674079474,2.7547398326342063
21.709361075384855,52.30361324795682,24.586435773284762,1,-2.117244897441263,-1.878397857512997
5.947923837308195,46.0946678267028,34.32299038703499,0,0.22352554089076881,0.23272650691341462
84.52131674113055,4.051637251237655,44.96685093464057,1,-0.18168537416949238,-0.1693603959623314
98.13806038724746,88.04122942095287,7.672532975716989,0,157.6189399544596,146.77295615232498
79.5211445256772,2.288011129161399,13.268279484641907,1,-0.9396771432427246,-1.033502502962642
85.52470724876204,94.53025794081097,27.592361115575606,0,9.874139544336725,10.61902660132293
24.95573590138749,49.432408620120974,40.151508196265574,1,-0.7157846725184565,-0.7652061060245817
96.10207057580678,34.85151486389793,2.776489876634842,0,455.1399502372315,434.47242327479023
20.49564474088941,92.49762504942335,49.21688935962167,0,0.7212144927255966,0.7826432489590217
95.1915512258214,3.414708317899577,23.29042354123746,0,0.5875419995122109,0.5992350996516412
99.48711010262915,58.56106459203962,18.602325890464428,1,-17.32447616323402,-16.83609168240921
71.46055776885882,55.34431992543442,15.343497454148821,1,-16.170992912627916,-16.7992822019945
98.13322944739036,22.712719719926824,9.543478674892711,1,-25.975675212445843,-24.472132648868914
57.38443817714326,43.45985570367085,39.787121537571366,1,-1.5832120081456706,-1.5754236942866564
26.69463653443294,65.57413658843325,47.81529407255873,1,-0.7918958743844557,-0.7656370315136182
44.26259268089647,72.98598849131082,21.268592987424512,0,7.310676236849897,7.141654282382374
59.76253260249981,1.0709690119513984,47.66861404291936,1,-0.028472335748585466,-0.02816701651177669
8.235074640674483,93.74848957901051,41.36608315631668,1,-0.46324733096973264,-0.4511729128040992
62.611983197107364,17.28801186688843,24.571505246339598,0,1.7737092727630908,1.7928294923334367
98.13660583946717,24.12446298801356,34.0272827771805,1,-1.8365644047813199,-2.0447214248971424
19.820657328589036,27.083871123690976,22.314224779352685,1,-1.1005885313150419,-1.0781152387779764
79.46691651254994,4.744193518651496,28.377447002415067,1,-0.49253670822139123,-0.4681684198180766
90.88198058418232,13.182160235442167,3.844270513906687,1,-78.70075988602902,-81.06557888732536
94.42645768920185,98.64864237147204,35.11691028972612,1,-7.607775413058931,-7.553569236676064
96.05342483613927,32.20645700035132,3.5884075797226984,1,-257.2439100007136,-240.24384774983903
52.624504233425725,12.414807943565885,41.03716239906282,0,0.4312330877277215,0.3879478746960324
97.75348289115887,11.592134856287709,41.422399543567316,1,-0.6720668536462139,-0.6604275139583906
75.97371050630944,72.22653679932722,12.616787090254515,1,-35.1229803100239,-34.4716903691776
17.005472187459226,85.60229773923145,16.859476270754215,1,-5.080438927423795,-5.121367707916071
48.213110540329026,26.438277651338517,24.584208549356372,0,2.291489714821017,2.1090450080489345
72.1147863618284,3.070041721188262,30.236482439691592,0,0.2218235122402266,0.24216203998661798
25.48669126608925,23.085911826090225,15.080329425357839,0,2.6229548633607207,2.587252607927502
64.42090317133986,6.595053388878976,30.031833826964327,0,0.5202277413592747,0.4710656323229993
66.9934474256153,11.23609872637411,15.591566588235645,1,-3.0765503224098287,-3.096480615639185
17.10727463704802,43.7193038649166,3.719045332481973,0,50.73433413688389,54.07432680222112
56.943445932822875,23.761918715301626,1.1238499417635386,1,-1104.4180472767184,-1071.293811204465
77.39106418688216,52.07864197401692,5.956401838003002,1,-112.42598415820214,-113.60108818352877
50.39067078905825,26.095881572461845,39.82028430803689,1,-0.7741213066321698,-0.8293033113307747
2.198208560834635,94.11319280919182,48.11013430678352,0,0.08786470442595369,0.08938121696260065
1.8948084388499256,90.68845282470019,21.921343764779742,1,-0.34280797886759956,-0.3575880177481917
36.3459050530312,57.11380439603614,26.121513719047197,0,2.8239449524530738,3.042285005443352
92.69321277474641,36.08797520675123,8.19556028459788,1,-53.397786138634444,-49.80273030851488
23.63900118075727,38.73354132143882,28.000536281327694,0,1.1396490445240899,1.167840760701133
63.802005198297024,41.7733760313052,8.088090198341865,0,43.671366817190055,40.741961291088366
22.985511198638736,73.03035289135946,30.949502228742674,1,-1.7464335031475315,-1.7524685350781681
32.84532897629531,45.71226055636495,46.72967471146184,1,-0.677612778803,-0.68757614199067
84.95616687054691,85.81626470408385,10.58922842584894,1,-64.11432715427306,-65.01834085070433
73.15728278472474,94.4653838071061,38.463622184798,0,4.930282935621992,4.671215461697141
10.444528454007852,34.25866918451445,2.151618718097878,0,74.93273225397328,77.29095939233869
43.441500077656926,56.50875365619233,19.399364824759427,0,6.747455332083748,6.522972103971365
3.8878066008811825,10.410597146423878,6.4266768836949435,1,-1.0206692722680613,-0.9799577759026828
48.60812451369789,20.84643572886954,18.271296638189273,0,3.3362938082317557,3.035302214052457
66.58096715840574,41.93311090430585,9.503309062305291,1,-32.15133278376982,-30.91416177951422
12.731759736217004,21.414068874276108,19.291944516021484,0,0.7002276228883068,0.732547214177835
29.5996089520074,87.77948858808304,21.458617499268986,0,5.797628660459534,5.642551644945831
40.38582592471354,16.670339349850707,15.728965016265,0,2.7321356210889594,2.7212792907839134
92.03357144094892,46.1104213337561,33.17447552418333,1,-3.792984688130479,-3.8560018624956465
99.33224652687343,60.96422480552769,46.02375051168657,1,-2.826421828284569,-2.858915373511784
5.446218600565969,69.4945269079236,20.629173331158345,1,-0.9378571253965794,-0.889369070575758
76.3397844260438,38.92386760292417,10.424814667276049,0,29.547619678198046,27.341996933612652
37.80068257383198,87.04080780374812,14.265415151603184,0,16.89023935410654,16.167904118570966
39.853360436718525,57.263595956714624,42.84604035132208,0,1.3276147879077167,1.2431461199514222
75.67223236135524,44.511270264307626,29.010346440237246,0,3.8964929000836657,4.0022176608419695
91.92421678239546,7.656822771151625,23.295540583040907,1,-1.269967894255475,-1.2969790089672864
95.14193085575229,47.00425737607134,8.332199353937408,0,65.05110001779154,64.41542138464717
58.135136017793755,82.2528482407573,23.036638107865315,0,9.518749224705521,9.010552860213126
36.35499477074978,61.83956080391023,14.646108164511947,1,-9.872592046570059,-10.480596682644986
78.96735950001914,83.38408291918272,47.21499326481411,1,-2.925219776282827,-2.953730781234801
25.849136942967725,49.90715538933126,44.319435361370836,1,-0.7066288223311624,-0.6567807669062513
56.843328854518255,12.727708804353702,5.111224549581703,0,30.157889754182467,27.693625282642152
36.49926769096244,2.350344737752226,26.316020973800903,1,-0.12042902435436736,-0.12387260494064031
66.00647629707973,31.018735125140527,12.027858930218931,0,13.721980585130783,14.152526657516205
24.799492376457184,70.10105667828145,21.12807738669024,1,-3.815298215876696,-3.894461348068739
19.96770162774775,79.23573049022768,43.96555191432137,0,0.756667908568436,0.81851018128236
91.90566958086828,30.279530627412612,26.848211474538697,0,4.064370167014682,3.860652589382443
11.078564612004152,50.069738167441464,17.376549375167233,0,1.7019576935468137,1.8370955186681748
51.08983286575823,42.69077153897408,11.186529351144856,0,17.236763452769445,17.429212011831414
22.864425513337885,41.64175565079136,40.215918110917976,0,0.5958945750520614,0.5886990696987363
4.854066369241077,23.9035226068149,31.60138275285301,0,0.12222139430152297,0.11618643991276299
4.565863010851213,14.500739397916378,23.935207560885328,1,-0.11495261526382289,-0.11556827448437372
18.346955438476908,20.4721672648901,11.656733339285925,0,2.8519886991023404,2.764229542423252
86.81026509609403,6.4779063291712635,17.378072333699436,0,1.8594755717974383,1.862098049061038
28.96539565372564,20.614943440534127,48.032327910187405,0,0.2584014044749011,0.2588179195179564
95.09545788695428,1.9108888649125662,26.484406942685883,0,0.2601757760874893,0.2590685527106185
58.58060700593016,63.09858166296185,20.634264780919395,1,-8.763579378252288,-8.68151392958339
44.22480478710784,32.321165331380605,26.549680075067872,0,1.856838115371679,2.0278431075098764
58.428794632276,97.34132643126395,39.170436789080824,0,3.564466255821777,3.706870022125724
52.153140137400506,20.177988026853487,17.66533788864057,1,-3.3309369580785075,-3.3722085486632354
76.11884912197519,35.237028460649796,9.756599925697834,0,27.82600952396039,28.176983443496837
28.967110531312375,36.42627470551179,29.661869798613342,1,-1.2086293236981898,-1.1992863385143289
35.951988768429935,1.8366981101835935,33.595001070572295,0,0.0575615478824062,0.058507478271846575
89.51533595079182,84.08158735090643,35.92318214496893,0,5.580576016695554,5.83241941847207
94.69919480189014,4.167451554288148,44.21739194754035,1,-0.20682748549389604,-0.20185085802930344
89.36326452116097,94.0778036381949,19.187531913766538,1,-23.185696128225935,-22.83536537858286
42.525351401774046,89.31536075826844,4.692389915215698,1,-172.45436291909726,-172.49872217766972
78.25618479768129,54.01666969251039,47.95908059791617,0,1.873975717674943,1.8378276379922396
48.157237596808784,54.815961916217915,22.315584444436283,1,-5.348784298750908,-5.300930075397013
50.25644536246412,65.72401437265948,31.539617973983436,1,-3.4914445574650177,-3.3204962373502864
21.263330796671113,39.31795118155381,33.648960833286324,0,0.6867625277770705,0.7383781922389169
59.52190002259313,65.07500605638769,27.779171726358975,0,5.6712868062430255,5.0194070718710195
19.427453877581446,5.4320704801602,11.057618957077235,0,0.8143370680203837,0.8630938905224742
33.824905207652186,6.35071510762293,38.00200945569093,1,-0.15260345077873702,-0.14874627395289247
85.64798996037358,46.265811542334895,40.3838467409,0,2.4925613624628387,2.4297522305513897
21.500505111874666,55.41260780949746,28.09580371485455,1,-1.4820634220690083,-1.509295690208177
8.04467023216985,88.89394639324608,24.939496868657237,1,-1.1198109603741262,-1.1497543399005241
7.831751668668814,11.36140275688173,6.58297097327128,1,-2.0987253389144707,-2.0532743585659765
94.13766752980769,82.44214479219505,5.113631413489408,1,-293.253029678244,-296.7931497372618
51.185123358221624,21.79468639191489,17.63867743261291,0,3.596601858284205,3.5856041534198035
41.53179510988481,40.01428120249315,16.23146162035227,0,6.2093933394654215,6.307837029375753
81.27697951978392,32.34364104791388,47.72916609720029,1,-1.1397951414141498,-1.1539547280049252
83.74676686314109,40.6153720136745,39.39751437972806,1,-2.075759689041642,-2.191395874292647
33.88691227844485,15.89905430918597,33.336290467693935,0,0.48426870964137303,0.4848068506617564
69.66818768990572,50.85343736595194,26.364756361862646,0,5.092951832987598,5.0969139582084155
77.34115876933677,80.36261639330536,9.201009005605915,1,-69.49549247872717,-73.41652610372489
65.8104179997295,44.7118670275108,48.94437693702991,1,-1.1692779602177252,-1.2283209119100669
16.007912405209836,49.57074401392171,19.376994213770292,1,-1.94605059344033,-2.1134273208841408
87.71242526818864,85.02799094285011,6.239354519914995,1,-208.39983063070676,-191.57715135817216
54.37036072086486,70.89975334916505,25.19614589007156,1,-5.797298551010892,-6.072097130767149
28.964770210630366,49.55498644345869,43.82590256904108,0,0.7697793305711306,0.7473012544423052
43.0975903583317,26.511869170728787,44.477259087089145,1,-0.6031639198016532,-0.577586860410008
4.719537949491831,88.6077479376517,1.5373298867659155,0,179.17034368641342,176.94448890812518
13.658813321019338,58.12501976736527,44.42849149281859,1,-0.38107148951045366,-0.4022100774913849
76.78912830107022,22.893613400958646,14.302726657493068,0,8.237351075074308,8.593625122411414
1.0011518407812479,27.642855511163024,2.9096458344527307,1,-3.196572450197081,-3.2689072263134555
42.24001701974692,80.51017580468834,42.541723247780844,0,1.9609446047001555,1.8790775482668578
52.72850792747325,5.37041064665809,43.3294710434222,0,0.14275240360759414,0.15082946921433377
6.408807580096257,99.21712651585318,30.215322912275152,1,-0.7014361646594717,-0.6964811991744931
97.33473813426095,13.904816291764385,29.14725410752156,1,-1.5691075336503266,-1.5930808819960471
23.38640779371752,79.8107840142968,40.84289335844955,0,1.0743624530808802,1.1189021143224152
31.115673243991807,40.0827563603966,39.52916808280371,0,0.763094912978886,0.7981810857275529
31.090308713247705,49.72940214545922,44.6151681986925,0,0.7714908896215927,0.7767355870267264
23.81124954961764,88.1844071689932,28.08462493223847,1,-2.5554704980438596,-2.6621757903917342
1.1459083865448303,41.878207769332114,48.414707543907625,0,0.02113204945395579,0.020473088301501543
73.20513461471164,54.21188161365021,49.811194715733585,1,-1.668383276186557,-1.5994921320475968
96.71770448012926,5.8806665785078245,6.710685889932996,1,-12.218025558852423,-12.629865182108004
23.20505484521946,1.2323999128778622,42.627644218151985,1,-0.016395878494465322,-0.015738074375910786
66.64167198853882,25.235187427170864,25.49129062968086,1,-2.7963849367286717,-2.588026806701282
74.4477363689128,68.37772619895796,19.990750576691774,1,-12.972034058208974,-12.738196706826653
84.99411252996195,13.005224442554534,31.040543184253035,1,-1.0828087461936733,-1.147223594121628
42.8402905043473,12.262433921650393,3.742312305838344,0,38.74042954368373,37.510169953987024
30.990159658402494,41.685100195554426,25.816594819586914,0,1.9380840758544473,1.9382364025678749
33.20421826828008,65.13586682221442,43.673637931306665,1,-1.1575250191548845,-1.1338999037677155
71.54951197675277,71.49512723254512,11.459614290809471,0,38.194073931378746,38.953198014717884
81.86116718405796,18.666616735739105,21.89310484370183,0,3.2054179343850535,3.1880772004785034
18.979782807903664,8.879226589832204,47.0345634980289,1,-0.08024804734786938,-0.07617845167851818
37.72315980761876,94.09930636060888,21.999628052479167,0,7.206729087308549,7.334386782892152
90.29207947816586,26.805971873648073,18.56001398428752,1,-7.101998864899148,-7.026266441293159
80.86265844977919,85.48130326326365,22.586295758045534,1,-14.465014320740597,-13.549682802979351
98.5009818734851,86.48565359581902,26.45318555936026,1,-12.68422843811505,-12.173870420095893
75.670577708526,77.4797365844919,31.967575862441972,1,-5.619387501892808,-5.7371443376091165
39.9263249017643,17.71452705860444,40.233947244919825,0,0.4371294960235515,0.43692169955990345
59.47314556546914,82.35834446616583,23.1530080824514,0,8.996150260295433,9.137211347402255
66.44041117048471,77.15580536491709,41.056565819416875,1,-3.1797235543843976,-3.041134866457272
8.767125815395271,60.07557602051549,27.15231240625195,0,0.7707252409893185,0.7144001531449429
54.90519895128264,34.383001481726325,17.585545008030905,1,-6.360206194772653,-6.1044366435419075
71.22276201878834,26.988351822387866,33.239590577851295,1,-1.7178526955939315,-1.7397379736281795
17.564809096104977,13.067031995955539,36.16839048243108,0,0.17117357786513124,0.17545349468776528
78.28254002513016,51.46594962318627,28.344399805844887,0,5.023859093361557,5.014762491564396
58.79350527089705,58.9408266754748,3.7741336836014474,1,-237.7161588296222,-243.28258282692298
95.26995678406188,36.57456006106293,9.32426088288042,0,37.332160523846674,40.078019005050116
5.199807522482278,48.060547700405984,14.979588323621181,1,-1.1140889681051478,-1.113720535755982
27.26728761799123,36.9879312795574,14.848654691623162,1,-4.301993420639212,-4.5743328812212445
60.55383405068258,64.45959967474943,33.99761921209666,0,3.6744395705877575,3.377009168366854
30.35943130838714,90.22466157185977,1.8990844220079965,1,-764.4418095896483,-759.5044997040645
71.72799224305298,17.22810594264754,38.02840707542647,0,0.8562766356860417,0.8544958148298465
76.14152296967117,38.75947218040922,14.001781265539726,1,-13.3889415221208,-15.053338784348743
11.14908044258097,14.94599179113527,16.191070464589018,1,-0.5995718295399639,-0.635642112960244
51.871591956470006,62.86943327037537,26.867581569252287,1,-4.657077227584923,-4.5176436421017545
51.380165003514534,73.15818043937098,11.580354446008919,1,-28.89694556402491,-28.029457061117174
37.55879625133856,93.25936052714813,44.33909436520085,1,-1.6964697026666828,-1.7816831033457239
93.35956139439755,28.608320699835527,5.183070187001698,0,94.39483640019967,99.42073934912801
82.9231256674489,95.07090938067759,22.77473575275218,1,-14.37243512104532,-15.199056117764993
70.02372880905403,7.263004510246805,42.62169120328961,0,0.28464228753888576,0.27996271132648193
71.71833693776476,60.69837247309423,31.176350826640554,0,4.594685777187419,4.478748716809817
46.70989823749879,6.656139214989667,15.324146276289039,0,1.306976399896758,1.3239718158965335
92.17845758856102,89.48364458843254,21.617250181046575,1,-18.206972978633637,-17.65111740055683
69.76494729807526,53.45109664993536,35.628024636783216,0,3.152466298076463,2.937720017818978
73.16912510392582,67.26548672551681,48.68977642483107,0,2.0504700714821333,2.076082417983034
86.30739947494718,83.3258186651348,44.76379720059224,0,3.515260314461521,3.589002668787623
28.13308734487691,15.880751625912907,17.779207610736464,1,-1.4190585763352996,-1.413395308546201
80.9000194828036,4.820564631875251,49.91169608510502,1,-0.15503512383998735,-0.15654596564787449
20.32881969269271,88.00923344537236,1.1717285130218553,1,-1370.2907380077766,-1303.125987450522
35.1888532722439,32.178389518434315,2.3538580346123394,1,-210.13814335261713,-204.366113750638
34.225434972714424,13.768911884789361,41.368185243388496,0,0.2668600314251058,0.2753693870949318
97.87402137052491,47.37766247162157,10.773671654819548,1,-38.261271325872,-39.94970632232651
85.79718515104476,60.23230149390586,3.977694151415802,0,312.1491528722751,326.61770594807456
70.41581629743571,4.066089738828502,12.62025558858861,1,-1.9554886387479404,-1.7976737493552708
72.97861939992362,28.214670167451686,21.87890754506215,0,3.878422024240952,4.301494329652507
56.645206645854536,4.247187553412705,36.797747251236835,1,-0.1907356523112419,-0.177673288609543
94.76197604374339,42.6132035303544,31.59244080100907,1,-3.77043973991503,-4.045870073346057
50.12961653535379,89.61490287755818,12.6434396604606,1,-28.0796749380283,-28.102447193337508
38.67125327711956,98.28258873786335,25.660251956928636,1,-5.627555636128195,-5.77222167838516
17.14049835622751,64.06770779685912,46.38449116452987,0,0.5240988559814796,0.5104074883158654
78.83435957384474,17.002131684674588,40.93538107220413,1,-0.7976263800066727,-0.7998733810449136
73.70994927548355,90.67908960993127,16.836299456757878,1,-23.667958941776696,-23.579792568624168
39.051148813889355,52.10853449680599,49.13096350642912,1,-0.7989815574501724,-0.8430088063924925
3.4941479819637067,16.221181898188892,35.722399621321415,0,0.04474054654787556,0.0444163165109051
84.06073544408306,92.25094027571447,4.060018427672308,1,-437.5341928659595,-470.4440468715852
2.1303803619532897,75.9894360215872,2.7228749511432953,1,-21.157295705931833,-21.835089579380128
70.66627818327605,73.43882199959201,9.251989501491469,0,58.754456942506955,60.62722048692366
97.05545386287965,71.20888967564606,36.664937534457195,0,5.013265447513127,5.14105511841076
44.32847148667214,20.83364228854779,10.003207366278968,0,8.893613822501983,9.22931387405681
24.262367094599323,21.88966247904508,26.062851691232844,1,-0.7342613367345995,-0.7818588729445096
70.7822299942948,69.14100684429825,5.569745888860755,0,154.5622104573402,157.75719557747388
81.89568605954292,22.752552260929292,46.123421733679564,1,-0.9108556564850961,-0.8758870570778199
55.09660129170688,44.428497983501835,17.85407006559481,0,7.8019099837014405,7.679129140003924
96.73649225035847,78.4181807338002,45.498470771470906,1,-3.6822930311278657,-3.6644896384030834
6.1152034441381495,78.61129929168625,47.298906453616674,0,0.2180436838335825,0.2148788565753203
50.97476423214829,45.8729154800601,1.3003037183703587,0,1513.6798631742113,1382.9992980478944
72.12694078493246,79.42680388924926,23.74262417273787,0,10.626615709263712,10.162654550235697
86.40140664376872,84.02355782360762,2.2081467296377513,1,-1486.89088709299,-1488.9016900905094
18.746305578871215,65.82279937714176,45.52594554884239,0,0.5534269657131695,0.5953523761325545
80.20034469460445,23.614159378533596,26.401969691994218,1,-2.7848328898724137,-2.7169151067974964
55.71800049613598,28.127166258169204,4.672256622226344,0,74.34301437788459,71.7906898664555
40.25881451700636,32.1692743854648,6.403559685551777,0,29.73415745431668,31.58343221943337
14.039787829330262,12.563606665661249,19.791942200144213,0,0.4984994708992405,0.4502959574286244
86.66428013198232,28.042802416624568,47.07147545077159,1,-1.0960560372189263,-1.0968466751586272
16.57004760979182,21.74240320694068,34.95254842683596,1,-0.2941789425600269,-0.2948992101888505
31.668998061700826,46.07754623105161,43.513324443267486,1,-0.7963777633082756,-0.7706889588249534
29.71450766428125,90.93531723935423,18.956375670659003,0,7.706288443455557,7.51952679972992
87.26998938489457,11.34355135864185,3.1174712779499174,1,-107.75903591167747,-101.86125977024857
67.59759642668091,72.30652447079217,48.74156422301629,1,-1.8346598184304117,-2.0573577452180656
79.87145832194587,69.04101743689965,1.8414765424561077,0,1733.2837344387137,1626.1717599601272
25.7963219804574,10.479665667672409,47.434931000973364,0,0.12605877644710295,0.12014582121094243
62.862535861092894,92.33466808567421,19.06519376860809,1,-17.079051212921684,-15.968872067314635
57.60285233123112,57.27874801352514,1.4944298460721945,1,-1462.1868843583156,-1477.3603554714161
83.45020730203883,37.00882659243274,34.768704354500905,0,2.709241295566349,2.5547930209950387
90.7026189876448,75.89731976603537,49.046474897536356,1,-2.776877492864334,-2.8617432618739884
2.203520376261294,26.479180381761772,48.31566041904203,0,0.023742211096920502,0.02499457569020092
67.72797198682048,69.65747386758572,8.885913548918502,0,57.807008361705556,59.74913535052909
6.131744112853173,4.931409549652475,9.881142497241594,1,-0.31669791355767263,-0.30969968947746757
55.33700784265824,84.10139572331792,28.711406816363343,1,-5.815936098045007,-5.64559773448057
29.47564017532414,45.36891385511053,32.2279364949879,0,1.3859451106827092,1.2875278447134293
31.37088335269198,64.03259852143623,37.23147776962742,1,-1.5883198091237491,-1.449129927586013
35.9428918417833,22.902544160861684,9.871467663135228,0,8.72464610828336,8.44759901439802
62.5079524559114,68.03029755318634,47.99134725145729,1,-1.9656419380010364,-1.8463403450427698
34.07094660120815,77.45178731343438,32.29822355817265,0,2.408057057454533,2.5296379705497136
73.53720600843776,47.84810550155547,42.505299024657184,1,-2.1432385207382896,-1.9475370146596227
41.0482111718131,62.15496548211764,27.46322004892442,1,-3.47559368086465,-3.3827285751840246
7.766966830685903,46.17626645841746,21.299565531904246,0,0.8502643360095566,0.7905489685644564
78.59222440592661,89.5150455565267,48.8819624231548,1,-2.9052891018960825,-2.944274869998859
29.290074134677894,50.2890488709176,29.523947170171965,0,1.5885860886817822,1.6898379283835556
43.843921080327,84.33906219385307,43.476805557159764,1,-1.856754027279278,-1.9562434511206337
68.85894443896825,80.33385376875461,47.711327421948205,1,-2.2804474102013925,-2.4300542160475103
33.91315955772249,41.63997731348729,34.0923767234243,1,-1.2086455067335886,-1.2149661543808343
6.601979958524847,23.77836469389003,27.89799524741507,1,-0.18118134660046153,-0.20170199480702627
38.01818365426855,41.20213112341733,1.1720316946218805,0,1187.1775814855955,1140.3346783939064
94.50040968673603,82.7955202017468,2.9609623962112934,0,922.8922228982705,892.4312029831414
64.53170533255727,23.535621046119843,10.8417095865047,1,-13.44024373611603,-12.921212390837429
67.47643571805348,52.919198239917186,10.114413160943768,0,35.999666079410126,34.90470803141198
63.59593321012635,80.803578048114,13.483180964792421,0,28.57310528600881,28.266706515055308
20.70022175698424,35.9942700377095,15.94179724718538,1,-2.855594750874817,-2.9317963905618307
42.415052546125736,64.57875406326704,18.643209183985686,0,7.611011182879294,7.88076407040142
75.3430400379685,25.31752583083264,21.60634681337495,0,4.112202354345295,4.086031550193525
11.035916857762755,11.818665091447832,5.8444505843447185,1,-3.9744287999501333,-3.8184707141459273
28.507424832881515,79.64403828419277,3.07573466568632,1,-265.7669826816709,-240.00126199823276
28.355591738119507,10.797893717461976,34.023278004578145,1,-0.25129729434763265,-0.26449986555629346
43.769873831856096,27.866758112878873,27.329406417310807,1,-1.755731345604544,-1.633057003200572
98.05650535327632,85.65583277774657,22.763065908785862,0,16.296455352487797,16.20958295784536
7.682752121698372,35.30045942078805,32.08755711724926,1,-0.2590191920853135,-0.26340491191404924
52.35139844367891,97.33148960190195,41.556290952973484,0,2.9987623934976457,2.95058479995598
18.757103519208833,97.99369914261212,21.956952546694026,0,3.7586241495983934,3.8125873341262375
97.09697799556467,27.559326024902113,32.41485378754699,1,-2.512213781726013,-2.546749161590158
12.217046968018956,5.056844002739155,47.72503896792278,0,0.027762692353833975,0.02712396757729271
40.95649923379753,70.80126513633253,42.14160029721648,0,1.6928368572130394,1.6328331128172653
74.050613498626,45.64766376218603,21.874039714618064,0,7.676932593021166,7.064626787023747
70.75088837471708,10.974531551998053,32.59112505292241,1,-0.7224432089275721,-0.7310030407713751
42.85013505249929,71.04475907882623,9.676475173881048,0,32.61658202181868,32.512462737467885
35.3058926273191,4.086316002080201,28.465587059859402,1,-0.18612081605862427,-0.1780487194980074
40.363625476734185,87.14947235873197,49.085086265783694,1,-1.4281856421188854,-1.4600099404384164
27.16335005270529,14.726600382217068,26.39744064492359,0,0.5932225926663262,0.5740664792497908
21.32796093197318,13.603875995925776,46.45427666031722,0,0.1331571775746778,0.13444993510705502
48.820930058330106,18.391557498889867,20.959411104659775,1,-1.988274282338469,-2.043931823785122
27.584841850693124,96.06636949071459,49.943396532046926,1,-1.0779326670237313,-1.0623942903309234
29.458704824827763,69.62376666513076,29.381781726150333,1,-2.2961193747076054,-2.3758275149662578
66.01885028398115,80.33578201090003,3.071180717560793,1,-536.6399050589124,-562.2976100648408
96.88519583828933,40.36586358754255,29.750985037878017,1,-4.219913419014459,-4.418440088567764
60.76008285537814,34.2949600229906,14.454062088300235,0,10.032756551524713,9.973987658795096
8.62096723943166,24.213916671533823,2.5915847797588407,1,-32.696802143942634,-31.080657449977824
8.48277777155263,48.58415480292849,41.221811930038506,0,0.23511673896772348,0.24253732676782788
95.19089886371103,55.63104461988268,14.51075221205704,1,-24.401297566014318,-25.149698941954323
30.43178824042603,63.54570952162278,40.03087914827842,0,1.3545243711072894,1.2067670687067338
10.114631622165067,26.454731895870758,15.12266156483748,1,-1.1899625977759263,-1.1700299228740627
60.30541412788777,94.91675400939607,10.52199133981494,0,52.87989388540527,51.70151886888853
62.741229050736344,17.806091322506447,48.722843131116946,0,0.45752077116463563,0.47060482190372077
65.20197719175013,96.59966430187482,18.72062105999596,1,-18.847183694498938,-17.971977980833806
27.47280075789659,2.470756128242875,30.46743436071486,0,0.07065143442431178,0.07312418680156647
2.495957737233028,48.63144348986771,30.889093147909108,1,-0.14046294301790196,-0.12721668404342812
96.53652157599271,34.00341597353972,28.46320062650159,1,-3.777596512795714,-4.0517881181227295
25.838411523419147,45.46321797909483,45.82009143253952,0,0.49712811974413385,0.5595180232828356
67.9266025172022,57.49579331909811,34.047612496976555,0,3.3245705796675717,3.36901261144127
70.95635711799224,44.123326643258196,20.78291720114158,1,-7.675454744262269,-7.2484733137790895
61.390734290869084,42.0698381798579,43.25663884168943,1,-1.441317713285128,-1.3802829659507143
31.977832027151173,73.53961812591734,9.872082056682256,1,-22.468995297840916,-24.129752878390885
27.838529122642512,68.90175123356,27.667601122910455,0,2.530916672183989,2.5057257356088356
60.16915998756761,83.49385692154894,47.57696822524406,0,2.112266887611605,2.2193967421397076
86.74346772755746,25.74593914271006,31.644483864140224,1,-2.295967050071556,-2.2302291358235133
94.72663916341617,61.34332246565229,41.03145407326893,0,3.3193797306318005,3.451481961856592
11.484674635972006,58.93428375389253,33.02447555171445,0,0.6192531632081008,0.6206043949818303
16.328032647174265,37.60404327639618,42.12917231335663,0,0.34893192878313806,0.34594140913002214
94.52888961952489,49.11969664836541,47.27990611241694,1,-1.8802767134205491,-2.077145990406964
73.91698760514447,32.064432187267144,14.373164649104103,1,-12.571881188266016,-11.47263064373601
88.41638865814754,15.042595364081535,9.313392981579224,0,15.306753563594134,15.33344319613749
21.060630779398974,22.16631985561055,24.715546766294455,0,0.752172452575347,0.7642307797620149
59.17100123983079,11.445850993718908,35.391258914386576,1,-0.5151202771421598,-0.5407107241346775
70.41281984732989,68.62388794382228,12.13237140592859,0,33.40972443102346,32.827337721270084
68.33107665925029,66.412011917806,1.2009710710781867,1,-3053.424905954175,-3146.2976678841237
41.407017395803116,95.1100307864074,17.803820675998562,1,-12.209981236255514,-12.424354898537215
2.524094277439539,73.23816295107689,48.47410743792163,1,-0.08233868344669852,-0.07867257630091622
58.70967962362205,6.152538036857013,35.05340556968649,1,-0.27616657657059795,-0.29397038583844
26.05705237878127,88.54027221896646,20.664946753119974,1,-5.1868370900523555,-5.402534609192147
45.575170368146146,86.40484113162685,10.436228769995177,1,-34.500811335842855,-36.15590158838455
95.80052049329791,44.888711756497166,18.4483940139826,1,-11.83678062076223,-12.635367545796466
40.50449644660104,59.00044200226423,9.32213223176115,0,28.073998843172742,27.49970180716247
84.14035905977825,97.63175491477936,6.208985244334619,1,-197.30673745507704,-213.08564882164202
19.66551996917586,53.69813202096846,45.43037625605514,0,0.5213097236802261,0.5116487823270686
67.57358930447785,90.62686100923288,49.8848665803982,0,2.433958991402245,2.460913199943785
97.7236884894554,9.220837023208457,9.041607540193725,0,11.01882959042608,11.022469160408129
11.087416986420742,19.9141350021596,3.6716053850357064,1,-16.398241736976335,-16.378715222569614
1.8236742804920092,44.634739400690464,17.156824250164405,0,0.26935125195553394,0.27653268581999885
43.92469647062882,58.89092402539317,23.62129985730935,1,-4.257788213382113,-4.636065383352523
10.169922822085352,81.80655733441722,11.036241106716869,1,-6.729476905551193,-6.830671724310704
75.0900506179469,98.8379493991755,15.769820678129365,0,29.98506374901363,29.843696433347862
91.54031772100734,39.49629815093753,10.842666048891227,0,31.350690865477066,30.753648370118206
43.96807629816713,5.694147977868408,38.938767853190114,0,0.18972260681968797,0.16512080760259418
26.612452573388655,80.31597882623716,35.91631921911578,0,1.563167192943753,1.6569263758581234
44.005928581654366,60.833691189198,32.1126242722881,1,-2.7056802322697733,-2.5959944672196253
72.6213339671501,20.655743027951964,19.973674996881034,0,3.5004626539844765,3.7600107471228266
1.8963619964567269,49.9880172055206,45.543006124397564,0,0.04517137793495526,0.04570290093251503
59.35594495898502,74.48871430783872,48.50709453521598,0,1.9021426539168484,1.8790752721314163
61.71587680385053,77.27076691979573,9.508326318645187,0,51.520517885012886,52.74775376597378
64.13113644269762,50.46222278787744,11.927619429182023,0,22.133327103516063,22.747190518799048
24.960185918106845,31.216238482757053,26.755920372018114,1,-1.0806504843451104,-1.0884001583142493
71.69121961443454,97.40051562181085,5.471277894830019,1,-239.12126224750074,-233.26505185764918
10.047757146845864,66.6728984846928,22.385971542332527,1,-1.3160682532353705,-1.336800411912537
20.72776331021328,41.415514415283575,29.507771974107797,0,1.0408496612632014,0.9859222401060244
87.86953461879371,28.76585919626059,26.58160498572932,0,3.6983792929184114,3.577282819522817
74.13359192193008,73.37919531735265,17.21452057082328,1,-17.54821708745067,-18.35684851513694
2.3608098471231798,24.976161113783004,27.579844497783135,1,-0.07330917485751341,-0.07751809096785578
25.58924977661022,17.99928890839513,47.98124675868354,1,-0.19723522049268907,-0.20006441298416608
22.22624181632329,53.45355500724496,11.094852810277427,1,-9.728162006614832,-9.651604980759315
27.809826475660284,29.708751871770044,33.086736561306175,0,0.725559812941239,0.7547008140017852
25.508417257708754,63.26160934743789,3.1264380136465406,0,161.8622630801441,165.09126803322047
7.190103278541728,12.675928812549115,4.254403819590312,0,4.90359149178365,5.035440868456687
46.435111143085216,65.83916935216483,28.039582986955665,1,-3.7462931586649177,-3.888550394376732
73.54061400383034,29.04635627177252,6.142019836069524,1,-55.64166865609121,-56.623470239065796
61.066440747026206,1.0240505090167604,2.0949926329160093,1,-13.7517905236521,-14.248166630091074
67.6142951912099,13.566669709743461,9.404136884753088,0,9.770505439376672,10.372271908205846
9.033768675087677,93.42792240567431,28.67760937897915,0,1.0997333504468483,1.0262655890556114
95.19758030750194,86.86810927242043,35.46370677142769,1,-6.715714112075753,-6.575337117808548
84.01069155045946,24.127294171587447,10.92144964292762,0,16.05883477822201,16.99349091912089
80.70394153107061,78.05881855000364,33.74471242320055,1,-5.653788160414734,-5.532294068656128
82.47539669913498,61.24858772422345,9.941340223862237,1,-44.76528576140889,-51.112911305552544
93.33834030514338,97.11956643353707,31.0594139049316,1,-9.57897179827083,-9.396806774391147
54.88114264525607,37.98696029387185,21.186024314894144,0,4.569212654688189,4.644711622664603
20.827919768894965,68.46460063919996,33.03617595734722,1,-1.3191191571223986,-1.3065692536626279
62.061577177401574,7.2900365199679396,49.75758487148312,1,-0.18409807442430637,-0.18274012902212727
74.54526787312597,40.22848733482419,46.95303129639554,0,1.3071232641001136,1.3602743567357218
74.05382194204851,96.41794845762986,1.2098061339690778,1,-4843.427234691786,-4878.35947979626
52.62345339252113,54.359106570561934,44.38649945375298,1,-1.3738588134026886,-1.4519439916215537
7.777413214024228,29.500070830149614,4.25804896356356,0,12.853120165911726,12.654265149328303
37.74018090458266,12.90682534973208,47.699282721832404,1,-0.22598620277255113,-0.2140916425720245
92.15589423787237,70.64930567797151,14.80945827588455,1,-30.19718129938485,-29.686067510346184
58.860442065985175,64.84074829954295,19.719706690152275,1,-10.08520532595515,-9.814555511728317
54.29486238231563,38.01993264677369,5.490272053610664,0,68.6642051089436,68.48293260717443
27.61649792383716,95.1431938347176,6.50136515811657,1,-58.02845758718133,-62.163750902095124
37.476443071741315,3.1980784857971813,36.61028769623666,1,-0.09008701026279722,-0.08942134526742905
89.63926282616376,31.068661311550755,47.27227955166629,1,-1.251750515219285,-1.2462573326324362
66.97984170515673,92.18587914365855,30.926676252761165,0,7.02947575211731,6.455680410438781
78.95131564848096,32.772608393624594,36.07665076081374,0,2.075102403402703,1.9880072118760879
45.98019688369786,25.973030551661868,38.33651748526052,0,0.835908210624654,0.8125837544460864
63.394474726159636,53.88782058319348,13.877899453094143,1,-16.000961070111153,-17.737587625549892
25.589977265577545,82.55637324213325,3.216251915090531,0,209.23211854632072,204.2304010949506
70.84062219806515,11.211529326957745,1.0917644520392606,1,-732.5140613030625,-666.329936122125
43.33253203663039,94.35905025492788,18.181814864746915,0,12.883623223416134,12.368674631610842
44.81200596665981,79.71221523693524,12.831747181761589,0,19.96751804115779,21.694401580578226
65.28291013311129,18.943775299603644,4.053568527410096,0,76.96564321909352,75.26464210431419
93.69178152542374,71.4887881586181,9.79688633218967,0,63.8054981482305,69.78519458795371
7.336628314253471,39.11091354111816,7.100446015129442,1,-5.824308143698929,-5.691453842723094
82.64958049735375,40.82717312955555,45.829040650251144,0,1.5773796188808846,1.6066024751657968
29.94592793080712,78.54571915144777,7.873093459499278,1,-39.40746269059629,-37.94630400253735
44.948025996131406,96.31569599009248,27.34477473539628,1,-5.890727158661258,-5.789739056998763
3.1694195487258865,13.538931411872198,30.062191800496063,1,-0.04502995589863937,-0.047481325875172786
30.80356170559699,42.64239345100312,27.630983427723056,0,1.6590636599213842,1.7204807728250318
50.76049302038292,48.61321920034605,5.8537652765834105,0,73.9756402304471,72.01278459396913
6.561431657396462,38.25486987854476,16.621119725777007,1,-0.9524520291143072,-0.9085833689741533
49.61847720893335,36.95572324790628,3.51224629069451,0,147.23825551427703,148.64667965561884
92.7839522569843,6.174598088598057,20.387825790719486,1,-1.3559700591219999,-1.378287235478289
11.433928592672716,68.86832343569971,10.241347632308008,0,7.133517319686991,7.5075938502997115
76.67963207947493,44.18522729488449,28.51999413093461,0,3.892221764727631,4.1654147464509945
41.55743428422327,20.28458646174875,34.94761129860593,1,-0.6732329378049039,-0.6902078457387547
65.86219773790947,81.78731672790477,27.073873150030618,0,7.761553501043336,7.348884115676248
26.763423200537705,80.45351406701117,22.277598133958392,1,-4.355754952277436,-4.338603364300117
16.78973399159447,49.152771180800485,19.97933762197793,1,-2.1146974612370566,-2.06742446664076
16.88579881285142,30.54661545362829,42.24289663675319,0,0.2913028185759685,0.28905289748206986
7.978702618671321,64.17117985384878,11.749035188198233,0,3.7193834729106574,3.7090944599441165
19.37902378522306,29.527061441962903,36.97669863691457,0,0.4235831196235935,0.4185003793519332
66.75771911390785,24.36478510204749,38.11663391226583,1,-1.2610501551141347,-1.1195280852981966
88.2873705725073,73.32095074860634,21.54080035626599,0,13.20517516397699,13.950924844844865
81.59844287352502,4.992198732374119,15.567729362056328,0,1.609793370445875,1.680827678230471
68.82829667757393,10.382078632424802,24.056532816252787,0,1.244082044261431,1.2347677203746534
11.932754477699165,1.672029228335388,5.567482368742226,0,0.6496575875435913,0.6436753370738346
29.629557183299035,16.14137546106719,3.250571579225409,1,-43.823520513196925,-45.26330199224077
31.670880656924428,7.830010862335486,6.468556773142698,0,6.002958215369939,5.926628646683271
25.7457376933645,99.58443441021194,10.170106541649082,1,-26.400392964252458,-24.78824592392096
51.98556031126259,29.59218702545487,25.704664196564107,0,2.4967357087411095,2.3282838356774156
54.01982767308758,15.77753325425548,42.60769517189498,0,0.4993359969144344,0.4694790472508518
36.33171154193991,24.858629541595878,12.546474267984662,0,5.376516778281141,5.7374595832450375
36.02512671490717,93.67643158247333,46.822938526592125,1,-1.5136767985865451,-1.539283181792724
83.02700419270205,52.495862079415176,47.79048753781517,1,-1.9651796920756874,-1.9083653294212022
79.13999198364887,37.11699153447783,47.98632563741506,0,1.2845137257481511,1.2756565876178227
31.47178733639382,87.46575433301271,42.040573999139866,1,-1.4754535008691723,-1.5574789291913134
91.46505594345267,40.104036784354214,18.82742699908831,1,-9.245989000284945,-10.34811745751735
95.3286866832481,34.16584842581188,4.56151163912853,0,162.41012170672266,156.53023781419876
33.34751166097404,21.520969732423822,28.87211785655825,0,0.8736261988549751,0.8609302865543156
36.08806993051243,38.40188556703174,28.375390752924453,0,1.691959531681496,1.721204619923498
51.05778118877392,32.35175124567567,42.648812588370184,0,0.9163955095428495,0.9081254440124904
94.17096044083368,68.05309197051596,49.80356149635915,0,2.7593746823447223,2.583711751347502
87.75562388108884,29.668687762401984,25.899708021447232,0,3.8726801975264986,3.881356729221696
11.15422829577539,58.14277489583358,17.914997520949427,1,-2.1102280886934803,-2.020699709821129
39.88034358387021,7.523324338165298,10.109183866257084,0,2.6981079685325713,2.935867728880853
55.78374778522741,19.93762651295492,1.235191416051166,0,747.6749199023488,728.9749672843151
50.81011478260246,41.333121889523525,25.94657093195508,0,3.158095885981966,3.119524813779528
20.192443725752376,93.75797613696085,28.220414668427193,0,2.300451730117474,2.3772251890831653
86.02286034564732,38.34794658585385,41.421985511052476,1,-1.823991228029088,-1.922623153736359
68.0171375166869,66.74333799878357,25.72427142674723,1,-7.004927392350938,-6.860252600807161
83.95292911032855,26.253635019718416,45.90694908463677,1,-1.0528885334347626,-1.0458476729293305
86.01766365559774,13.57632402134994,31.776090352000338,0,1.1555983304633362,1.15656198561812
75.08722951290824,6.7951234079249625,42.17647567283308,0,0.2817956970019192,0.2868288658516693
44.48184952372202,31.235936355732385,8.266785005579608,1,-20.091478377777772,-20.331249958185694
61.44412874652703,16.608441652893887,42.91147038481342,1,-0.522286659025403,-0.5541948470332432
16.876175205854572,18.227034353596295,34.08204886774857,0,0.24968542143124028,0.26481260161837206
67.69089633001586,76.31517153030805,9.341418589478197,0,60.645150519874456,59.19915163222845
18.746072318188794,2.567969023542547,10.298414349154532,0,0.45780625904213407,0.4538991255625156
69.70100946050552,56.223202447808006,46.398530333166846,0,1.8343084526389901,1.8203135336437342
23.730217914642896,38.56667667875301,2.578552662068271,0,143.64574586438985,137.64547295616086
12.637578714871777,51.148449990946176,23.6642122214896,1,-1.1514377047395927,-1.1542828633964795
17.363164524152786,56.72019348424569,16.36028920677098,0,3.767813945254795,3.6794646164075187
1.1972213866879566,32.02340175127054,33.588794559922974,1,-0.03276598814459854,-0.033982325383219776
72.15522216749949,30.215777158244244,42.141839990880605,0,1.1966907518190104,1.227649947405019
73.50770385677953,73.60678308415567,18.658527956271907,1,-15.309118002791832,-15.541607600213935
51.97840164141269,87.25642182399456,21.918202278819024,1,-9.559218356396883,-9.440836121349832
16.974917304482986,20.06558161339426,49.113971440569294,1,-0.14214151711621592,-0.14120475222471185
9.271879413558285,10.664257292979746,39.411908974280934,0,0.0626315345723126,0.06365660126727271
2.893767677291414,89.88178483281057,44.963002415657776,0,0.13168475810842936,0.1286544290862882
17.40906951955685,35.639650901092466,22.499348811929856,0,1.230660855662615,1.2256574334371633
89.19469796333152,55.5804216756186,12.469733995221645,1,-31.253125051300902,-31.88206905874082
24.912147328466496,36.59477130748034,21.181309803936134,1,-2.0337838508542996,-2.03200408320774
36.07286139450435,13.45443129825908,36.08850397374416,0,0.34276678323403675,0.3726560535285037
11.429202963651985,59.34383284982508,6.362089836962987,1,-16.730551300547923,-16.75683306615455
23.01376917006886,52.98894432519334,14.252986175208934,1,-5.983831931022228,-6.0029025386377635
52.403232507240304,21.096362359928523,3.285159122617929,1,-101.19352383440703,-102.43605234019556
61.1675156264696,45.73503542057551,22.185039178568445,1,-5.852675738944507,-5.683939692417632
25.289879102454893,79.89780289754894,41.54484106300105,0,1.1007276612517047,1.170704765996973
6.715483763286604,59.45218420768124,2.2085207266025293,1,-79.2980836154958,-81.85442448795446
39.71225404361247,10.59481537963249,34.09085281355114,0,0.3570753703535003,0.3620280325208437
24.18613372170708,55.25412822568437,46.692297851173244,1,-0.6077236791326567,-0.6129720700523373
22.735838399750392,70.5710916296691,12.609465214047932,1,-10.233252604725687,-10.091238564104453
96.02641746863208,79.4776371722944,34.988107195654756,0,6.232512040692752,6.234401633518003
62.01374810664668,63.28264028479241,48.779993153909814,1,-1.6863093218706513,-1.6492599063280915
56.13096587403749,16.11315828953759,48.151624947470694,0,0.37120500186942007,0.39008683503661523
42.16173524880887,71.3071533924259,12.511530458428021,0,19.660642788511115,19.205724793379446
43.46548900958428,68.05684276207012,5.916221607391366,0,81.96517730807692,84.5137750822741
54.54959537997,3.418261411122689,8.265844356899882,0,2.751490433199305,2.7291182839894463
69.94655089657462,41.763019091434074,35.399747755624965,0,2.378924492651987,2.3310836373000625
70.51246352200111,33.96207444927496,36.5621848972105,0,1.7388521843583928,1.791413392231549
17.997696862839508,67.2717943611107,34.03759151978175,0,0.9821331806369983,1.0450385239547733
50.51116245558607,22.39744541878115,17.467840999369667,1,-3.257961146844427,-3.7077239313429136
41.783851408376094,59.49632037445159,9.319070048147985,0,27.870135247903686,28.625522534295857
87.18216966066903,91.40739021960306,29.457293505660402,1,-8.89755112752288,-9.18381863340001
63.510473200619266,79.98243484865216,24.700341842135458,1,-7.518560388588654,-8.325954668317394
53.7179025751822,92.22431588543651,36.71287320899287,1,-3.53042667233896,-3.675595750208611
12.42406957571282,97.87209072633631,22.62664385559545,0,2.3394239238284427,2.37510305549077
60.958151043017736,2.056342573610114,17.59334503963695,0,0.4036180201468327,0.40497704997829115
12.60318666234311,62.65138636137028,15.380450290591705,1,-3.4768550338691093,-3.3378971697549185
34.38345098100945,41.871100378131736,11.36204568243758,0,11.643580710136856,11.151949029491002
15.141354516618854,86.12559454317706,14.02157243314641,1,-6.445100213679245,-6.632901093617548
69.51529105541252,25.929655498904037,5.646691503360967,1,-57.98535755568204,-56.53129955415476
21.41895926977911,98.12191942239254,17.995993535515588,1,-6.827683352412656,-6.489522508965547
39.794077945614575,61.75708898483098,2.791920805784952,0,294.4538686042954,315.2819243720925
89.67180298425909,79.56020282065427,10.134278511150013,1,-66.03860128219964,-69.46501161902934
21.22732195649806,9.474355729454064,37.59175178635203,0,0.14317454108381505,0.14231797806748445
51.27270133191913,19.16233059112764,16.94798044515451,1,-3.3838025815099293,-3.420571075846635
42.50789445543618,76.08196363038611,33.743613831889846,0,2.723453458919336,2.8403255597387735
2.7942800635272436,3.176665681893037,36.12732460426659,1,-0.007298614924610782,-0.006800954056271575
79.48305324370847,81.87092060348449,29.478081793873564,0,7.849124347497985,7.488688678559453
7.835544725145373,2.380952850499234,47.976189326904525,1,-0.008088251798096597,-0.008105288724725195
47.95124707671841,66.05476506706606,2.0505534645325496,0,787.4599271349508,753.2894138691229
56.507151198956045,37.14429810294878,37.193979878818965,0,1.4879485739165745,1.5172259618713544
63.21421920484412,61.53799041920071,47.98054555307999,0,1.6697621119355808,1.6897705022136582
69.17453130147969,69.90710929192225,43.25131473829403,1,-2.4928543966824157,-2.5850499681190424
26.073965968748794,34.905046699444114,9.226741898445653,1,-10.2990548171877,-10.690513675213722
1.987898889186488,11.68828236297272,17.014195006334873,1,-0.07706345348925268,-0.08026425397427343
72.62092257313628,7.894940907078299,9.450140153946805,0,6.32522755845374,6.419986968351761
54.03000333541028,59.30466623369224,30.4641098269205,0,3.5586942832296473,3.4526048447282593
83.77565261751762,52.544880019677045,35.89721111699512,1,-3.2266322608303417,-3.4160703508375834
82.31744792716873,74.47789990299212,16.53661469878985,1,-22.53695624831882,-22.41950939331628
84.48929061100043,51.46381549038978,27.435822125230477,0,5.62822943929735,5.776538709816405
49.02437133797447,42.822133213057036,34.855107933488554,1,-1.612000449646046,-1.7280148388115466
34.0292111878497,40.41063064538685,21.645651013941368,0,2.8389476697906195,2.93498716107013
79.36426205654563,3.618243357169079,42.846760992317506,0,0.16134108515765844,0.1564180120423568
45.67811718989624,34.22016296796906,38.805946829103036,0,1.0349591737263717,1.0379912661297084
19.160777443940017,97.62599559492493,4.168611648677962,1,-117.55727128922652,-107.64546219205286
85.64242793658596,87.4820020464818,31.435139655450623,0,8.009723048125492,7.581879818926681
88.37342780046238,33.60842863638755,12.530951997027731,1,-21.52301357771001,-18.91480095448534
47.16466585787684,59.191745101570845,28.318394968696488,0,3.135926873956738,3.481293478968855
8.494273003668958,84.8823778080139,47.88753368901535,1,-0.3061218416830198,-0.31441178116047036
39.394782901776196,44.6861593382568,44.074038223060256,1,-0.8823630914214056,-0.9062458969823871
80.55022828679773,2.777828511264945,20.821303752641455,0,0.4996731472107112,0.5161267481472367
90.27562882607664,8.376535720045368,15.284179058873317,0,3.2609853277770684,3.2370598798830144
21.143801507261987,51.528879413521956,12.48588147600469,0,6.104115081937089,6.988683215550544
7.630387590501881,96.97449819191196,27.09322861806948,0,1.0436846344086366,1.008051259054621
87.85769486015103,69.62774467966791,6.59817420964476,1,-138.75789965037748,-140.5123757236093
39.55108895890866,8.020702952418382,27.914475398284182,1,-0.40803923970291234,-0.40711015624530217
54.634335462488764,19.746726703394415,1.0653483350488089,1,-949.5650348237989,-950.5555841852367
96.83851539302513,77.36099117846815,16.868631906546398,1,-25.678240056516326,-26.327548724377564
7.589908063508062,84.30253623566823,11.776781377698482,1,-4.6200966997362585,-4.613429942042474
65.18348273775746,62.15176403267049,48.58972070807832,0,1.5551520787687727,1.7159404620301064
8.33643683491184,64.79789379335185,36.63487365892897,0,0.44668686114389566,0.4024870923937173
38.171423918183535,3.80540758795508,18.133015642649646,1,-0.4152492167314646,-0.441773304003942
80.57763997415123,83.02449569856934,5.549409240000405,0,203.27707532410483,217.23374219564298
43.9137510428078,79.03924560891214,26.323229139840578,0,4.922718633633479,5.009161031911742
99.72105303639209,26.644479266231368,11.458946184976073,0,19.996262597281845,20.235071027417163
56.34686920971362,71.15899527658519,27.285047749019533,0,5.6763226108618,5.385799251473951
32.795053110959394,22.27060603607481,41.93275535476573,0,0.37052389792696977,0.41536851442204153
22.79102126457056,4.992685944099787,31.173835052967885,0,0.11416796790696952,0.11708939673947433
35.70153289433002,20.91251771644735,32.05563255770511,1,-0.7905440610933848,-0.7265817460365938
37.88079410219553,18.68425879867565,27.510484164077763,0,0.9218561619654873,0.9351870435949716
7.802654094672136,34.437051676749874,46.43601599893905,0,0.12166762856561815,0.12461158277306805
37.58784574325054,42.42650022037035,46.663231536609565,1,-0.7294592394459772,-0.7323775467238872
46.95961345418327,51.345350258273086,26.12343685260406,1,-3.640030176093843,-3.5331738554726444
72.55103747164166,48.19863367532449,15.982214870031717,1,-14.204107427447221,-13.690030760931455
66.01621898743919,27.796785990563645,23.51976328809275,0,3.420036742540293,3.3172586660053183
71.16779986768627,3.887896188833372,10.141337697585168,1,-2.629182069784582,-2.6903433592458303
1.8280045058088528,60.90506060147792,32.18087145058638,0,0.11047052602941751,0.10750657856645247
22.549072558473068,40.17873815488808,25.504524453329427,1,-1.4051250124216632,-1.3928056402320033
66.5067445515858,30.568543581367422,6.061723412850714,0,53.746742534941106,55.32841192446433
48.914947449794965,86.82716324022071,10.684741274861151,0,36.98116895304403,37.202247928194936
1.5260340911662487,74.92758747201782,24.501965853776813,1,-0.18568758091031765,-0.1904601510895983
80.64496960075041,85.91878928887178,44.49186054522406,0,3.119323923117813,3.50029217030763
77.50814775574341,50.00329667653364,28.753145310923774,0,4.780244175617801,4.687866960756525
55.2934971363627,13.96219396055097,34.39521501021507,0,0.6626636786745672,0.6525768573358943
7.57986925185094,69.92592217600597,17.612398937451577,0,1.7139982962609654,1.708688469431296
76.88498990372588,21.40130421378035,28.99915825916748,1,-1.971248040498249,-1.9566404067728669
58.78764518540503,44.68173724007996,22.9216113092653,1,-5.640956008636506,-4.999491416457758
78.41403773863796,7.4350781059399615,33.29736571853487,1,-0.5374120229441327,-0.5258472416867201
75.4229522471882,82.70553183987526,3.4782027378715084,0,561.7516396923568,515.6182746522718
80.49720512382588,13.468123463702558,25.171710595708998,1,-1.7099452001979105,-1.7110489376017022
52.28279857405786,90.40665319788165,15.50363863205438,1,-19.967050491491527,-19.664909153426063
14.892127301157984,86.55882962389416,16.983068002617554,0,4.473039947653801,4.469262036746965
67.44458986458918,46.99369367948536,48.08495414634501,1,-1.3464658590063232,-1.3707816662054426
62.42690472014509,74.69245222609507,9.952045822857755,1,-45.527809104975006,-47.07862672386815
74.48306553270963,62.32506230799717,16.25101737635125,1,-17.77874089993691,-17.577582897857713
17.818219599022797,80.50448859143674,25.984736210812716,0,2.169592335054842,2.1244561812625964
20.302544790128632,43.748704977805296,43.28832045933156,1,-0.4342592417677387,-0.47399548749873993
89.15054220471352,78.79503994019065,21.416834077112153,1,-14.544306837717501,-15.314835090360262
75.24780204675501,46.78322488944965,37.449398763520385,1,-2.2163972149741618,-2.510118792579143
90.91462038133197,94.15561299643659,42.962330812525316,0,4.485421569583398,4.637717333330675
76.11281679522816,49.15083798168961,16.1908014352706,0,15.466960329784191,14.27092185592044
60.11837529303988,46.79930792143922,20.244758993396786,1,-7.136084916974241,-6.864698124327644
65.7591409657595,78.72211429478776,18.471254960729457,1,-14.904376396163485,-15.172602323134285
89.02366447006098,82.33619148432295,41.809934622278135,1,-4.039551653502895,-4.193119743316091
58.301868696682114,55.89442231779591,3.1729962357264565,0,315.41065350333815,323.67699482846626
63.606741108510356,18.799983536012466,16.11263335260532,0,4.626296851293453,4.606038508821095
16.491194884356457,47.30806486480037,34.29101932216136,1,-0.6332744409855944,-0.6634779859108398
47.91820079149417,96.83917778805817,28.70673147870179,1,-5.830957641412692,-5.630981526067795
71.92331408385179,75.54563311087932,22.37817860539102,0,11.755636361772167,10.849996155836699
27.823327133320177,81.30509778403409,27.457463133847835,0,2.7928555615729476,3.0005855959938788
21.023163871928958,4.249724383104773,10.681644705587596,1,-0.7070949797979351,-0.7830375406440525
32.06885401421714,47.31808680078183,22.10511445879251,0,3.260932467270697,3.105453861665689
24.908562171290512,65.01549223209798,25.583446224641104,1,-2.485372169417673,-2.474271895825445
22.27635106660319,83.1732356791794,45.15826697577548,1,-0.9268513536888178,-0.908558963065778
43.06023344394061,5.878091704694375,13.780922977394841,0,1.298985142722601,1.3327728170282473
90.87601287446988,85.39144967854544,43.523596606081696,1,-4.124325157799787,-4.096510742842585
51.19890502713311,55.29169273744926,32.56782864047311,1,-2.6754371296385275,-2.6689654407139543
19.60411770071698,20.534083087029934,1.9967007223124482,1,-94.63392943464831,-100.97100202946736
8.620195268706533,32.4082664285203,36.506935508070285,1,-0.18898193700116622,-0.20961489846988843
69.9194583686546,28.911025623404516,2.7420419999036993,1,-266.1718628111372,-268.8520478091298
38.8970776792024,53.555044394559104,49.87167521387684,1,-0.8729601971971637,-0.8375474960614748
82.36126371195057,6.11688231120205,43.759197696868696,1,-0.27027502856641816,-0.2630961086815398
66.29156609543625,16.69507969149243,15.569843629462238,0,4.523600025531761,4.565394104968683
79.82790360359549,81.45661129420246,13.613150279638566,0,33.28115004887275,35.08841778909449
27.922657902426426,14.127795083934295,19.690613023174837,1,-1.0774246848544644,-1.017449044688567
69.54353332364475,24.10623067635457,18.45218130040771,0,5.439969370398854,4.923689236266701
27.142136484678158,45.88368995481157,19.24455310088367,1,-3.31180926149777,-3.3626890205563353
93.96777946557887,52.194967923219714,16.59555075985454,1,-18.55021095484216,-17.808373647699252
64.00105387180406,76.5974374818017,31.435536935568237,0,5.163444064458412,4.960890038575763
33.12666821735887,45.28591023995259,9.048919522310573,1,-19.40034504137519,-18.320925465139105
27.681674366934992,79.19659748251834,42.45308332985464,1,-1.2830712441643033,-1.216411178807406
19.901731922092708,62.21628439750029,40.80772171753445,0,0.7136950017525786,0.7435501152454955
69.76945493047906,12.196874202958423,24.34767718490825,0,1.5542369721599647,1.4354854824036734
22.6528456867948,16.47681240089102,42.78376829864883,0,0.20133147001907184,0.20390970499973088
59.935023326821415,44.26633881952731,13.11010843148437,0,13.551707265578884,15.436246855511593
27.198867665610376,40.29204991581492,1.8607073294943803,0,335.6804691486316,316.5293971326879
66.53492553459299,74.61088269409217,31.341188326461328,0,4.976413538934336,5.053833559951712
81.67903312551339,58.49297683993783,23.437560941271055,1,-9.501652926587298,-8.697400793679128
78.02449907132066,39.42517501922268,28.79106276849766,0,3.6522248473041374,3.7109852346994034
76.3242817621474,17.905268061588178,45.06763104190175,0,0.6903712547202511,0.6728435491739949
19.584518163532955,23.456873130224018,48.52635310473123,1,-0.19114548643035564,-0.19508671771507713
9.750109751467352,57.97460082843684,32.08820384802455,1,-0.49961522976718187,-0.5489799148758496
70.19593402025117,42.92044168507945,38.43872390276948,0,1.9521546687129718,2.0390985545078255
37.46637416564078,51.97782337720653,5.106613240871049,1,-74.50374778240649,-74.67819649848552
43.80227641393138,17.897066094921133,8.875063659683775,1,-10.300703411070577,-9.952577536703213
4.083760186545716,66.62771898211201,36.92703544269585,1,-0.21492463819929672,-0.19953831000862526
26.69806847822987,85.40133534474073,22.136907363012096,1,-4.4467522483844855,-4.652759545080829
4.333963983571938,26.53601117190316,22.85229824981588,1,-0.21512112515501583,-0.22022223822599887
88.03939148752352,49.65990835735083,16.121776400136394,1,-16.582616448157996,-16.821207146426065
25.096271638634516,97.57720557306928,30.760462790409445,1,-2.5328175599654013,-2.588045174985101
56.1763797877278,33.990932314522034,10.073087225393927,0,18.173798994379126,18.81878738813315
4.85895274545191,59.909588147452354,31.718897686380885,1,-0.3038854445383285,-0.28933624264763685
67.01789173926015,9.929374319824193,9.516143999626744,0,7.362195879231836,7.348363550361025
32.97970722965529,60.99548524546488,4.127475700775966,1,-111.22397528971464,-118.07975307281997
89.89399950880892,9.873545557157174,17.18752674625399,1,-2.762957500960861,-3.0045335893474516
88.92370070446955,95.96430809705838,12.325876758482536,0,58.402251252123726,56.16834434323226
33.20377121781303,71.85060255515883,44.56059028926028,1,-1.199725748370846,-1.2014783705075371
90.19512867335632,79.02781902543494,3.6927192395627033,1,-515.6705701768885,-522.7216654208746
99.6196096763791,70.70633171639204,9.654070936132019,0,75.61950940529367,75.57569870433393
82.71615074827086,59.38317457157011,27.887260673569422,1,-6.63999127265745,-6.315998445710993
84.64226342776767,45.54136532746503,24.572292351526208,1,-6.376266001097552,-6.384133608877784
25.6518648747999,85.97896459634518,3.246748900360376,0,195.26112100151124,209.22508362848617
58.093537486917874,95.72673108676324,1.3553689727420792,0,3008.4533215261727,3027.233860535193
7.6583354827694174,50.40458111750405,49.41532915609634,1,-0.14514959042322773,-0.15808148684948292
10.396875745345302,93.22196986637094,33.28290031758307,0,0.9109387320939867,0.8749410658237388
99.89036859129577,58.74995808886323,18.904900414176286,1,-17.178246173817154,-16.420349205637788
33.337285693165185,54.30003450274688,24.051180135498825,1,-3.140707535711626,-3.129374650984977
75.07020729283579,45.99379056258031,14.06095590226006,0,16.735168402268833,17.463734730983905
80.85984024965482,21.719488391481864,17.89881540096728,0,5.464800310108289,5.481935131206025
85.9443038297157,1.3682464209878598,32.803178896142484,0,0.11497096061829404,0.10928223135475973
99.76520144281349,24.909116458750066,44.25777814450117,0,1.3101213027311736,1.268697815489616
24.908152040429915,51.46259398875295,10.022371130978058,1,-11.176185157588778,-12.761220700957157
4.994731859110271,38.616035273715504,42.17771376388062,0,0.11488558061222408,0.10842109530680014
41.70796028146401,45.40003757226074,6.956274846395184,0,39.53020532618736,39.13106769014899
13.877986313065747,98.08417373684091,11.534618955831169,1,-9.884622220817018,-10.231018931042657
3.220163027043457,35.67696469626343,2.821589114432653,1,-14.576461628784228,-14.43039488155716
36.68225588700712,45.76611099665068,7.899781242556973,1,-28.417647139485922,-26.901092345921306
78.59008685644841,14.218039583929137,45.94785412773848,1,-0.49471428809902285,-0.5292696860832796
57.051888431282016,5.747815511261777,23.512498584300552,1,-0.5632397700348398,-0.5931646751152507
31.96502093182505,77.76554194465697,4.805627227139324,1,-108.93443105208385,-107.63711207644634
65.77985854377926,57.497634332125884,48.026615063909105,1,-1.617295591825792,-1.6397549660767448
23.96979985057226,76.30977579834561,44.07062308017385,1,-0.8833387848182628,-0.941772931642964
2.423763161136417,15.836417089768611,37.97944352253892,1,-0.0254842253422695,-0.02661030899056696
76.67098525720631,57.6110483470864,46.740166805430334,0,1.873973255304397,2.0218843299564706
62.7505654015369,26.11060495979618,11.786341620952443,0,11.938086166078893,11.794418343562954
76.46795982559503,23.578119873101972,41.98209535749423,1,-1.0315382950225997,-1.0229642422005931
4.854863652078896,2.1410753912455402,34.809568621361,0,0.009055901310631232,0.00857850709113146
83.87484315523457,13.903731633338117,43.61820322881673,1,-0.5813544707560473,-0.6129535353476132
62.33309380359403,31.61754303846984,40.04866672138886,1,-1.1477569163121586,-1.2287702177179018
56.77613972055137,12.570997298502965,17.978258095664426,1,-2.3316372730919253,-2.2082100001957183
62.83679076333863,98.59998560068281,38.94552831384552,1,-4.244994357496177,-4.084845628874203
86.57889143996805,31.554632203871115,13.860358846259626,0,15.013032049687707,14.220870923563163
59.1067141493318,13.902070723530489,17.101015988374687,0,2.726661322180018,2.8097810831744443
58.514087608929756,20.709148969967817,6.287380143925831,1,-32.98560398766362,-30.653724607386508
99.07723654951081,59.182619605806174,46.81875418304297,0,2.7462637193884167,2.675028188514836
75.91628653978823,7.340308862614062,15.259164806613796,0,2.3277668431052567,2.3932483238526467
44.78708673966239,86.38097888397454,26.51050079340114,1,-5.012103280407666,-5.504717949352797
71.03230300325984,96.18846824447758,20.17530898684344,1,-16.53708087779596,-16.785663592016046
39.53381669748706,25.427994646070704,48.03647790859157,0,0.4391416805073286,0.4356508259775281
23.6586707858664,45.55943159049507,17.41740937598564,0,3.4874545048948487,3.5530516355458834
60.088335811888186,3.19131065192021,39.14874524971176,1,-0.1151668929796284,-0.1251190861385188
92.8900277132812,64.43031224799492,42.915391576927824,1,-3.1913660516450864,-3.249624418047985
92.98481248153081,41.9786797472063,22.34471837656733,0,7.65823568942701,7.817916444454262
34.84862253244354,27.735788144054016,19.53041890819363,1,-2.634588566654242,-2.53397899501322
53.2400691559478,21.47687395104424,37.63954522569877,1,-0.8100530618467968,-0.8070881004446916
21.951953958416258,65.74828468821728,45.73190303500547,1,-0.7238454289180196,-0.690111178376759
99.56747984038947,42.20548607219913,37.99165492053967,0,3.0612309223228036,2.9114544328985303
98.13067287892564,18.786269613961288,12.129191914001415,0,11.397874691953138,12.530880611103946
65.30138404103728,69.22179906719558,44.52707962444756,1,-2.295809428352421,-2.279905488407103
80.63699190806986,56.94215602063267,19.991501704404822,0,11.839359252719733,11.488871944297943
71.7949159670863,86.00853343802012,29.23524117711878,1,-7.101148076838017,-7.224734170073618
59.72266368490735,12.630113988772797,41.74034534534284,0,0.41741936786135764,0.43294663016339335
6.281451701900872,78.78099359250116,10.231343602624118,0,4.883395498449694,4.727332380271202
46.02166991271345,67.67816189490864,39.440996648200105,0,1.9135325655289825,2.0022355433402694
67.80384391457365,12.386082745981684,30.211977097623198,1,-0.9211191337409305,-0.9200893395503199
68.07562977448478,69.78725225730035,44.773740449552804,1,-2.29261247547991,-2.3698508403360923
37.93913922381598,44.71318159910321,9.426549690333605,1,-18.64864767915802,-19.090509725097274
94.22750667914502,94.55349377002847,21.613429615005494,0,18.428777994908785,19.072512493866025
17.568346191441318,15.019523711172031,41.80931155047504,1,-0.141914488856394,-0.15095274295376837
50.5355851753405,64.64050569075806,1.9423534693812485,1,-862.1024360531839,-865.8556854340347
69.39751367853145,38.81602450083165,6.497866971516499,1,-61.42880555549958,-63.79892082530311
70.01644478328912,95.72465238849689,49.53769542508,1,-2.5223787168850067,-2.731192150199406
65.21525672011273,33.66751463373737,14.739314750927177,0,10.671331453164466,10.106614011353425
28.253533131734155,96.25640503968822,48.80161649247371,1,-1.0779608902169535,-1.141915549546647
16.464450299975574,90.24709925897416,9.944045999425022,1,-14.881611467195494,-15.026375516213283
63.95809235584438,27.767940295754975,18.693627707359447,0,5.283949753032488,5.082202788753452
60.330909497804335,80.55063590581634,37.89060278067496,1,-3.3487496495611655,-3.384899799683962
18.756245018634857,99.56481597854709,33.23114195467075,0,1.5888161999400734,1.6910687401478754
70.80877541148577,26.01363721495695,29.47499759652372,0,2.152312583017414,2.120218434527023
46.06202718163198,44.24093976300865,26.96505961444537,0,2.8385467648482905,2.802622610376106
67.10829856871214,52.49789292010921,42.32858173957227,1,-1.908914546762041,-1.9663040161575116
83.89934089724491,30.198182444582567,12.512479578836244,0,16.079192671544064,16.18275988735336
17.803114429115393,2.511219124956946,22.6810754226824,0,0.08359792987673373,0.08690670972889004
2.895341931686831,22.79279517555514,8.617162315666407,0,0.9179008464390124,0.8887280769971498
78.13115605318289,28.911751549834086,30.201138190804514,1,-2.6391991949379485,-2.476578124060742
61.360045090108976,44.91637043050053,13.276676789294688,0,16.775960041050823,15.6354922746137
70.26431739259004,17.939145362926784,17.358261152825904,0,4.134944321958205,4.183349452945384
83.9773425238756,87.45218131247559,24.09128511455288,0,12.808903521141742,12.653563208907727
80.47828254762555,70.78620214040227,2.3117586994532644,1,-1036.1933133005925,-1065.9634418786632
96.13109454595364,9.434847278406536,5.504958860121045,0,30.812821614907897,29.928889746472827
54.0575728063597,65.3591526628532,34.61053181470276,0,2.741697474144527,2.9494864814055415
49.361067633330634,65.71199116415642,22.019529055157854,1,-6.41415105814073,-6.68979976894658
40.78683278918228,95.66589619071914,43.374720877994875,1,-2.042539378489046,-2.073976067733759
16.21541324157625,1.2990662642599635,35.038928178565776,1,-0.017702625362307305,-0.017157645868788655
57.68811605532022,25.54531253077491,1.3969461407188,0,726.8528609006338,755.1587383433343
28.4242399082719,92.85135645815623,31.218904207589606,0,2.6627271677978537,2.7079572409181973
92.20944370908457,93.28125762443003,5.592518436926104,0,257.15547723337323,275.0140904147162
58.73588962343266,72.3380555176931,39.26572580973422,0,2.993079704277401,2.7557709795242515
59.69117787030291,76.81056878370646,49.5838767256466,1,-1.7263024446039141,-1.8648769090873862
36.137541426823994,10.056812835035064,27.028740917834064,0,0.5087058847013137,0.49747050827298817
6.1469458457930415,51.87370764304513,34.45619550951239,1,-0.2715789927617568,-0.2685789867466584
4.142632771925873,23.92671613761094,12.628393883842826,0,0.6154062730347865,0.6215317163371107
42.910179271166555,18.94058631774811,22.442289443935884,0,1.6748515355653257,1.6136874786625066
9.371972431626547,81.22002661320992,42.9486712795828,0,0.44893161080204325,0.41266217704151287
61.07784859847377,14.368775531374196,9.20372443956631,1,-10.655870869448199,-10.36039411815165
88.21632755832609,47.39651206264214,14.011244675074343,1,-22.488277902037346,-21.298152029921834
88.4085668353535,93.91924571901727,22.826250089015478,1,-14.702856183625434,-15.936017723507272
66.245495603091,19.39737350096891,35.90019570035668,1,-1.086115096152302,-0.9970240853667971
21.91195131582017,97.82134895008522,19.41831378498802,0,5.397842893291528,5.6844921672907045
86.43668630452834,99.43451059034484,46.45888170936719,0,3.9328188097061325,3.981967818897081
88.7232500960076,56.006098313557885,5.6283955121672395,0,144.61863454547324,156.85687002779935
20.46870491034291,17.844131277538633,19.169405679697526,0,1.0492305462801728,0.993959016828475
74.00518249129705,32.29438390614867,35.738752047992676,0,1.951327853479351,1.8711576124755491
29.365435343785173,43.02479043497698,12.07335151741313,1,-8.916717350649465,-8.667613085758619
80.46139092294004,31.62309821146407,33.16424357725398,1,-2.16539216583732,-2.3134054817273992
99.72655209045666,28.78292240777506,9.046630953139951,0,37.61446744566642,35.07292146929394
3.9725745276098885,97.2507412124194,3.7430339582226324,0,27.419087064880483,27.575121785336684
89.83922071330225,16.18311791415882,6.929770120683794,0,29.593234865983774,30.275443820567666
62.64042282626715,73.59946296296937,46.5692543735726,0,2.3660186134073204,2.125840893703774
97.3648792973173,1.0406186544783123,28.035793264038016,1,-0.12425649569104875,-0.12890454761261097
47.03594223511633,60.02208427083531,40.020942998502804,0,1.7852413553993665,1.7626508125082936
84.891405126566,91.67835739145119,17.30007054434751,0,27.77653962607988,26.00367906662892
7.177012791229446,29.505475315228683,30.040273746386884,0,0.23820227643267144,0.23465972839251206
34.192625957751275,19.3670715505142,25.252654551544587,0,1.0121893318114246,1.0384422199973384
7.6346372373697875,65.51629969296427,47.34116001071241,1,-0.22228790446503546,-0.2231824169192997
97.55897021442799,71.54753932254093,37.631157166651406,0,5.185071203627965,4.929090171659005
81.88041681991183,69.11502137624615,36.796588943332374,1,-4.595954966531732,-4.179625488031636
85.40219470335109,32.61237112211603,3.271310202279697,1,-264.0084636200163,-260.2603150701986
93.85855791195553,25.968037813773755,27.933813781180863,0,3.3395838404243516,3.123579363020253
9.42524512585875,95.63596119624238,23.882581241188927,0,1.5398966049968421,1.5803429868907994
39.174161658820005,92.40665131872302,46.46427106370353,0,1.8063567862140308,1.6767359926249836
8.03245401535621,46.27434437938921,13.60975742128708,0,2.148674556087875,2.006724501784966
21.868517053452834,84.77319274928297,14.221839211263621,0,9.135683854933294,9.16571491449182
23.707211926729563,45.78002428579531,21.15596619519352,1,-2.4938149678234076,-2.4248829057400734
47.44161389371029,43.01451278917853,12.925115956912425,1,-12.39084952275301,-12.215340202357794
27.587654577910616,16.51953181233017,7.330011972628725,1,-7.3520195727804625,-8.48209527199523
10.996832574958349,43.21419959270531,43.01332748588924,1,-0.23278222527452347,-0.2568549887897357
17.581617820316662,54.204276921380895,28.355549695791876,1,-1.1778360627770013,-1.1852671527839103
15.580280791657001,3.22792841543996,43.206773228871775,0,0.026120691879024445,0.02693987078389549
97.33460299331753,44.967187512365236,41.7256035047811,0,2.52866815654429,2.5139563537915968
76.16995818492889,78.35426562112482,14.820075384693883,1,-26.842215742465367,-27.173497258564613
96.80838506168664,68.32455958105271,27.839134771889423,0,8.003932656499323,8.534505239536871
44.53430816428295,63.88054189752957,5.077667434263452,0,110.78205089620316,110.34046136752048
28.558479684603004,91.04598741528305,45.84734231750716,1,-1.1552036098075413,-1.2369939149524896
80.03102652370949,2.785168972697771,20.808873038192502,1,-0.5610822071006736,-0.5147695093077063
33.29913788607353,56.14771103303118,20.290133010562048,1,-4.353762737983367,-4.541457536901074
30.638953996829482,78.947535992561,15.835013160279708,0,10.309739218491021,9.64663079663681
24.01809322857529,54.59220288742546,23.572523490824487,1,-2.425838467064977,-2.3597010784766184
13.8382188441993,33.065659705457534,13.336209940726954,1,-2.354788096484661,-2.572720097581321
26.38984304065983,14.488805944105808,19.367761367043425,0,0.9841362958331153,1.0193200150783137
36.176655098914885,88.86874410980295,40.19740538065921,0,2.033552119650478,1.989671636566239
67.7254266064273,47.605476846372696,41.878519675673424,1,-1.866538434603117,-1.8383407975141128
7.193919379725706,87.93340450158443,15.90494140379729,0,2.4622790681779367,2.500663802064039
21.840187026868954,58.999360120883665,23.98170709708661,1,-2.3096450446872328,-2.240492352439196
81.09334038887596,67.74501954488508,43.81716903772256,0,2.961313553678537,2.8613694274918373
15.545270434793306,80.62185428346655,3.5809932596551595,1,-93.58579402827553,-97.7336362196338
34.92186950572963,66.2563989154133,44.568103137793486,0,1.161116626635508,1.1648687971420442
86.60123326395586,40.407429227214834,11.740032936964253,0,23.662646726803377,25.389062634710406
16.337605803200823,51.849705008936446,34.248422966504414,0,0.7367517943791643,0.7221934516666293
9.1909467262008,80.5015069429121,29.54503312284541,1,-0.8297233393377641,-0.8476084869707659
48.96926151292107,37.991379340925434,28.09409666127335,1,-2.3826434918397057,-2.357102516900255
30.939531616575103,39.42402422008121,43.108651012888245,1,-0.5950862950779794,-0.6563656157564901
56.777428083901555,10.473321489742114,5.977035038588403,0,15.343587604962288,16.645181964669444
80.57668415786404,91.54385908695302,18.004373240956166,0,20.23255347837847,22.75530143844742
14.577700327121573,10.012595179598732,27.374384570893515,0,0.1876635162943238,0.1947811597622145
58.489209370874214,65.17270856740703,40.753153843355946,1,-2.2136642295867732,-2.295192274707232
51.04536727859653,41.906253401476974,11.605711087171905,0,15.04308497623763,15.881505074607778
15.263799815306758,41.156319635288796,40.34356222733954,1,-0.4048986176140735,-0.38596747422832595
62.775850067369255,68.27563182069571,20.58228564220285,1,-9.636355816452994,-10.117451425103992
28.090401368216394,7.642279530357993,10.256778965251074,1,-1.9934107705240731,-2.040604642455024
49.29559753585723,59.77687251219203,38.19033558173065,1,-1.9822956847533248,-2.020386116089999
9.144960103429126,77.43114681126312,5.454046172252843,1,-22.87446708098429,-23.804545077914447
46.498821664148686,82.99306303077283,26.223601329696702,0,5.492455759032466,5.6117597950481946
31.33988333623921,17.882508549983754,4.1299134092325325,0,32.2355748580091,32.858211806850456
82.41573990735009,89.8444859577392,18.46447490273159,0,22.597747156442857,21.718391973757207
6.64089397273946,65.95846309289678,30.452763151313242,0,0.4405665882231608,0.4723279704025403
42.44212021691467,88.30362528124759,28.249661532873443,0,4.193092313991581,4.696227284249577
46.38471098901236,49.04279099390963,20.82811547732866,0,5.130243996859058,5.243847810110761
72.77560155361276,54.661301164623,22.02335170463367,1,-7.819873895193461,-8.201606726656776
57.854469933930886,91.98478942583844,12.11170811418756,0,36.741458971011916,36.27790050437337
67.05402138222392,90.0910447921125,23.338246832781042,1,-10.615571623544788,-11.090981849126734
77.92787927952385,45.3679264635312,47.709487930320876,1,-1.7098046894213361,-1.5532175081906168
86.3580943921607,28.166850531932493,42.67219297140573,1,-1.3147581683507943,-1.3358306842173524
32.07367417552458,39.92387302186215,8.116410584740846,1,-18.802586315586044,-19.438079837803254
54.264247831026395,39.38866852444522,2.4592585787251258,1,-377.27741012306166,-353.4082616731884
84.17069976548079,29.399820623296602,46.7426913231149,0,1.1814227622271698,1.1326042573696287
98.95566196554059,27.58938082896369,26.810737744156633,0,3.776910509167979,3.7980884407552002
89.06241179333256,86.24523071149223,27.354053334316077,0,11.842105416064763,10.265643095781643
37.7752589998133,7.9163301477815065,39.25518178961959,1,-0.21518638346681085,-0.19406059690964533
20.32148520464639,68.08350702785982,16.419759719695,0,5.4830258894392765,5.131729649716788
49.44986120325228,18.109185094188778,24.613470872964108,0,1.449017948531369,1.4781491717268411
74.42250373176819,35.10608344601226,48.46448274419014,1,-1.202286493772491,-1.1123449653817026
49.76433800457646,7.092760379348849,33.93528565968795,1,-0.31457560324192035,-0.3065000152645989
48.83490546805318,27.727390048690744,8.533506567793511,0,18.852470019933584,18.59449076047
83.98481168709826,77.07368604060697,7.528110651233312,1,-108.2932171980878,-114.2180902846738
36.77897412765145,88.61651713017861,11.008973158317264,1,-24.576508747670907,-26.89184892194244
86.11967280635292,22.931188038334337,38.56887204661516,1,-1.233180114085495,-1.3275627274334505
41.27367529422063,46.89123608663326,15.473473188190187,0,7.693135474047031,8.083309559892479
33.4950774621556,47.56208074578343,2.0480534870789096,1,-358.3417063909886,-379.8037455516325
45.9450012087702,87.48395527021368,47.26454381177743,1,-1.764066187497613,-1.7992675028833476
76.48224890881198,76.51710623470474,9.315957403350623,1,-69.63876416244696,-67.43171397860621
13.474200758535433,51.794644618436934,1.4683511212553606,1,-327.1187257575353,-323.68906862580195
20.44550237132972,67.40397284670557,12.619448516782827,1,-8.960852578661628,-8.653713817159332
95.1930377406461,84.88815033702731,12.516410568788551,0,51.677007819687866,51.58134417690029
18.37367111075438,1.9443564485289495,21.678257291440428,0,0.07324576502725355,0.07601916414338512
57.205004475174405,40.88611307395481,46.099101743501805,1,-1.1571582962498943,-1.1005883796816578
58.35213219953185,90.81707356043079,44.0800609711758,1,-2.6620075051722845,-2.7273436302364233
49.47282174297423,74.29099005355118,23.387833194138967,0,6.9305126370699215,6.719281752075259
64.82977960910503,54.74129605907339,21.13409534459852,0,7.870991686309627,7.945519467119685
23.752845853964224,53.43480817647821,28.195445237267712,1,-1.487371990057526,-1.5965480405288084
55.71356450989807,35.42923966283934,12.929246586616522,1,-11.961758109447064,-11.807999892579133
37.84515226944282,52.53153283050994,3.557064606351779,0,154.74687374529938,157.12555466232354
66.50505870328972,65.88293674688187,47.02198267238913,1,-1.9162018278118726,-1.9816445473338442
14.981130793941796,42.41794080445052,10.148250258981465,1,-6.211234802974601,-6.1703790005510974
57.51686426710815,71.70116149282522,10.721635733040102,0,36.02771864682913,35.87561013349176
19.341765182949047,86.2619904987782,24.150556113843432,0,2.5001257261312757,2.860627507078916
28.585663248388602,16.313799970301254,25.089053897176203,0,0.7414766549801025,0.7408577651941418
22.652270232034738,45.703155258925015,1.9032762753363552,0,259.68460156421406,285.79475205994055
19.100940207012894,41.39398903722303,8.249782199924564,1,-12.326560098722693,-11.617349616344242
82.74538420450604,69.05901560092308,19.529586109476345,1,-15.982595147424888,-14.98228594237803
29.285049198428144,25.736879060535006,34.50280398201642,1,-0.666134787563131,-0.633130241380334
92.78525440458048,64.38484058027535,12.192504384764856,1,-41.288999042184926,-40.186181987790775
97.0227260091739,87.87143493141731,21.72770786584637,0,17.61970795066187,18.058986120248843
57.554786523772634,42.39502837956864,28.309908171106876,0,3.14564448482561,3.0445243820383925
15.157111143906913,91.19055429794278,44.54103223654131,1,-0.6889530016659975,-0.6966998798352205
38.080276094578544,99.32321015441437,16.977454614029043,1,-14.369481754938498,-13.122170605503054
79.9754940714732,11.503112944847254,7.544355027310692,1,-16.095911803411397,-16.163227311436035
37.37168214100998,24.072265610501006,24.974339068982804,0,1.465304967215903,1.4423531444337951
9.614704611976086,95.08759539672722,37.589358482519046,0,0.6364085363512088,0.6470382922292095
56.12170618189061,95.87444096165729,6.383128095583938,0,131.65654437894082,132.0585701315088
84.66696429810744,10.673020263289091,21.80949109315106,1,-1.8817327344275618,-1.8998103921253624
79.79671232720673,2.4848515373365316,1.871471921861688,1,-54.449017614396496,-56.61334464106462
18.33719087290497,16.948902302385804,2.644399900715306,1,-47.94446871695571,-44.44471417205238
67.60369682683421,99.60526555484259,24.664714797616615,0,10.933585349054608,11.068800173033083
22.829922080129062,18.819962044458,15.611667609395543,1,-1.6299360895806159,-1.7628874267062744
22.60254592066505,50.75221306548029,42.4102576512652,0,0.6829553256111718,0.637779451969536
87.53310555721333,84.99335491662059,30.50556100019626,1,-7.65449971089777,-7.994646716685213
25.717226321282784,3.0197594581324276,23.242715125406527,1,-0.13989637376436984,-0.14375493360433053
27.06148730528311,60.84440924358749,20.98883318166052,0,4.046845424402943,3.7376251979512727
1.064685685368656,28.42551943809281,25.3650285292886,0,0.0515498053233054,0.04703911197807978
87.19623437842625,86.37115672753343,2.9815027294204057,1,-852.6876511745155,-847.2196957643991
79.46688650770433,29.062653777143836,44.74687446461234,0,1.0975335372496258,1.1534427798634401
63.10556457397712,68.98881630790898,49.91685463096396,0,1.7236241946336701,1.7472374374541586
75.27631062994539,67.7477436122923,9.892869118076234,0,60.17671656117685,52.108507492160335
16.052808175024687,22.92786133710436,6.898765273956367,0,7.126599157555617,7.733424062748519
46.37403586416997,4.445120786966662,8.035295708981167,0,3.1175612202324827,3.192675151153519
35.77071934752931,41.51570780475433,33.390325853483986,1,-1.4260674367564712,-1.331983379950319
10.283876099444633,29.6301220446211,33.410601084087965,1,-0.27127139417490304,-0.27297426033417244
49.12691803627748,81.08879721175715,42.548283951642134,1,-2.3327987262541603,-2.2004741974262036
92.1532253839209,80.23605465707918,37.83949303288641,1,-5.19211841461198,-5.164038690136743
4.965852786018754,46.24537126706992,23.034793995097647,0,0.3906055113227449,0.4328061724265033
29.854630435885593,61.044710306998674,31.029912716700622,1,-1.8343226214440997,-1.8927734203816324
21.54655268436464,60.821692082705596,34.72594884803239,0,1.153164943832322,1.0867460027593978
24.576518712903937,82.88865669433471,26.124087043976033,1,-3.042225734011193,-2.9849236147987632
90.93502063605816,43.07523899819655,24.3068982381302,1,-6.674584295255518,-6.629790115991302
47.33883636919472,28.269221299260398,32.60977483649001,0,1.248167602433002,1.2584495905634483
47.16364188104206,27.2384568959142,28.316252899807033,1,-1.5877128799902902,-1.602205685611962
76.29698860307295,54.08303564893821,32.55317296145961,1,-3.9013045837791616,-3.8938732071782796
16.294728196487654,45.46567207048904,31.029883924204828,1,-0.7398816347994299,-0.7694323358449735
49.23927005590503,44.57195632750868,36.24063146516908,1,-1.5679988598178078,-1.6710205461265375
43.56853619798491,10.022596569881015,32.49737193036093,1,-0.43031231694704897,-0.41348212211558416
60.094158364118954,72.14177032832937,26.467381835426096,1,-6.284383149423396,-6.188666603781873
99.95621262179341,22.15993211020916,34.40804375293494,1,-1.7865895986922524,-1.8709330813828253
77.17544051412266,20.498409390663415,23.024616294085973,0,2.771986917316665,2.9841075869380638
40.38870459872529,41.86307370746195,12.841890072657451,1,-11.262828197483538,-10.252579378711635
82.92775217513065,23.550055820162342,1.0694927865618575,1,-1688.0826642622906,-1707.4032944404553
17.90012796793554,58.80196846349352,28.438243210146318,1,-1.2691952891086498,-1.3014949053740978
4.015904944587053,37.77487059411268,29.94210610382341,1,-0.17531928260785465,-0.1692083224523234
21.24038887396303,45.44226053668622,48.63039927401,1,-0.4199461728809387,-0.40813770715729497
34.70074405531171,54.17976283879886,18.712438370619502,1,-5.5733523153731594,-5.369268481714905
51.54749498849643,21.15001672569868,20.312528898587274,0,2.527813684834189,2.642349665650475
61.89778491357878,16.41941066368745,10.88817948576732,1,-8.27552924193542,-8.572788905789961
91.14996600422775,88.16176838448688,4.456180466628774,1,-428.56573403702856,-404.6795539775592
51.47554694549531,43.93864658031068,38.867420150225286,0,1.477310701812605,1.4971875783073365
50.626288817947206,41.79726735362138,13.234372152626927,0,11.534514437116139,12.081400896404192
5.974057972475231,4.525602877011306,30.83633819047186,1,-0.030501742267258408,-0.028432842178465416
4.456243712966157,50.29965395615193,34.700878741728594,1,-0.17804669468305948,-0.18614569054482305
55.56483622972083,55.86280243948901,24.090597677290738,1,-5.4874587636952095,-5.3484459095348535
44.379682711586106,56.325246224511986,43.94125353833239,0,1.3068182026222293,1.2946202850903905
84.07885910304957,70.99608576296555,22.745947208006708,0,10.66756428431171,11.537538457298101
16.907278886472675,18.570701664110167,14.960522529046491,1,-1.4548823364162977,-1.4028411756382895
3.4721945495879103,25.970090288831262,44.90476062511949,1,-0.04302849029083334,-0.044719067541020695
45.45483802508246,81.26231605781086,43.21664992824787,0,2.233576799002515,1.9777305137265642
24.510377118473492,94.769891067496,9.037957406744237,0,25.62688211365717,28.43673915001389
5.9118229605449075,14.457341989364743,2.2720898993421264,0,16.38965258090989,16.55613093040675
72.73523039791526,50.2673058960166,5.409292261131414,0,127.52962099016021,124.95381922366778
12.0477069957675,22.203449021219097,15.040822529137035,1,-1.2188722354324577,-1.1824469481352842
61.223630500769396,6.947243667143262,48.64073028534382,0,0.18741206418751205,0.17977588580152504
28.823925266522025,33.224830474487405,28.367291504880427,0,1.1385164173831466,1.1900909528790222
18.17610898514718,15.22507489323706,19.289824869434174,1,-0.7379893784765932,-0.7437102828211477
38.59540076901243,71.28337426999038,44.54708863602457,0,1.3501994123583991,1.386389153649482
80.34313184607241,53.838815953473,23.20368024244648,1,-7.5441317002512145,-8.033975683669697
39.817264113552696,15.239612628040778,16.446692791650037,0,2.1674397021655065,2.2433042710891495
75.32619527189452,1.9149172521459223,47.11975690853721,1,-0.06610957517228287,-0.06496657343103758
13.423143383115917,81.00754785339706,42.62636564344122,0,0.6267404994679182,0.5984434299066714
77.50437054684284,18.443246210260504,42.339750395552606,1,-0.8383700241337373,-0.797382996793391
24.456399165758217,61.01544757985583,26.10195240946044,1,-2.182684016593584,-2.1902128795833673
68.06191985899841,34.35526939459781,39.682481541957294,0,1.3495943299338158,1.4849092337193601
57.01237392925864,58.96310789318852,9.788314603963041,1,-36.99454409027135,-35.08598333056042
92.98532700395705,32.24970907125008,29.08792492025594,1,-3.476454671529505,-3.544171612543363
39.34492927955609,9.607016508533162,49.20845021952974,0,0.14836590735441707,0.15609821289218426
7.550353694609604,23.072050847217607,15.256963095380122,1,-0.7687487584831848,-0.7483716123321149
2.8963930695740374,19.617798081428482,39.92326413313609,1,-0.03477076456706909,-0.035649683269955636
82.85899753630255,43.37391589152474,25.033441953195293,0,5.568838257959993,5.734917494635697
52.948828128481786,66.17009455918958,2.950478477882279,0,419.02816540893656,402.4697146869464
77.74916113165997,27.1168014196894,38.387950492967704,1,-1.4152586912812453,-1.4306859775783336
24.208134401139954,2.1949235947611774,9.259888075213526,1,-0.6061832713098522,-0.6196825320073633
35.16329080581014,52.37479906221093,31.942204789504757,1,-1.69302194260539,-1.8050203506120137
3.980283348920575,60.970189446538235,5.197545508301672,1,-8.839626925820324,-8.983279930809879
96.1877401328371,96.32417890617916,47.39650247730228,1,-3.807073540622492,-4.1244158482661515
67.11892276338052,59.35760950623144,15.294470471837684,0,17.807491384022924,17.031483937215473
93.38730368817131,47.64608337843604,12.09676989219235,1,-31.203019847846285,-30.40718412705963
27.28414433547816,57.76676096387268,7.327683799250381,0,31.251062873805,29.353163528191715
61.534897511340425,92.86216235634068,47.35410747361334,0,2.5818872484644486,2.548267192253575
68.17149686097115,83.00943641456298,35.883283379623954,0,4.308140830446329,4.394869113512436
32.43742032550126,32.97489460301699,37.34138354718635,0,0.7777719882113838,0.7670945803056208
84.96281426654738,24.48818200205659,25.470823507631984,1,-3.0286418854397974,-3.207003697364671
94.76898482712454,27.00072762424129,24.26166147825369,1,-4.248203338371533,-4.347109889846866
88.60065665190443,50.93768293180609,6.391040906582355,1,-100.42449346054997,-110.49253351715542
74.16763061799789,74.6608956716292,28.432213683615597,0,7.222064883552735,6.849931868803723
28.46900329277045,50.81870151111325,13.098908260330731,0,8.652465207499366,8.431903462641403
28.87998816845754,7.711843186983146,48.88012130721989,1,-0.09799834053592599,-0.09321604034599891
96.37267172415775,72.63448934355812,40.03246606074222,0,4.328641450951907,4.367894080149668
2.018165097633511,80.79104273842444,21.236610949451492,1,-0.36023882798401774,-0.3615342801428618
71.8889473509723,29.660288646852244,8.415721675885118,0,31.15476221803538,30.106118685257837
70.91837009297096,66.74844818905169,39.481252865800414,0,3.13358619099896,3.0368131238006026
62.64626455402995,43.23259820438494,6.9806345869844835,0,56.05091596214492,55.57976515295155
99.02077576259971,89.02281621701684,10.277353921356454,0,83.95963886118354,83.45743410457943
31.876064140608797,84.67733025791324,11.364505369467144,0,21.65210400490158,20.89925344266603
34.65721451553157,53.017767832654584,28.287641275381624,0,2.1976859784030935,2.296262966057139
8.815000891709,69.45904903554585,39.56577604552795,0,0.4242792585670312,0.3911216143481405
44.83701551783001,88.4516204011883,16.40142905750992,1,-16.251816297653914,-14.742770699114626
26.84380409724996,50.075983997749276,5.1488208994891815,1,-47.015952036302785,-50.705840057351146
34.99528351558678,32.011823308393375,23.76238471269654,0,1.979509454805806,1.9839918407916752
83.62260723530714,75.61294765304855,37.65740181683684,0,4.682327816963544,4.458812068202999
93.61296683922208,22.786559223684485,11.861528311282026,1,-14.88538316477918,-15.161195971105299
19.38757412851338,39.464583652598165,11.776302853929337,0,5.6125838697035615,5.517128061764947
37.87838422379312,86.70699647357257,47.41412433998883,1,-1.420445978163057,-1.4609323940929653
92.93442564942401,72.71781168666219,47.753532628839714,1,-2.843628068569431,-2.9635100962768157
7.11903760823304,40.97728951950243,49.53282087101724,1,-0.12085393578356418,-0.11889905210436824
10.143692283026473,22.25970573842738,40.575320477164226,1,-0.13005259393942886,-0.1371486596261266
17.116307931416706,36.24087069239142,10.221024289229332,1,-6.259686443205946,-5.937722179475289
59.9260705785606,29.126310773515865,11.387094519163806,0,13.45735354239191,13.460941269115594
15.89675482959375,18.43283950644154,17.671036834597206,0,0.9775981700385559,0.9383754858464548
96.83956176362261,74.58995844300001,16.58849403534105,1,-24.943462258634266,-26.249392613887125
45.22473819859351,25.95491879816698,47.869859704822446,0,0.5240392356229344,0.5122375676805474
50.650278074666474,45.962579546608616,39.664625161202984,1,-1.508825448774317,-1.479719917482806
25.41920296473524,39.2000852367748,36.47643081591614,0,0.782478009666354,0.7489007531380983
47.62506499103861,98.22566048492745,10.112197978848458,0,44.216616687692195,45.74771550136331
66.52944963106414,39.71813217067383,45.56675240875415,0,1.3840889256711986,1.2726430007163185
75.36653655845024,8.918265796878725,41.565648595802514,0,0.38738904774384836,0.38903604931661645
75.63294018828138,9.892749504636319,9.01845022506826,0,8.491309635775172,9.199498878102444
58.211220156714745,59.48461841395341,43.68734626608765,0,1.7058887499710782,1.8142622029996254
90.53161772439186,60.3369916220883,14.340129282153093,0,26.621006849265257,26.563041462464994
81.92337688330483,42.457140057782844,4.962617545773196,0,142.22065399716783,141.23325508653105
75.94776335516391,43.752525538890936,33.18429301919629,1,-2.720363736315595,-3.017539587330056
6.504946646365601,6.33932570124625,33.0364283098322,1,-0.03974526447876874,-0.03778336452705934
1.680918259745282,52.138104528536964,5.651668468715286,0,2.7491886616926466,2.7437748921107667
22.032280442351823,50.969208062654815,16.623738637892536,0,3.848337726165821,4.063590462442103
66.68883579743178,15.80538253713751,49.647908650521394,0,0.4170848370355232,0.42761824727772213
41.708551399372034,11.28009922498183,34.24290668342811,1,-0.3674498581475001,-0.40123312625503826
40.83821967063186,13.233676569349559,36.77368316356313,0,0.3769372941752942,0.3996437793150253
88.57410193473176,11.001796402634593,11.432946994610978,0,7.6739319754872035,7.455108720731821
89.66072196505203,61.36111135813922,4.860321479191802,1,-228.32247396520148,-232.89783768137914
91.00835114130498,20.451782587888943,14.568182797305944,1,-8.780640729862137,-8.770041509237188
32.0739295749877,25.891585066558882,13.196020874466406,1,-4.645113593280556,-4.768972542971312
69.41452546118691,18.183642270992532,12.492660936654602,0,7.618540225937005,8.087631070083754
27.891684946162595,95.8256951404018,10.44496177246494,1,-22.469811559086335,-24.498698877196446
19.870373474370528,85.6071288520317,29.163028842114812,0,2.1925891102209722,2.000095381022086
19.278613277389553,23.818988897800565,17.077070316249266,1,-1.5708991630674916,-1.5746077341377935
34.86865446549581,33.42906309829047,41.19690573732899,0,0.770009308100562,0.6867998604790019
43.56580435820235,21.779391388194718,10.013423474521815,0,9.274145905540898,9.462944871462428
83.26396793445177,49.69571998662155,23.76672647255868,0,7.472169633293789,7.325501377170915
12.869218253798497,2.9414427149511058,1.6692339848779192,1,-12.612926103841389,-13.585578142183737
73.75765889209453,67.46543288078277,24.60243380030441,0,8.03246757273395,8.22114467646573
53.61403650474123,52.79265683194652,3.736072822947245,0,188.77083979100777,202.77824442858457
29.506588924923257,89.96525390180922,48.908452081759535,0,1.020321791588975,1.1097521125055647
49.78913886874963,17.274875748513,39.73901430387023,1,-0.4885261313681845,-0.5446473140007315
30.69426490792524,80.60681536005204,25.015462355186315,0,3.8491926071044387,3.953774824362579
60.01211356859229,79.40414043220485,5.242780550788162,0,171.7539147637399,173.3639174093986
43.950548362669174,13.590937732471806,30.0298265987303,0,0.625527606683884,0.6623813132612989
17.276147378808993,40.45736319026863,38.179423784392,0,0.5022331080167084,0.4794968243733649
12.541724381013974,17.84511147330717,10.34514539723252,1,-2.172958673082819,-2.091237315969118
55.122872525140885,26.217329545297343,28.84220869858705,0,1.6945813479621867,1.7372537754391004
90.33889029532425,27.06137130822389,40.896334020760534,1,-1.43980141532346,-1.4616917414969757
35.05181096921087,56.0674030085515,38.6441411046695,1,-1.3860068614995318,-1.3159930113015779
73.56701061503969,41.72968224428608,40.346608875490496,0,1.869041001911216,1.8858802405809652
66.20747413903693,94.82554759662423,44.08684781861627,1,-3.003624485270436,-3.2300874662778956
93.22393651663862,13.510644052753507,46.94642300581404,1,-0.5592397607354501,-0.5714766297233063
82.27712071261494,97.39552135016967,20.87053660497326,1,-18.277081967395333,-18.397162354793906
57.093920631640835,23.83322538121213,28.869686023620986,0,1.6501727419264638,1.6326329813663436
66.04601932517663,77.51451970180345,39.74231677623493,1,-3.304396504591392,-3.241330727406339
89.94026019181945,34.55802269110932,35.159850883343374,1,-2.2633113971166545,-2.5142529944863936
40.55235967410655,15.165058146314077,49.78049118495456,0,0.23808827731450113,0.24816575675984573
33.35267587991996,85.93102933937776,1.6702049041275628,0,1038.2391656436353,1027.403848120088
2.0702972798844375,31.577229024409856,18.401527550473745,1,-0.19195260809532608,-0.19306296695099412
82.82855634495496,66.22668501845737,14.77036838723992,1,-23.87556862918104,-25.1437734251375
80.29708933993312,57.07792482357603,13.853476658111196,1,-22.56364682755957,-23.880885344953132
11.340997291914986,47.70387462969656,11.903959342445402,0,3.81176567830748,3.817877872565339
58.10888073213732,50.08612779220537,35.74706819994623,1,-2.2445074565607293,-2.2776086829891433
46.93418811852185,73.49155349513647,5.153214190490771,0,132.02203730126902,129.88839471162592
12.752200455402035,9.689518498220616,37.33883286322358,1,-0.09869560969247168,-0.08862695938159713
98.07625447901164,67.14988553383262,34.9778662587974,1,-5.810651705734108,-5.382976982922089
22.25489285887219,89.6853980384593,13.289402492543923,0,10.959599904221196,11.301506464837846
7.6561838289655535,6.721031504966551,13.388855375092902,1,-0.29511294873575883,-0.2870525326173327
59.88989057068905,14.924680584133007,31.814168681880606,0,0.830160061314492,0.8831152937314851
74.14780103617024,71.94656173350111,38.34638416870021,1,-3.4919630365032295,-3.627934874087976
4.211901158671509,44.290883176217136,43.94779504128091,0,0.09659715350731791,0.09658692291894169
66.21304623397519,40.95131346055515,42.754838628869315,0,1.467417266960792,1.4833405230718655
53.69689571919399,14.559696819879349,48.27926671402881,1,-0.35647977807010905,-0.3354132235735378
11.223235878629794,51.17023403106102,29.487859871489047,0,0.6589927360108407,0.6604637494136525
18.079863817689844,13.527985808441347,45.524122505677624,1,-0.13351684384572496,-0.11801715124026554
57.22945543429197,48.1854251747435,40.61715038976013,0,1.657919199878412,1.6715385879616034
30.339403737815548,76.59791459720401,44.838713591386664,0,1.1595448514648103,1.155893172894146
93.89325713648029,26.56817143082919,1.569703462982965,0,1024.666264143141,1012.4202823070867
82.05528271892103,48.597830649793,48.329246601424735,1,-1.8407921616995353,-1.7072746009918023
98.37315344485263,99.20958097028674,24.20297797947744,0,16.847955108871925,16.660675177646173
26.707413056090985,68.97839191204969,40.1109664891673,0,1.085410921592499,1.145034666954781
97.00263964699973,84.29432035921467,7.233001847551263,0,149.94562329803526,156.29486649656616
43.69215310936423,42.06991304949403,20.401113694884728,1,-4.257855682787006,-4.416388892690045
35.404360736061705,77.01823138945967,14.301572488028555,1,-11.98904423687343,-13.331613524594095
5.984603169965971,5.010408121190862,15.291279754545915,0,0.12856850829467414,0.12823919799273625
6.22376052810066,13.168207071682254,7.039525377593206,0,1.5862700823743947,1.6538372267393382
69.50911433871882,21.103988699086152,40.48242779460734,1,-0.8866594096264401,-0.8951033874604338
46.33497044896876,40.79324053690674,1.4528734144728297,0,937.4931191419671,895.4504166266099
23.425640977574464,84.72874295425055,16.31276739227492,0,7.690359363652087,7.458765599564834
61.78306032619803,35.280339028005116,9.546116617604337,0,27.19998136547878,23.919312644674243
26.032953706761006,65.80749815803082,29.862908089808684,0,1.8523228178015316,1.9210321408924687
58.18554368009784,71.22211518554485,13.458367728112648,0,23.167974687983232,22.879429075215718
36.561665951286344,59.0320530547458,13.690924271876884,0,12.406343440614986,11.51458599214447
82.53167043457009,36.366954848843484,24.928569055770616,1,-4.470945759581649,-4.829841432493392
82.24891991591116,58.128280829640886,32.98176292770536,0,3.9665714945370505,4.395112043576002
48.25768941411773,34.884293686184876,6.943930523693018,0,34.907022690691385,34.9128839006233
35.73109182416654,9.303500116649197,9.600061170809312,1,-3.339255234350299,-3.6069876367997353
36.89341985935036,99.28759384041543,13.111562485131362,1,-18.227986371849095,-21.307622912562426
80.76573804115357,13.59106290961858,48.71366249178006,1,-0.44629385993096155,-0.46257166149599444
33.48976879696359,8.162489999769678,20.460472497203096,1,-0.664995903227319,-0.6529854345920755
21.696877996977754,87.97454417150844,30.350514440920296,0,1.9675933722382528,2.0721546210324346
9.384145845655375,30.881631428396616,12.835597823082916,1,-1.5638505134156573,-1.758987618097274
47.20261896755643,65.37940043327725,25.032516732716907,0,5.104355814280661,4.924906601772106
48.731077793064344,33.57156723656105,4.631839544911944,1,-79.48888723085693,-76.25540296817545
84.24996232988781,39.75397280865264,2.7023651501940202,1,-463.2883911627235,-458.6297138547518
22.902630948160333,26.949184229662855,23.96794281425155,1,-1.0577452534595186,-1.074408606626532
38.718136093171594,34.96135657350801,20.534305088402192,0,3.2975669425544143,3.210278404689247
81.0321681504754,41.659339658067765,7.707135664899556,1,-59.38711114575421,-56.83080836913983
82.53873746414838,72.32119084014195,34.69247001711595,1,-5.111981042703935,-4.959671894957475
39.07649652189805,51.642083229244385,49.65227105406396,1,-0.8861921633084242,-0.8185423188304374
46.45327830538141,94.41295649854072,20.38669423863891,0,11.101078671061702,10.552475373304446
31.025303194079008,5.146158990038775,31.60337315995233,0,0.15712674707324695,0.15985725661865566
93.32293296351189,50.80376394057079,48.1858211758598,1,-1.9943426464571783,-2.041952990767655
12.74573280841645,58.838254094340094,41.74521364989689,0,0.46094220114616224,0.430339500348785
93.44119287714553,92.09950162135311,23.714058941831603,1,-15.135020270676874,-15.303256732504918
68.70277873169898,5.866693838521331,37.13698473853605,0,0.2905991714853702,0.29224995229571715
53.625643115986385,57.776458908586385,7.278616972275677,1,-57.91541910498594,-58.48246944733831
4.233247017665091,85.50936292426775,26.093088917726163,0,0.5333427080974306,0.5316628236045925
48.08402299037882,24.95084508380442,14.67395358181689,1,-5.224585840325932,-5.571751953384205
41.367062395270494,87.7529425038698,8.897020706911894,0,46.57201425908224,45.85927311077981
16.960662385537134,2.8852975181548906,21.887764406472208,0,0.09936769389105315,0.10214817234982142
65.98455074656503,73.51300828423925,7.419713167247107,1,-83.4950515610042,-88.11142525366756
97.1439398294603,93.37820889569664,35.25027030054979,1,-6.851086001961941,-7.300226742167225
56.656692295387984,66.06256850236616,23.35576215861344,0,6.402345077029263,6.861492344549501
71.76057436795064,44.463895154064346,27.02608699566853,1,-4.0336527386821786,-4.3684469965726915
7.776594804035661,5.443220630799084,8.172420994739694,1,-0.6222304097293246,-0.6337879052677391
42.349032585882476,92.09126751894024,7.848811393581229,1,-62.41069987186755,-63.30735341414444
12.519490031285091,47.559326046465905,29.58735632774608,1,-0.6459251012017722,-0.6801583064338356
61.66678771811453,3.8706776892588532,49.26547764364287,0,0.09555717950399464,0.09834514836873905
93.90973366320131,69.29228606154743,5.716278578648556,1,-189.6438485659502,-199.14468830443545
66.51599551469221,48.70188810404956,15.000839999723283,0,14.124761182119164,14.395963477191556
8.603501783127731,13.310186426798662,43.60349671035649,0,0.05578868596986957,0.06023053974681374
36.1119542935232,22.212909121715697,4.54132860050661,1,-40.83508571206883,-38.89471348203077
55.5156745646443,7.384577365128781,43.91840034698061,1,-0.20651785543681897,-0.21254370139363163
40.91756785719197,57.85506043114878,26.690013185362808,0,3.1660798901342977,3.323177863016981
83.53075703704206,62.58091844594892,21.005071922394865,1,-10.894064445011917,-11.847862468587275
81.65242946628894,51.06848753718899,16.17434765322134,1,-14.991459064990094,-15.939274857375239
61.57127099021892,81.89311116725888,15.558740748264253,0,22.218128726654218,20.829392348543458
37.97233656813782,86.23987330949335,15.98432654002446,0,12.896975072454506,12.817010653203655
26.27830100256117,61.94681527162954,44.355350967049596,0,0.8380845436594478,0.827416594596481
11.481557503099802,2.262891491035624,36.465966278564494,1,-0.020704565090396785,-0.019538403874496825
36.13487066516885,69.82773591902583,33.81642738372638,1,-2.0966164629568462,-2.206475035766361
41.90407920356423,42.381922475114806,40.13870829864804,0,1.123261322250874,1.1023263018601837
67.90646958530328,56.990190839412314,13.598618487203105,0,21.521329173693484,20.927708826602966
66.15782260545977,65.25897959986956,31.28409779200603,1,-4.038988357834102,-4.411377385030235
7.940705824484438,35.673424818380596,23.543245708939597,1,-0.5265433864372557,-0.5110592374134074
40.13067222768462,91.79275201200763,39.33964012480948,1,-2.39527061636163,-2.3802581437933203
18.99610785451883,14.263511808228339,16.153549413190987,0,1.0553376306224895,1.038377247996911
16.524457826363765,67.4796689208227,32.51575222662489,1,-1.1039885089989672,-1.0546601851052146
82.90291282398735,1.4315984157014623,44.22840817904836,1,-0.06124110961314504,-0.060672009737581675
5.149606454909495,92.5404594351129,20.705373333551506,0,1.1389746061354984,1.1115770220193057
42.499104714310015,12.137909190571058,4.264482281005611,1,-28.827076249095626,-28.365538764696485
17.652161920885302,10.39353878460989,26.286490294747846,0,0.28289742423518105,0.265519325009395
88.05369135216893,33.96775567217218,17.95265190254427,1,-9.981280977186318,-9.280197091020074
56.14701081422848,37.98306231786898,33.93904364681157,0,1.9554121767912205,1.8514731372620965
23.906683001307954,22.215707159964982,47.6006133126817,0,0.24214728765199264,0.2343982516851677
50.740301429471266,58.92704443178535,24.794807581845504,0,4.7251456993184275,4.86346973018057
73.41714961060846,44.848495706154395,23.843321277621158,1,-6.059476341410871,-5.791777886244404
95.85368288302395,4.383383315067654,33.074655209381554,1,-0.42403551787440374,-0.38408522682882257
22.824154420296473,32.64555416327477,6.071377676084817,1,-21.017295354164762,-20.213626806812957
88.73199544080516,81.23285844374388,13.421803257325717,1,-37.917017228320674,-40.01199878046631
93.49610730258154,69.28045195132499,46.029986949519525,0,3.048617520133535,3.057190758336222
91.72563390867455,72.76221450440816,33.827188054824546,1,-5.493473292125419,-5.832635468747873
63.90602132932907,70.11357548426884,1.6587581551873964,1,-1678.93430309024,-1628.462464522468
63.352244789036064,31.786329116920296,11.026648155391973,0,17.147656059561104,16.562097984118182
40.917852685198454,10.866728285600812,34.45902603541605,0,0.36102645078784373,0.37446018370507717
75.487390348075,27.974251219276503,38.45556092556614,0,1.359015304796612,1.4279551972176523
53.598107816742264,83.34674471833077,42.15311906102805,0,2.500611243100244,2.514077549682683
68.06636905160116,98.06660898052404,15.3166633657202,1,-29.398834788936373,-28.45282596788345
43.41733248103075,49.89085445941457,46.620401217600566,0,0.919744855106061,0.996625662420091
73.41814994027077,1.96033513738118,28.094397785316726,1,-0.18400739816710937,-0.18234518775051342
82.62268024285035,14.864436401288675,35.130412097006754,1,-0.9898373797156161,-0.9951332508133632
15.497189403678796,32.885976956310316,30.24020427621549,0,0.5926499154359366,0.5573066791488035
83.46004184184858,58.279949510702025,7.014262679056403,0,103.49375388112553,98.86298366341549
54.48935664724041,8.434270934726083,48.192618309859114,0,0.20994832059597468,0.19787830591701583
84.6219249999322,94.39237257227828,7.02090341481348,0,167.88080935303168,162.0443173975621
43.698868927760444,37.14328365515567,13.489215864147997,0,9.068600611177818,8.920251144001172
38.52500805292047,91.34583757455748,40.86776613092603,1,-2.236495949269963,-2.1070250633022662
91.59101251920502,78.27165847294515,31.311251113553972,0,7.36713882992719,7.3123429841724645
25.865757487291727,75.78828997904253,42.06930910344149,1,-1.0745832181908144,-1.1076346928018066
84.57702020332816,61.06523839844097,26.2710732303282,0,8.028578843378922,7.483259522709683
48.91803667843101,63.05159788813262,19.47266853296511,1,-7.855067406004851,-8.134187385969362
51.89544881257471,64.16232028640857,46.17042947784146,1,-1.465127655521525,-1.5620017076726518
31.53835986745892,63.24341731553263,2.776363558224948,1,-272.1148833997792,-258.7627526450989
57.73117786128255,55.81909490843776,42.950380797299246,0,1.718353942461969,1.7468643074845664
33.19590843134492,98.654987829806,12.3100714742013,0,22.07532085990695,21.611377835072364
4.887672009923579,73.49676617514392,42.588080059944424,0,0.20955565368387885,0.19805880835937478
27.92786192909125,77.91769245085959,7.8206340574273945,1,-35.837032996948736,-35.5786808151726
1.6315252972524772,87.37381869328374,29.430729220836483,1,-0.1652569352908433,-0.16457849370241237
97.8571239186288,22.348336509859067,44.51728803156213,0,1.14143376371427,1.1035201065301903
96.608973772155,9.296611750411017,24.203442698045635,0,1.4468543070239208,1.5331613912071913
40.1203744497582,48.806549223261264,37.58176701636625,1,-1.2749751247393928,-1.3864004438015873
73.10871457962496,51.89398886630804,40.42890927492236,1,-2.4231744567491287,-2.321144367222197
35.234803742632074,83.08899621504186,37.08821622712218,0,1.924180410293838,2.128352101910636
67.43822255151163,44.93457434895123,46.34115710685532,0,1.4117947006348892,1.4110844306853996
80.73757426155193,57.514449528886956,22.894877295476505,0,9.6111402382782,8.85882298840513
94.72886822453184,53.18002291283237,9.483146519092633,1,-54.3751966084831,-56.01778693356049
40.62101530911753,4.782075591981714,3.3427421214215096,1,-16.73160477610761,-17.38447033946248
78.54650031264872,61.90627476309449,13.07653361223775,0,28.49534985488152,28.43650652987701
27.32691661257976,82.97628529165097,8.016677690131864,0,35.01339868816151,35.28220942669336
99.04289807557119,16.59255425950458,28.339488330289544,0,1.8881598704802187,2.0462211844890734
3.551190277670763,59.83884165873298,10.062321523374868,0,1.8616557885580187,2.0987501510622364
60.749351843610974,59.76744390019502,2.9077516571791877,0,433.64358893502157,429.42933395648447
66.29109218348138,17.254311441579514,2.763501614564725,1,-139.94372463333693,-149.7729423758032
69.11651015033875,13.222893799342867,41.74690541987822,0,0.5334195653471622,0.5243964408477823
12.918370300119813,98.025142354672,29.981046640708215,1,-1.3648808396471424,-1.40880742174244
93.91444856383991,39.978197795650715,18.54617979277553,1,-10.051217373370477,-10.915576906772115
18.937144625958197,23.5147511436294,44.8171740942721,1,-0.21805574586553605,-0.2217001285265232
62.65258692074427,17.96112990098312,4.439633958977966,1,-57.44253797453897,-57.0924042460588
23.044931833185412,67.09256964474027,49.03578156366347,1,-0.6693351101091876,-0.6430187694447329
31.414425285105818,61.3350844354006,31.19829772246859,1,-1.7794366674232565,-1.9795947345091458
55.09939563108431,64.71166017575433,9.989748444473575,1,-34.788301571544245,-35.728951576755755
42.302148437893074,9.712596723633773,34.27438584987146,1,-0.3662518213977397,-0.34975055997111515
16.862334496674123,89.45992376634526,38.40568172939457,0,0.9628278840437889,1.022716509506836
17.92270383966398,39.53737328409578,22.037796385167947,0,1.5504813901939076,1.459066241098552
42.39633402811717,32.023571236605434,43.21999770603182,0,0.6891210592826317,0.726822877219163
75.97101484927457,46.77378327752618,8.385887957527045,0,55.21409563917076,50.53035109650657
89.89850003793107,39.616540509015195,14.66304159530281,0,14.281611783862108,16.56459648134438
9.3286385636789,86.49412331077544,5.581125717615499,1,-24.06114587068698,-25.903667521767726
39.917286848380705,92.99683654459132,11.333014189760256,1,-28.199065439162137,-28.90269402667155
10.924310808564787,31.041868428511016,12.697711783646106,1,-2.0907786693119426,-2.1032503574462176
2.6426555826271905,86.52964493853553,45.964026355163796,1,-0.10918494833516432,-0.10823540757371475
66.5101495817517,78.37078982377365,4.827374748806654,1,-202.53079678366998,-223.67637689467662
60.642494754692194,93.14995956213141,21.943340889197763,0,12.146262214370745,11.73151851011695
17.138892267673736,25.329280906402897,27.087535674118737,0,0.5649332528822739,0.5916523811767974
24.147470476213346,58.11895586197693,45.03595963630588,1,-0.7514128778233127,-0.6919434532806564
3.34706761080732,28.179913889304018,49.88711471439946,0,0.038234936132755366,0.037898967070616275
83.65977336374597,82.58535455795305,37.91601763107195,0,4.80563772580972,4.805895113581393
97.4943690088066,1.5270948665353616,48.568758537882445,0,0.05831853654763303,0.06311484860127678
14.41049414267439,56.917097125753216,39.567955494257816,0,0.5224321201870326,0.5238831067983425
23.916046162764513,34.58113969591988,48.19692940759941,0,0.34581577010655856,0.35603274628668086
86.97254287074647,32.945687000704204,35.656265571278304,1,-2.252720164243685,-2.2537670467342616
92.7199159976623,64.84572606262678,4.908407847102483,0,258.6169590916824,249.55892334403308
42.54311089787422,85.2969604820854,20.69408916264115,0,9.106035286505232,8.473643088265021
6.011624754638339,61.3103437479393,32.68326690632105,1,-0.3293638269930459,-0.34504417015908234
4.89979153558912,85.46412488602553,18.1852069632583,1,-1.311942827959406,-1.2662660321726484
57.821036740832035,27.195114076221966,14.39581198757515,1,-7.44764096718351,-7.587599988547479
39.896615780424725,52.43068362173313,29.29256408952146,1,-2.430156713345977,-2.437848994981252
3.8365903301877973,45.60311736764053,46.74159195841931,1,-0.08541559379724134,-0.0800816402140667
58.74198683894312,2.1528450508065253,2.7141118022915247,1,-16.825623596690317,-17.16745578281389
2.1189511223132245,56.12440217093327,38.69232897353045,1,-0.07206259081226941,-0.07943701635601601
78.94982385677802,66.49090809047132,36.41363662418673,1,-3.952579514710909,-3.9589983583480666
31.336849447633785,59.599526037487934,48.23371784402607,0,0.7387912985977678,0.8027802142575494
4.9855422979139785,73.89170997955873,46.60484989429463,1,-0.16935113880914937,-0.16960782898880483
59.24686987733218,57.56261331685464,38.34939554016545,1,-2.4596626366682575,-2.318936557258758
40.37075702887241,7.608275230224935,26.500029469447334,0,0.4562677375797501,0.4373814846423868
97.4062409223578,12.528106884386432,11.009110108442473,1,-9.804338205607683,-10.068570206513975
54.875667587866516,60.05098317685129,27.716550197953143,1,-4.326304549429036,-4.28964735647489
28.24867892266382,28.222940005390377,38.50224770206304,1,-0.5467143599693274,-0.5378092005163522
71.2344475987635,8.884867774441819,44.887791419256764,1,-0.31744528637987984,-0.31411201912943065
27.87770825172842,43.53067160140613,39.695888451316904,0,0.7704439062718401,0.7701252864055781
90.52008584934894,55.87793721028188,10.568079824361645,0,43.540354625114446,45.28904391481937
38.09747508023027,33.54585284661105,30.384629397174912,1,-1.4803428483235435,-1.384290198897536
55.436987714844314,72.32293652035202,17.276499517036495,0,14.197518022908314,13.432726449920239
6.006737278598657,64.73329020202323,1.4510777021415064,0,181.10665956091296,184.66516633238672
43.18600255727085,33.949017748075526,10.810825853644637,0,12.649247993561042,12.544474594737249
83.4039904264385,75.7323803619475,6.547811846739014,0,149.42632218278055,147.3248659224877
80.75923173097085,65.22080921077051,42.293237053433955,0,2.9920813529221366,2.9446691640898304
23.2075373264991,64.10709249307232,13.666806355242787,0,7.497790707065354,7.965280167704488
23.381828030045707,55.78934237791974,14.95020047549022,1,-6.325307097577193,-5.836273980209034
81.91322590911044,2.1275771407667268,48.03689201814533,1,-0.07774783703225986,-0.07552479297946384
93.10944359676323,69.95421116421203,19.575249429393757,0,17.334122089335423,16.9978106052192
10.440731206027351,38.22813731980649,1.4696963670753334,0,178.05604897251126,184.78163739518692
45.5558053031963,94.3183613057069,14.90846126896069,0,18.988825705501952,19.33189074717969
34.407973617458666,81.98049233664332,6.84567944948881,1,-53.78940407686726,-60.191684852684496
87.1981570902865,59.18175248359991,6.037619525056844,1,-154.6301314814034,-141.5675267248649
9.268966553321858,25.966016200107674,4.796877216651726,1,-10.854576600268878,-10.459704958717607
21.901468313245704,21.16802193448899,30.069714038593485,1,-0.46411431798560987,-0.5127373004972442
75.49436542106294,34.698098930077364,10.278038457863072,1,-24.852330061369013,-24.79703432136138
6.078091049140343,48.18022641442183,18.70089690800951,1,-0.8669161002762743,-0.8373579845123839
49.76100269071463,30.31048549385576,43.23886809037082,0,0.8538842225815267,0.8067396133700997
44.76859643329228,51.97802004385579,21.792568850017506,1,-4.886246640412744,-4.899777482864691
34.10571671988612,17.371672125805407,45.86887615253024,1,-0.2865041524795662,-0.2815999707861186
40.06265921657346,97.79356846972449,25.398964616384706,1,-6.014791582441943,-6.073206392310247
53.46411810609306,11.684530941534392,20.54299412714803,0,1.431578431596681,1.4802879589056326
16.97536848044993,93.26246982578283,37.76905742744438,1,-1.1662850406596321,-1.1098232773549417
57.62759195007568,91.4442231288668,4.5855798396321035,0,249.18647720285296,250.6099029533702
80.73780060069865,53.010687700130305,5.384440766138452,0,140.1623317403006,147.62473990405093
76.25593204922575,72.76611691177236,32.94671198222507,1,-5.109123613653486,-5.111856747556514
16.236090564683593,44.1687814992862,24.860094948723166,1,-1.139794281824713,-1.1603561742631257
15.775697504405917,63.37342317670138,39.7303472656413,1,-0.606345815839436,-0.6333605581692857
27.54926240674642,34.71701780469075,45.89727102983304,0,0.479629084444685,0.4540238426380918
36.746397907762685,30.81474295875909,20.02997700590583,1,-2.8796168097483807,-2.8223600843988557
41.43710255943978,58.24474883078186,30.22409130264767,0,2.7080153119155708,2.6420416033410077
68.29002446650118,50.31483774421405,25.534134761970183,0,5.399785365727083,5.270005306961558
6.611362784417705,58.37410054584813,49.09892212647921,1,-0.15746708812448518,-0.1600911315829375
4.432597718380572,29.379397547415277,41.723135960473165,1,-0.07660124199271426,-0.07480787500841475
39.79914573144699,37.32882534988253,45.67514770559033,1,-0.7487339510344941,-0.712128149587469
70.01920552166007,9.305898102262022,13.462664291302605,0,3.6853582581325224,3.5951203966066103
20.150098952691774,6.175360854948366,38.853794734967124,1,-0.08946222631856157,-0.08242759732065413
64.50894364436891,26.09225583762861,14.008188024884797,0,8.4627649502616,8.57763641375345
26.722985656089648,8.35043907372403,11.228384137991105,1,-1.9959342998841292,-1.7699449800338325
88.72252477253812,11.273696154839328,47.26904182312199,0,0.4177456976515777,0.4476582780314592
89.67330448239504,81.47991213399978,1.9459164191754657,1,-2014.216932739948,-1929.5914263696484
30.43143322385132,4.84849600465224,48.30404647950805,1,-0.05976810640682392,-0.06323571328409236
23.76938164236081,66.23533659953954,8.313832952451504,0,23.561114120067433,22.777446920012295
41.719093234556894,27.98321713272465,41.15246600787014,0,0.6702587890537088,0.6893515764310326
24.812626932834725,87.28302239010452,14.520205100337051,1,-9.897441472849058,-10.272047533087617
67.56600048587866,49.014236173172456,18.18441404410564,0,10.459498265445808,10.015020171307295
82.78040377028027,31.252069473454746,11.621127854777264,0,19.002331114277997,19.15621765452285
67.63612096021048,52.24625463325402,29.690188081572902,0,3.731259980014804,4.008740625395776
82.6106942776856,38.81384388548162,18.05668182788583,0,9.732146695700163,9.834381140752386
40.30222405853994,56.86580540231319,33.212258935238495,1,-2.08787213657113,-2.0777025714734365
16.475380100177226,12.338753964308475,1.7667185791612328,0,61.115234047308455,65.12863783045526
74.05714379236163,99.70205977844256,4.154369292236941,1,-419.96831515069175,-427.8198096040455
36.68697600901383,43.13003189197504,5.883396483831183,1,-45.07300572237544,-45.71255141113755
67.45581169768411,35.4748333310295,21.530690580201323,1,-5.047202077349317,-5.162069136629622
27.7937502561948,71.31077498331022,40.92501246033883,0,1.1998848200246737,1.1833812025178727
9.041733845860595,37.026041243037916,44.52071760854075,1,-0.1627383634226415,-0.16890195935527766
99.26559775328857,83.494156197847,12.995726262984137,1,-49.51427640712932,-49.074256921476184
16.46394928512933,45.9728017116821,29.144116487711685,1,-0.882123194018174,-0.891113869409097
98.85367840238462,72.23628291327806,38.649884641937426,1,-4.875328486732935,-4.7802633221077535
97.75071332407828,11.637868427746769,15.152642066060826,1,-5.09949252398463,-4.95469184901475
79.58799228689593,84.76579936995607,21.04137910007739,0,16.257306920520506,15.237713684896928
66.28287324611776,73.83608069103288,26.674735931599983,1,-7.5809835458326855,-6.878119298455272
58.202897974857386,21.959961067734604,7.608867473994337,0,23.044603373399656,22.076800600640727
86.74405299240563,15.383314964832879,2.2731323925632356,1,-266.2626423210036,-258.24991102736925
29.654512640329305,32.31294252383681,8.487484656595878,1,-13.800607334107484,-13.301765727811318
47.300440036002826,97.63098801715853,31.715827441423137,0,4.65097528664237,4.5909310766154325
62.31960696728369,26.426325882138805,4.607294815150402,0,71.80506311852615,77.58352105468057
41.70785711107962,46.15659368571669,10.295121877656287,1,-18.90411750110754,-18.163044339227945
43.32115895493653,3.972002346016295,17.55484039906988,1,-0.5820682824280164,-0.5583619202487016
33.69818208270635,40.32552542705702,4.8156331510119506,1,-59.246254990280015,-58.597584829524514
56.85894985176907,57.56068152787717,10.393264286920088,1,-31.516685902329442,-30.298478480331436
85.20687827349649,95.35933663828854,45.652219660192046,1,-3.5865385345545504,-3.898648481149969
20.951309422624973,52.15686844906638,1.9456574791222532,0,314.5987269220037,288.6621907029221
93.5088708365907,82.09162529159109,33.018164284543744,1,-7.7530476585446495,-7.041186031170141
69.21967772107473,55.16563661432116,19.83603761484406,1,-9.440711353230524,-9.704839579697449
82.50404805532298,5.037716330116292,33.959788232186185,0,0.37586812803499053,0.360395218162274
56.062878570371154,32.185819243787634,29.845894297806822,0,2.080675366484743,2.0256796624110525
78.17215344098229,57.97940127527922,11.95143896337757,1,-32.775254282301155,-31.73112035933152
2.603839336607254,95.1088026271813,42.513264891096036,0,0.13534832993997678,0.1370206364034883
82.01966205317399,86.0539056153721,25.105078747858478,0,10.779659600910152,11.198642623047121
4.973747049451285,23.607205803705916,41.30426492676011,0,0.06737756641966981,0.06882377426017718
89.10142425992339,22.79087317189719,20.89461427322274,1,-4.932724394246185,-4.651327229987569
99.20431197662569,20.916123744276174,49.24959214184671,1,-0.8603832704074301,-0.8554733316235874
30.112678755501005,92.32739073394781,38.75397856656352,1,-1.9902719310301127,-1.85117451925693
21.821537072293573,85.41394915707035,48.3315600505161,0,0.7899229951614802,0.7979074376287374
76.77097302194603,77.71345979304192,26.201997466583084,1,-9.232608917027036,-8.690094286870206
26.049607751105068,39.88077630819853,24.210865482244323,1,-1.7540009353161319,-1.7723282594420264
86.69067593404814,50.93368972557791,38.017236656937634,0,2.951254137108927,3.0550367225436785
11.181416623590195,46.96884273472013,44.13427188765808,1,-0.26570430935076433,-0.2696216469490118
13.469564441556468,26.08641264837789,48.243143997412346,0,0.15913652947423193,0.1509721035862528
97.93600395496094,50.99777656872793,16.903043395592487,0,18.87014902787993,17.480900815780313
67.71005092873045,4.019158237422692,40.13652411828931,0,0.14757787015361132,0.16893075654183434
84.84183521846633,14.049226976248457,11.321634284141298,0,8.911305429533433,9.299171110446231
33.108608357800286,88.77237002072569,27.73314299052682,1,-3.8792933307033968,-3.8213829325942568
67.97189120253984,75.4162969361109,9.812559272050759,1,-52.01364018692325,-53.23901005448172
59.829940903551126,42.86397249684962,18.022470725766603,1,-8.54707175894952,-7.895549014968237
60.711861892171754,52.197885866103846,46.63655999311651,0,1.385498900673685,1.457046621857703
68.57071349423444,37.629889710037766,8.158444288881217,1,-38.51385344416316,-38.76652825315361
57.96055813978076,74.33720684890658,31.987643861624626,1,-4.193021080312235,-4.210893849017161
43.47717456096393,78.63453074397587,30.054759373442764,0,3.856306386238037,3.7848450288215076
28.31634674367414,76.56523383011275,6.916179282740337,0,46.330324038672074,45.32484730985738
77.089551760407,72.5385607586105,16.972973144671798,1,-19.082407807568288,-19.411031162196196
23.400970570315433,21.245929530586785,28.58609372124802,0,0.6143062360201641,0.608415095125667
69.543076309287,34.459027944807396,10.171751840436023,1,-23.096881413548864,-23.161432062201925
24.09994944228334,47.51469806338382,40.230559164227955,0,0.7310252915051098,0.7075089981250402
62.907686825490934,33.74850615133791,48.63566896720274,0,0.7970361343607701,0.8975289842806742
74.96074844577386,75.73907981567457,11.523210598161132,1,-39.45542071571368,-42.75697189029738
22.65267500174738,33.60599890074551,10.158686274738221,0,6.563596026304055,7.376684449500667
6.93438678526952,14.684976591748379,23.291818518074788,0,0.1775762585198814,0.1877044312746502
13.966400556423235,40.505004752782106,37.64049857986158,0,0.3947573916090461,0.39928449511921027
60.99369975983152,98.01152884545566,14.798429901527319,1,-26.37995264333341,-27.29800204723166
85.09519421634782,23.362259880424013,1.9741155261667398,1,-586.5205254492714,-510.12282504443357
5.454685302307013,61.60370723537968,27.519810773611802,1,-0.44432008381292193,-0.44369615109865973
73.68097464512297,43.864331934130924,47.873427820598074,0,1.4660620566240237,1.4101906527312882
34.79054594905516,8.031432197283337,20.172565914940332,0,0.720788534837214,0.6866445143953275
48.37430862203273,49.29978399380789,21.586593154971922,0,4.939454311269119,5.117897393345451
92.957095434711,70.51426853618294,48.47618413858786,0,2.7473912658745734,2.7893479808869515
33.8651789688487,51.80877760695406,35.03577296970969,1,-1.4733666796178733,-1.429332647792741
47.06835646000912,87.33850031091153,36.23942421926413,1,-3.1916582399143163,-3.1302007158364082
2.3545590613074294,29.60476464910068,28.572398263182315,0,0.08097917130951804,0.0853842585593057
9.078273280478998,9.538667959092527,48.75585133229884,1,-0.038047873750898444,-0.03642818177977118
26.600567522343617,93.7199955541426,34.754457736852245,1,-2.0191371312174105,-2.063964048751096
3.757371841286366,38.44143860329368,44.8566048286533,1,-0.0713121571022187,-0.07178455464999252
63.50615727877685,58.064149593909704,35.269564420927836,0,3.037171390084873,2.9643106344741508
43.21343732336063,79.4083094868894,37.020675417179405,1,-2.476987304423883,-2.503779547008809
55.26637507007418,33.10705272368248,15.230135184970079,1,-7.61033295837043,-7.888128632712273
18.290071403736626,71.9002892795835,15.870456202677131,1,-4.991897677617209,-5.22116258087561
30.297270914224995,14.406466131964976,39.36624782922543,1,-0.30617996118948604,-0.2816520576942113
66.71862301041979,29.838080973345022,15.53860816932508,1,-8.597249962772253,-8.245058318294829
96.56496963940958,15.326352977515471,28.57573346927505,0,1.7914723321865083,1.8124400851917366
5.9912605866187105,81.31182528173443,13.218263234428395,1,-2.7913563577476066,-2.7881948897138487
89.14804776467135,23.04227428745175,41.0321856596444,1,-1.2609569533263894,-1.220078788550247
58.11123892980964,72.02295198511582,6.41456621015681,0,106.35613194290724,101.71768511381073
56.82803710880675,94.3865413273196,41.642885348321556,1,-2.7868727333649788,-3.093079631870747
50.52757498556827,53.24944869781882,30.53376022487249,0,2.9127737161075062,2.8859113708855255
7.870014504514155,54.46289003380808,10.158567206526786,0,4.170987526518837,4.153472120227513
9.897808321879905,46.64232324168339,27.55973388979979,0,0.6336273449275138,0.6078118653788779
60.490288560249525,33.26312419597063,14.842443005519682,0,8.28143060867806,9.133514314294583
34.75489857212027,48.0898480615668,16.84989940179433,1,-5.878359872766298,-5.886739334340588
91.80953859119039,60.67794569440918,18.224874038247137,1,-15.95115499016785,-16.772183411738027
41.252463198587755,98.61316564489528,4.102643101643726,0,233.91706640473808,241.68923632591284
15.184864411561467,93.8386913725042,49.31212253566945,1,-0.6219208293864906,-0.5859836095870817
71.75716451670156,86.35314287101906,2.5451967784299807,0,947.648134086472,956.5346089160319
30.041988722659973,89.02392303478098,33.46234678602964,1,-2.3957328511258233,-2.3884855371499003
53.02156042823342,47.31706914591225,19.190154740114096,1,-7.12212238688479,-6.81260780547289
70.08544576501183,66.08698839056902,32.65450425638825,0,4.798930351105258,4.343677882462422
90.12614700900497,89.6116055706852,18.456164401291606,1,-24.2775286263402,-23.710033270335813
79.42692828536593,39.90212573414395,34.013781666684075,0,2.5813744177435014,2.739390596698036
67.95974571939969,96.21448535620141,36.73253996394968,1,-4.8687615421594055,-4.846076737336065
68.28368505711921,42.162820144849114,34.8370793795826,1,-2.264580307143701,-2.3722645892853187
94.64653975917656,60.50718387392835,6.584137086549461,1,-131.98836279162865,-132.103386855239
30.28658565215707,71.27066661396482,33.18776849807955,0,2.0073522856787993,1.9597696737654433
1.1100973254225535,95.10860929451789,14.719389923250768,0,0.4660708556954476,0.4873054487589317
27.92350138042167,25.21701113117434,2.4112671578973424,0,130.1165457373631,121.10799731847496
22.571246583047653,74.86696684562558,21.326702922558745,1,-3.610990813696363,-3.7153381338066183
66.52162392628581,52.560743028264135,22.24361203738625,0,7.436839298108958,7.066652169855462
63.73744837678738,27.587156921443466,23.891532534269878,0,3.1366888881753603,3.080446007554156
59.752676887767656,77.88407713984266,35.53638410414509,0,3.8371799781002234,3.6851873663722126
2.6081008777359163,55.67000573721081,16.133346647980495,1,-0.5821738469674032,-0.5578233900412366
73.1490273906141,66.4364082443179,16.448745142092207,1,-18.403101180903615,-17.961771109630316
33.02951083606366,32.9672057892122,3.967060555821769,1,-64.53233933132567,-69.19052424600544
66.84054291165648,48.6461212309329,34.6542395836225,1,-2.4963900217407824,-2.707543478626204
56.10126442171318,62.118070847818636,28.823478478579613,0,3.954092161529571,4.194670259363606
34.93036161736281,41.086170612714554,18.121830521995616,1,-4.315563645962589,-4.370132632952433
14.323050443306666,20.63888144492243,35.554259966950376,0,0.22881172509978567,0.23385054727929006
10.347470868387614,96.2024087392151,27.33052971211698,1,-1.3791202157394091,-1.3326744154404389
83.32031497811013,51.63528646421912,23.993002347656443,0,7.5800118591632755,7.473573341473184
91.92135666607425,73.65811665848236,26.054902639395195,0,10.542725417040995,9.973741925350792
65.32901662966566,41.69367216204975,32.181058138085774,1,-2.5707240570016836,-2.630120391044399
11.239977371187853,36.15804463854592,33.34012762415537,0,0.3597838916075731,0.36562497823494516
40.800694471935834,41.30926554824537,15.158933137895142,0,7.523437906563159,7.334622292176718
73.16498081041057,41.51046773477933,7.896424806166508,0,47.831268248060915,48.70795338213379
78.20226751699674,54.87383147825341,8.675074878335419,0,58.196405702513125,57.021438196071756
12.70364360681777,54.80351712815495,32.33015340924708,1,-0.6195646996382246,-0.6660720373476583
1.003041165692859,50.2182277724043,43.77079100258917,1,-0.029021813845672637,-0.026291256931184184
71.5015675421799,14.34379270682637,21.065317638932036,0,2.4033637354915873,2.311231984871678
36.30302142263436,50.11147237155258,9.306487856143656,1,-22.62064339394228,-21.004304484398382
26.193651830207767,17.741286141644498,38.07352241639887,0,0.34026777626334487,0.32057897438084887
2.2768495091630188,13.487442843280752,41.79198424655298,0,0.01702237038345716,0.01758239208552234
54.48964126938847,93.33192601677561,44.14853971292736,1,-2.768083672405905,-2.6092247571780103
85.2639228071722,60.89005130162272,30.73474001677293,0,5.687136432586141,5.496073880635535
95.8055329809862,66.28951575433385,43.17569941001615,1,-3.34484456719905,-3.4068787292973886
57.00875011071563,40.777573363003015,1.7553329639719761,0,716.7803156710035,754.473308074093
51.931671446249524,90.98910829957155,6.254554286706653,1,-128.3568996735062,-120.78944256347896
9.420582163434869,64.15511846838689,5.5362272855528385,1,-19.90367977657584,-19.71883396045089
55.338407352717375,77.14781708283516,35.91762952848192,0,3.1100573418613084,3.3092910502580084
38.61792881757407,37.48768443374367,4.409507393635372,1,-78.40724391461445,-74.45561287704221
61.106392807474116,96.04117620109342,25.321854250849047,0,9.205694376128944,9.152781782914172
39.483908439778126,82.22566772567319,24.162638033178165,1,-5.829372069800529,-5.5608201476119
24.789613221586308,85.54089783843982,16.224472654353804,0,8.227486409117278,8.05568314074076
10.401562247609274,18.047232475149674,43.649853327162894,1,-0.09118358470512099,-0.0985243566609648
32.176926014300676,27.82535757925073,9.351226892119804,1,-10.314829064703316,-10.238777770713158
10.567838594487476,29.27703336867413,18.270676435562752,1,-0.9208068807039732,-0.926838330353194
18.51279813157441,27.820013101440246,38.934403501123526,0,0.3740348981355777,0.33975225258937225
98.74627969937505,85.6854080483245,2.490693405270928,1,-1444.9035646698574,-1363.9142597269276
44.96625213375524,4.156594725650619,33.97456961207207,0,0.17157054144322453,0.16192594708423858
53.655304883996635,8.533898909096656,41.00348859171696,1,-0.2577623528122108,-0.2723444594973142
87.48823434498432,28.11757219236047,46.681124103070196,1,-1.0806516483763084,-1.1288724121469105
99.56132114857809,20.78742449029492,43.93853538408276,0,1.1412518684701152,1.0720133231625186
58.68873048512347,23.954101774401988,16.649821724850575,1,-5.000111424780613,-5.071254781667302
81.43490828337299,79.9963757360767,29.731842924824676,0,7.15469254192591,7.3694871121824
33.367161409330855,56.74953279531264,4.787381164372826,0,87.1417521886988,82.6200662944594
31.26865178728182,1.5712954680038314,13.635630173852421,0,0.27921870031255125,0.2642509677735577
40.86766837846146,43.50295380471533,5.616896558627862,0,59.46584233229031,56.35153555151137
67.57821900469126,41.38060775818553,16.44417721754423,0,10.364410049686663,10.34139935940724
68.53697723625478,12.28058167500981,43.88417345947772,1,-0.4526974233925096,-0.43704689400847874
32.208704030295635,67.93803707154426,18.01117514404034,0,6.809853536373074,6.74531361546581
14.18778248952624,70.50762164956961,28.533007047069894,1,-1.1708400918077826,-1.2287272780467877
63.60722939008535,72.36842868615767,22.2356615576321,0,9.786967153764294,9.310124993708053
13.704260356687687,73.11862361030062,23.48690969063803,0,1.777460138509666,1.8164851537982936
58.27075831470368,1.0052298662973833,48.50903053999136,1,-0.024500111407414923,-0.024892634519446854
69.6487906775746,95.4381595808255,15.511568944929039,1,-29.43423387385706,-27.626392703762395
70.36053814305072,81.60666793841165,31.738899006635396,0,5.98065882966877,5.699950488623855
75.59373895530008,90.49418796233924,21.583070809392904,0,14.110053467883773,14.685205990205748
87.41308273500078,2.548686235435979,3.996162871336624,1,-13.40327939256689,-13.951035669103769
50.495940204514056,93.4520207827882,24.977210749587563,1,-7.998773133441555,-7.564100374243708
73.29466976342755,81.16906434012236,40.853823123210304,0,3.748314645348978,3.5644910090930013
62.298100801217835,83.88469515291116,5.8388954654027305,0,155.75036273504597,153.28375737592177
19.477354039970574,10.235451087474884,4.410000522419139,0,9.850366104986175,10.250844933764833
3.5432748420714084,74.13902486294117,8.527944499270067,1,-3.4872633926531678,-3.6121267360656972
29.169597182016442,96.03175227456701,38.455605458076,0,1.8382874624739047,1.8942006371110864
44.86033692742432,68.1761868003979,36.47577382309216,1,-2.212569831338882,-2.2987207159550613
62.093488498436976,57.48557905783604,28.685870676399418,1,-4.397245694088802,-4.337793741963459
85.14597371981733,94.61733809715071,23.943093800538986,0,12.843861854150031,14.053170269024472
20.4283259539104,44.850775051709164,44.52796492042848,0,0.43940235429778857,0.4621011374043246
13.429429199949233,60.33006306473739,38.56819336784064,1,-0.5563907844248183,-0.5446691047228067
96.38451479995842,48.15749105594225,40.785170313788456,0,2.9812903809684386,2.7904006068600724
11.696411378264305,93.35177591466962,40.84985276618206,0,0.6838081644755242,0.6543260757049876
48.37061594061173,8.532387949785218,32.49314058253235,1,-0.359164243510083,-0.39090284587962465
58.97080915053689,50.61085038170947,23.442716591481346,0,5.879842154809927,5.430812975418712
54.59606766983639,69.0082916971584,43.36920987669687,1,-2.05664370775668,-2.0030861122472254
9.517183546261377,79.39874730380146,46.37436346255928,1,-0.35468265146660555,-0.35137120867991845
6.645664486358317,58.7188460969695,2.1664961196588077,0,81.42844805817481,83.1380996242981
11.442859318642531,90.98285666802394,3.5261887900463136,1,-86.54166078194127,-83.73036923556832
58.973180703388635,94.2571532415033,47.978421548513424,1,-2.6371165191800547,-2.414776602310813
54.89014387579779,7.3676030961647685,14.580870078365544,0,1.9007865473721661,1.9021891948651939
24.140338411637682,40.834683414596064,43.79510254282152,1,-0.5469865540993476,-0.5139506880295974
64.13964004271357,3.3224431503942893,20.05096082910873,0,0.5291405350218706,0.5300461687662108
82.18668270350929,33.61224908006985,6.835902822858425,1,-52.86247528878061,-59.116302666314546
5.1163170248127825,54.14995357908961,4.941716810257379,1,-11.63380083176684,-11.344877934545284
50.314864411256195,91.16869812048493,8.668887054942367,1,-60.445667424606334,-61.04011884720046
69.24173079816634,84.80887792407488,13.244766548500872,1,-31.95749954759337,-33.4750023917662
25.978880779899022,13.622472940526587,24.937399342610483,1,-0.5611055578179909,-0.5690809799734906
31.46931962402176,10.210007099348674,35.37339712772339,1,-0.2530240167585098,-0.25677920968983964
61.750152395948994,59.337466536910036,49.3335302477797,1,-1.5327864973969763,-1.50550653577212
89.89559405092996,53.67967927341949,22.63383042116938,0,9.310384592577561,9.419594416537805
81.18251760998703,27.37138650157236,26.391062174812383,1,-3.343544237497214,-3.1904032051489746
58.729891690858764,90.04585537082968,26.568969367779523,0,7.808492313096294,7.491581553974874
73.29195005796767,92.80927453669379,27.432283418908867,1,-9.826142957915298,-9.039069731837865
37.11742455057207,40.85853239567611,26.36929219811865,1,-2.0751409777552996,-2.181040108500746
64.45558728177701,89.1399531542385,1.4299629980339734,0,2612.6423216463527,2809.85152392148
47.15197752162814,39.01094053203429,1.0845162833821946,0,1639.1906975290324,1563.9187206985773
19.80367750929853,73.94486635114032,5.785649588180023,0,42.9732102368536,43.7471353981253
70.47208911384845,48.11827953722469,5.976273568029763,1,-100.7916423975349,-94.94373187591292
56.08999909753338,13.135732494211116,35.539948538785005,0,0.6002148184735702,0.5833190225042749
36.50353661340555,92.86548592246513,11.040885593283988,1,-26.51735624424087,-27.80874942719254
91.22257981778445,45.955562744376124,44.84099113302503,1,-2.1305910697186383,-2.084923056029376
3.0724776648465935,73.71421699191797,46.501710149273954,0,0.1085112319155306,0.10473748508578465
32.261541973700105,37.35020762869792,48.81877355689904,1,-0.5633634942903141,-0.5055969111762373
6.63125837998701,2.8692069790472314,47.01498393946399,0,0.008039300403683048,0.00860766278023121
76.88620430594109,10.952505510491754,14.322527774007707,0,4.370361465199185,4.105088794293579
70.50863795726546,50.12572846950251,25.979065390472112,0,5.178115067566371,5.236679280257494
33.80386965489539,69.30647135550987,9.59729353965011,0,23.067309565722436,25.435638847114244
67.89062731850024,34.13879733134863,40.50427310344922,1,-1.4620859873294754,-1.4127208462374383
40.19778539339904,69.85335745858738,44.53315355206071,1,-1.481237791305896,-1.4158671705882013
75.869125350821,70.16492335376364,42.71315312557823,0,2.8936301334944687,2.917842644365692
45.964182610933904,70.68965482545525,22.23498048614491,0,6.450235720212589,6.572065711624249
41.81569305533489,49.75966354803033,38.17502034965227,1,-1.4149960960776309,-1.4277697616767533
93.53826163334179,91.5737288620289,5.781379309237202,1,-257.159805305784,-256.2697030847229
25.837030889179324,49.43045528008094,2.9719937603432838,0,154.421362329878,144.59105561736914
12.924286659659977,45.57625415616718,37.90858430112928,1,-0.4011916340700354,-0.40989260054998283
58.86976821268636,20.73870108205207,21.8424084421055,1,-2.5004555646822317,-2.559014990367739
96.96285941613371,31.457853648277315,49.78191397223889,1,-1.1591064642763695,-1.2308108667546693
38.40608215899148,5.191114759312031,5.765456576921087,1,-6.114405396173576,-5.997817201241982
7.141639599249371,63.71999406800085,42.92575639522645,0,0.23138426545119398,0.24696632733804214
34.59122146364718,25.605038648782195,24.519170210920596,1,-1.3843522165046311,-1.473261353191091
51.087233777636285,31.111370194061045,41.53035957968997,0,0.9277691707962875,0.9215101930203213
17.030377656589156,77.3106376447678,41.039236826337095,0,0.7871916197154532,0.781744765845988
66.15211958759271,33.394897132983935,45.88360806674179,0,1.016093585620575,1.0493219345438043
99.77718951200985,24.977393309301075,15.594650553019036,1,-10.563783992441405,-10.247716076738048
45.72220812216294,17.736717164236868,47.54016831963815,1,-0.34363082570983244,-0.3588219539107126
36.11812711629105,77.71098181601363,8.431681057523395,0,41.4239140506088,39.48019395608593
40.669712516612194,13.840919541012662,5.016470102081036,1,-21.49198731868043,-22.36864051833045
12.399471661124913,45.921622264785,22.149160351245108,0,1.2066803030285675,1.1606622720955246
88.44408654119616,51.18608149164225,41.58782546345029,0,2.6919814659998518,2.617509456266241
42.067739896613844,69.05160135588575,24.197635401038834,1,-4.928464872212231,-4.961089675123974
39.34016673105929,63.69506475096655,41.63504719899519,1,-1.4581949097668172,-1.4455191749377916
66.30933702011696,81.2613466215723,36.754653483920954,1,-3.747342033905268,-3.9887244505740047
44.76130867218123,5.430391958697577,11.261990920807744,0,1.8806656081597863,1.9164769804298423
65.17511341197675,30.34763175316032,47.49519962007373,0,0.8930335121959816,0.8768133760170362
7.083182722947964,28.733277758762593,3.978277262840767,1,-13.37644295843609,-12.859483369628213
81.55861102850052,15.455673653618714,45.01570566964595,0,0.6015501637548759,0.6220562169913371
94.10989133506085,29.628647131787872,15.917729000528327,0,10.874926580187482,11.004869085346247
65.2277732297792,31.666766100147438,25.507256075055565,0,3.0471295742806417,3.174744522164251
95.50202695702227,52.66656173082035,21.69524176233599,1,-10.259788047619862,-10.686083613533432
15.991799122626366,66.70674341369934,9.419893288928893,1,-12.832255384103803,-12.02195502677263
48.264202758555015,38.72895084756959,18.549196453682963,1,-5.405682827901862,-5.432636752849434
60.57886666059928,72.22755290002473,10.453787378346968,0,40.303671144731894,40.03840053197703
58.59192809469748,34.28036851937842,10.990437297565668,1,-18.134054525846583,-16.628509615825504
40.74471612981528,29.738084054161273,10.165784965292637,0,11.466174986603015,11.724719005113052
34.470356527259874,54.57761752984541,24.96185163698312,0,3.0579051076272084,3.0193033836064402
13.555578232491461,3.34791967027327,40.09863700805446,0,0.028830036049497135,0.028224993801827386
39.78250260566554,8.899123239766038,28.87953165430081,1,-0.42881799013394534,-0.424481756000438
17.103420695443027,42.378984815066175,44.767122838991256,0,0.373912810354771,0.36167222713303976
73.70220197272963,94.3483584277839,32.190679940259486,1,-6.74717260014575,-6.710494294123879
21.67426261396441,72.42966620449894,34.77766566599762,0,1.2988420091030284,1.2979559651695407
6.797965223168852,9.724530380555217,33.71275425662316,1,-0.05743278033599404,-0.05816464827482412
55.6842476439062,84.7854832653065,23.023500466003316,1,-8.493763607745363,-8.90658359189415
59.92774353922076,73.49777629020991,34.77760228780406,1,-3.7647267183712767,-3.64168897828017
87.31939306677005,61.483706044562666,4.415679576979096,1,-282.0461909322859,-275.3440164485757
58.12117962935051,82.20900310030855,43.132722123867495,1,-2.654161600344378,-2.568266381716563
35.20260451862113,41.006874926552754,39.112795028751954,1,-0.9592859742587205,-0.9436126754729853
80.49817627110573,22.92860403453142,13.016267953352262,1,-10.117207630785924,-10.894083376912413
54.487610425554685,51.690315521767175,38.633590258450035,1,-1.8329840734015075,-1.8870213177407706
8.848748178487982,55.335333803753905,1.6194874686009062,0,176.13514026799166,186.69349516132695
57.01920547101142,54.294310828981295,11.64508205156314,0,22.143797876035173,22.82918357629792
90.89383599674457,56.942305356530426,4.191724694873901,0,300.0571661067217,294.56692142358594
40.234949924323836,94.9217869056789,39.23111891427684,0,2.368990687730227,2.4814640093596863
30.336254388080206,90.3223166865269,38.03783340774097,0,1.8250812823977434,1.8937623659897669
15.203476244783985,87.695986619335,40.8681651662897,1,-0.7445922905540612,-0.7982746509574092
15.993106671600374,80.34026427995408,1.2196029729509128,1,-890.3243737092566,-863.8317078736533
43.84437694984007,94.39938261926325,25.560403607241994,1,-6.0326235001734805,-6.335014926649643
59.97230259199142,10.750969526260922,35.53697367834949,1,-0.4785038477641589,-0.5105490509144552
8.980925111790572,27.24720288312821,8.614655308211757,1,-3.4182909232609444,-3.2973662654409295
94.0172903134914,50.0105386198039,32.83974564811861,0,4.165827043595459,4.359831377541189
75.75822812707439,84.80691481921711,5.1213948661746,0,241.572024647513,244.95400770955106
59.075767910082604,51.011405440750515,9.884966949111346,1,-32.5195514195074,-30.84084166143044
83.01542842296008,75.05543919481728,24.31404393473545,0,10.603442522116252,10.539659727371108
8.938488924399216,14.757030619642705,33.024692481374004,0,0.11970071036912056,0.12094433202455458
48.20704889557931,25.988967484679456,8.147587220740908,1,-18.53276406597332,-18.873025864271398
63.37921955930468,73.44583340872957,10.075943210715957,1,-42.64783001863717,-45.85034713870826
83.03663770571063,17.30866687988468,11.017871986217486,0,12.323560323570454,11.839624560751757
78.5634864448775,35.78423753083775,12.696339430249946,0,17.86698678095573,17.44036086921741
28.429855721626563,27.22175952354357,12.101138577788271,1,-5.804439928020418,-5.28491954392097
94.14713678636123,35.63630772802537,20.3623063163842,0,8.271199666633853,8.091813870541799
13.310238301656165,71.12408085871905,33.03569289099942,1,-0.7927192806031642,-0.8674324360059753
87.63822824349405,37.416870933137304,22.463557373589012,0,5.52018986226847,6.498363316433984
97.12308471085724,55.97106893818608,39.02272152874452,0,3.692908041208709,3.5698581468420962
18.538198799039932,10.893255828386556,36.244156791482126,1,-0.15495155944471628,-0.1537266762433072
72.48454035617475,80.69675163022815,7.199818788404708,0,108.04427066205868,112.83876144314272
4.988266359021848,37.61897393916436,3.3932395427164526,1,-15.644916407885104,-16.29774591310108
41.13685968877634,65.2048817443009,44.0191366359807,0,1.5026303306689786,1.3842935851350637
52.11204662056973,72.81357056452143,4.911722261580797,0,163.37993371943796,157.28338794587054
58.48387736505377,21.75643128905834,8.268619855265941,1,-18.95589134484318,-18.61048817388351
93.65778757660739,88.58282351038164,2.0845305023477847,0,1819.243097697194,1909.3120110893358
67.55281804212527,62.00620090908834,31.788481899634036,1,-4.115163153090614,-4.1451382297858395
48.64651717070446,43.44378903339666,29.53615759475908,1,-2.3167782837544295,-2.422542782094718
81.15782859032305,19.051183174243736,49.35827965532753,0,0.6223650576443569,0.6346471628937915
95.10274927448648,94.28779285221947,44.45968741954143,1,-4.602311189062028,-4.536445853147092
3.184548719546793,75.75175220903088,21.131315696564574,1,-0.46401294874062404,-0.5402409541148804
98.26960595334783,21.59443171059164,19.207706204714214,1,-5.44166828494079,-5.751882233125383
9.527081767304352,34.433366697698226,15.545749679719268,0,1.43548631928978,1.3574256129762765
81.62429114760738,81.15775155071925,8.467939081856187,1,-99.1287174225851,-92.38340799047641
28.753140502589837,69.87208865831856,7.766099173498444,1,-34.48849894323668,-33.310653104469075
14.085786117633303,76.81264497885671,7.481901692470666,0,19.400301773001846,19.32812895510434
44.54570833166966,44.67890911908031,6.591623102152149,1,-48.09905230269742,-45.806139948488656
64.75170136531375,71.93115000157452,12.78509007787131,1,-26.214347557169084,-28.494471302455498
38.714232657324025,39.26287856352746,16.026762885342706,1,-5.5005139094323585,-5.9178120688735065
6.401975419987197,21.915028776881446,48.117369580906875,0,0.058980596283580995,0.06059716297169343
60.346652826212946,63.635026449294635,29.3451892990924,0,4.857150884326909,4.459391326272805
90.3379243349568,97.62537863428062,49.39219295115077,0,3.614297344172109,3.615065924670142
38.938321228777916,31.749496168137632,19.250880443457987,0,3.767795907974315,3.3358988048038407
22.416944985451877,46.635989629041426,23.42370499688261,0,1.9191854961859836,1.9054012395634812
44.81515724734872,67.7261357359155,16.904354299098678,0,10.927456142961947,10.621455850026027
5.787908393829306,54.6091219301263,9.961494893931082,1,-2.9622588940045915,-3.185208081727137
82.22827086354721,84.49935177519588,8.01507068110138,0,115.06762447696869,108.1582924052106
82.80774028406849,76.41252794048208,47.30888069258376,0,2.8993545116451647,2.8271584868802653
59.212045879533214,6.771423182373347,49.35372340813903,0,0.1634460723342274,0.16460771158402177
35.95718600490056,99.84370215845362,3.200565328927846,0,359.48116874283403,350.4717201551052
80.17855308013255,75.48784291822726,8.36694786185656,1,-89.98543712364875,-86.45718771572395
55.914015454048354,86.52642831311721,21.752680522750108,1,-10.146767889659884,-10.224542775465725
82.7672985464516,65.4685734974393,10.130340340875959,0,49.87253782119841,52.801174871694116
63.51442046571904,85.77222767662947,18.83013928771728,1,-16.732368623152105,-15.364271198611055
78.65614184806694,12.125914517942231,7.325721143122035,0,17.817222419614293,17.77241215781075
60.25773632855824,35.426045720372244,23.369076079367723,1,-3.6621759378081284,-3.908880616801295
41.999965753350956,87.76567341684478,14.313036192293705,0,18.826182210551313,17.993269585561222
95.83664013268762,20.963865915422332,18.24334773217438,0,6.011896916107739,6.036620588649778
54.57026866300563,8.74596775942225,5.6213199216746315,0,16.423151976014566,15.103839385542559
60.9038623355133,79.02377505457667,21.978274484796945,0,9.680085779275718,9.963580220170808
22.828276302060175,83.71312940868633,49.179622937116925,1,-0.8658923834678709,-0.7901259187703258
62.93942815330037,17.10256960080016,17.112819297178326,0,3.27466984321242,3.675708227195883
57.58915729881144,85.58025229548883,43.94503446727932,1,-2.7028070727962676,-2.5520822510655785
19.299001396755468,68.99001176411979,42.316757939560574,1,-0.7131671144848972,-0.743526209481214
6.899122637961228,52.488185638441806,47.65086249656332,1,-0.16454482139497917,-0.15948281543473403
60.831572651762336,83.19476908535711,39.71536610108763,0,3.2824937374029726,3.2085434459438513
76.60553466568173,42.50567568257761,33.32024452588193,1,-2.691440224063431,-2.93285581368968
52.81673572127882,20.205401666116323,42.97263776714542,1,-0.6096905660903282,-0.5779030941626935
23.450489906644925,29.200414984450752,4.706589352210132,1,-30.172515774162047,-30.912087042107018
66.98567569261046,51.011237811038164,23.678702202741583,0,6.258648074002612,6.094414846419371
8.930466934350623,53.601748474644396,49.473555692137886,1,-0.20398890516441334,-0.1955720888466461
44.741536775393506,80.75250181768213,38.71040741344188,0,2.5743342306982693,2.411078770093888
17.1733090814436,79.34391964158111,48.14169352382393,1,-0.5963866035412947,-0.5879290369368378
19.261446054928452,58.55528916325291,39.20208345054048,1,-0.7479815285980004,-0.7338997183672675
21.02710096666216,78.29776285318216,43.86921640466507,0,0.945800267893723,0.855478303234713
39.28399864735381,19.985572371073427,35.61995198285636,0,0.6349675512208982,0.6187933227444291
6.063870356419365,5.9563881822361395,38.26459821644475,1,-0.02352699832826095,-0.024668263901522273
40.38155065198072,87.48974844083531,26.635722482135535,0,5.317146173428298,4.979791929164569
51.65903726435538,8.479894882514188,46.287647339892516,1,-0.21110892343150814,-0.20445915521070998
48.8461342116662,25.422154544655733,41.42690662054472,1,-0.6783486457802873,-0.7235649849438979
38.89562593990102,69.83657601281408,42.35036331761598,0,1.476494560258032,1.514500504783627
84.0755141990045,41.535345825103605,33.977445947189565,0,2.942493748683032,3.0248643421999053
15.387342549629906,87.75508302163537,15.9244174072752,0,5.252449218872355,5.324867408251805
51.06397763435602,30.499999671564684,2.745859974116827,1,-212.9903146544919,-206.5654592391455
7.142100278698876,2.1752633202665703,46.847101341067685,1,-0.006788004291521526,-0.0070790068421253995
8.044412208913066,30.764908415513666,29.71989709146935,1,-0.2764482368545731,-0.28019174788044166
57.81271911803253,58.229429869298336,15.609005586258872,0,13.477690504933724,13.817054223569004
57.035824063894275,38.21789916492604,8.307620284529353,0,32.64873659394415,31.583572657808993
87.92531777160124,53.952402820116774,41.64663510953698,0,2.6974158277453113,2.735047682122022
56.22949389034724,87.78321376466685,41.98948952793136,1,-2.845513307328074,-2.799590177999789
96.01931102008017,91.33602036880649,40.910890438396045,0,5.252652601798363,5.23989767303786
5.820789991593047,27.331432400757098,32.60905190637253,0,0.15307950821274904,0.14961253429492652
10.702760793293365,46.75190685372017,18.93475399200192,1,-1.3684432324533635,-1.3956477318340859
5.362520295467758,55.36525750890367,15.899443954232593,0,1.1531399922192458,1.1744712787994118
19.342408183020463,94.96213323193646,1.4191837357903392,0,950.6040115906934,911.9767263019783
54.58574098322613,99.86311459727408,41.84677037572378,1,-3.1474801545938726,-3.1128659950739133
64.91164596131537,24.305317635311138,5.28420217718848,1,-58.3525647072771,-56.50216270020314
5.512930636918211,72.97100726323573,31.906994903997614,1,-0.42415353645297116,-0.3951491603580763
94.65111809471433,38.42507516108632,25.69967239516433,1,-5.235922800352367,-5.506622434375593
84.37437228838772,1.8027114917351095,26.80777858739121,1,-0.21151734956405888,-0.211648466595432
30.36463573355222,1.9159997211543331,46.408929420080895,1,-0.02672742201438586,-0.027012228632402862
8.641565492420328,46.59603474866332,2.5491355522908634,0,65.20652098322371,61.966294414533046
17.81882024868667,49.34515638742913,38.896219006809844,0,0.5673044949781463,0.5811773801249126
13.567496961742295,3.2343999607708227,3.550567519998049,1,-3.720161773267422,-3.480950954476998
13.205094150595738,69.00581426065594,2.869526690833483,1,-110.27796193668682,-110.66407277208845
52.33760717790766,30.10633547090036,22.061067208927714,0,3.287419003219217,3.2375666999255888
25.33889680684663,56.42941705205899,4.090683542805369,1,-86.57091610249215,-85.44792079320024
36.4558319363853,30.790988243376457,39.66805361335269,1,-0.6607948873057239,-0.7133601719079014
98.96102800504792,17.54629717206141,26.948591588768522,0,2.093768938302678,2.3909887534316554
68.74711064360913,41.31020012128865,2.4229003503289475,0,510.86450198831676,483.7719053002673
94.94908603765313,23.995063114259576,2.984533637614056,1,-245.6580590658108,-255.77596342267458
15.113098948278443,53.94529671499764,31.02075795723449,1,-0.8278823656350083,-0.8472319044289407
38.83180800842436,20.684024498361516,40.49947906526184,0,0.4080145102936129,0.489692870580243
55.91844852495307,51.33219168781808,22.452177032463904,1,-5.32860620751217,-5.694138216863234
8.599048126985064,16.580472972017887,28.174452905245595,0,0.17039438348543656,0.1796123980900748
1.4145569191678287,67.42649623909271,40.191643248445175,0,0.05754568500547944,0.05904450611150032
67.37299904589483,75.63983075970098,30.91480252804914,1,-5.377645112956937,-5.332163712119568
64.5401321633421,11.929029190743444,12.013251645282153,0,5.443420292552499,5.334746691923029
41.66809218996156,47.31243879169658,31.03954926760445,0,2.111620168606421,2.046200276761256
49.474763527171234,8.016298364832485,31.785693494195463,0,0.41007350670617354,0.39254930954938694
42.12885705861687,60.22006210865824,36.97124206317521,1,-1.780349554699089,-1.8560633444228622
3.3764994396439967,27.176025495034892,31.422835190283262,1,-0.09175603102943541,-0.09293127338752909
34.20178901552878,53.23482122703208,48.49286439244386,1,-0.7581620948520458,-0.7742637875178674
18.531143284331694,52.228639929044824,10.667127127136355,0,8.04192857629091,8.505816102273696
10.743994721035506,92.51108027318624,47.603443298786736,0,0.42214376122202557,0.4386143167071079
95.71532295504564,55.35923903430356,27.378635027150796,1,-6.752344325306171,-7.068837464144359
60.336612779174395,58.71684949211325,33.92585088425069,0,3.2069466512464575,3.0780960889114994
73.13697213942366,40.76365945067365,5.873618275157303,0,89.54432953276854,86.41690428803778
32.22101058334563,94.95888071509887,19.648221127527243,1,-8.129380448418186,-7.9255291952660345
39.92156581990751,77.94140503452135,38.69957817669546,0,2.172188916739981,2.077606689535211
24.455475395775625,29.255123739981315,35.638639739850525,0,0.530588734895409,0.5632948880907027
10.599601425577049,84.57674899184697,2.9668300201050988,0,107.33501133596042,101.84863028787645
18.724132106716795,43.80723965832391,27.783118911364987,0,1.0487780366632213,1.0626386058909
79.9538904843521,83.0380472098258,5.325631455452062,0,253.7974919868248,234.08549852809892
68.07703471319381,82.4659187610567,49.796965029729954,0,2.0917388501812724,2.2639633034167668
55.14595872256221,19.698148489522584,44.96753283813144,1,-0.48984057679289794,-0.537206151878655
48.03389741381004,70.41297200697412,2.032952360998311,1,-833.1536673998362,-818.3632119292333
92.32099408195631,29.77365396134658,43.073829366228914,0,1.4534034146338275,1.4815135985411105
8.200759830088172,30.45177432927415,46.052050427361976,1,-0.11660499061122073,-0.11775212485824195
28.779480510553682,30.33845961117749,18.3238629056093,1,-2.6910481524900494,-2.600413482335127
35.643847503500695,72.83125650843488,36.255581097340524,1,-1.9820764891073592,-1.974934238053552
78.46015540906599,23.75277813746107,22.663083564181168,0,3.49466367085434,3.628487037974585
99.25894739603517,1.0896776893629323,33.10639174424086,1,-0.1021425480312479,-0.0986833820188913
24.826380960958154,71.80844849478068,17.675552810611382,0,5.845059036062614,5.7061468983058
87.55642607957098,17.9472896396774,16.80540259503015,1,-5.81484141988592,-5.564024781964287
83.23165328274733,11.34375713547563,21.797260554021374,1,-2.063527929491538,-1.9872001447418985
23.241082366534897,24.514095938811952,8.132820173972558,0,8.022462170936768,8.613702974502338
40.533925439723035,38.610151709947694,41.72580925733375,1,-0.9215475838101268,-0.8988984582461185
41.55761405995939,48.114726419846875,18.086196872720194,0,6.513587031212158,6.112714588164199
97.84384618412928,5.412434030550451,20.607328141386414,1,-1.2997927618197447,-1.24704681906809
18.908298236510934,97.08675993010868,44.80867602240509,1,-0.9477455408146502,-0.9142989639953873
80.11663913937342,71.89024228853626,25.334566889095395,1,-8.886570529895787,-8.973579227430264
34.08507870313788,32.996212467109274,27.668441558192285,1,-1.4963631684210337,-1.4691258373563105
73.35616423183988,32.551028471254334,47.86840811407782,0,1.1581818872937961,1.0420855143566365
42.58108942527062,45.40571238747748,44.449592774104474,0,0.9706172853927627,0.9785695311019729
58.25761654853746,62.99823745354026,9.303868735533536,1,-41.68819539570305,-42.39883882736536
83.42856555928698,15.490933592307808,24.187536465987147,0,2.313310523615003,2.2090680501533893
80.61239093340453,19.70405156273028,48.59351514399873,1,-0.6415712104945267,-0.6726679032139252
86.77589517043032,86.08402370052154,19.24594861320153,0,20.402316279396345,20.16707981553431
6.902115209121243,26.369237465018184,19.207082317293803,0,0.48937746958698447,0.4933520987733149
69.51300475093474,38.63930479954257,10.556481357668563,0,26.54139594355568,24.102217175858307
14.858750295454524,87.25591324406159,6.601832591837136,1,-29.895720185769285,-29.74734004413578
42.16603823382269,66.65163511058243,37.274934747043105,0,1.9780676938302924,2.022738881214041
55.31025309041416,34.82947605482715,38.731492966374304,0,1.2427055587984501,1.284174705515963
40.87120898993624,68.68625502673746,48.481635211646996,1,-1.297473924498496,-1.1943532717568455
52.44155590449774,2.9486383227599573,38.89749233436279,1,-0.09800221382594576,-0.10220069903686255
99.6561045710633,73.82862334112517,12.924272207646336,1,-49.21828546310338,-44.04701523957066
14.386514057572619,49.21458801110771,2.965712336137257,0,80.47613180135956,80.49916599735865
67.87014848830613,81.50503258116166,49.28643183411335,0,2.2539124214418136,2.27723824500475
40.2040956721759,95.50912754864036,17.68208408163668,0,13.656907895318701,12.281411213799148
14.167970091825548,92.65306639996227,16.286605579188617,0,4.495642137150701,4.948872562657653
16.714939574056643,91.01723930207874,45.39180527771974,0,0.7051018319153419,0.7383691765135569
94.97803751831607,51.704825637454825,29.66989502870432,0,5.54060069312992,5.578561818531862
88.08054817446444,36.654069299754866,11.528687518607594,1,-24.530744073242495,-24.290836431894295
90.79715408108716,47.0384971483366,44.565715893095735,0,2.091335348627746,2.150423015431949
99.16174480691127,69.29970432802271,49.674681897682426,0,2.773595676423162,2.7848727274304474
21.623223610843276,88.51577991024749,5.2472494963907055,0,65.13695239495502,69.51486931983048
36.18849439904211,21.491643997011835,43.25032978682187,1,-0.4083521652685789,-0.4157778088976977
67.2526839625618,91.9011226877086,20.135269186535304,0,13.475079472736013,15.244583307452599
48.896451446204075,81.70284296501902,26.679549878828514,1,-5.619746544231816,-5.612514999412501
42.420563804455014,97.90674550264522,45.82598281248406,0,1.9183560859934996,1.9777230496049858
36.423313684223714,88.14492555488702,48.69558059298075,1,-1.2851351881947641,-1.3539345564445728
59.78428256240177,28.71379563949876,13.84603161003117,1,-8.168333423102569,-8.95420410260303
57.98374943536812,11.489635223060722,11.429687777035776,1,-5.184103466745185,-5.099690290218585
16.98432557235977,12.111866127167273,4.945311370984081,0,8.99637631144449,8.411473590233205
47.702243914325464,29.831108539249335,28.52809478044476,1,-1.7761243069116872,-1.748488030268917
55.79370584477514,61.80418867446939,1.6666153770827452,0,1181.4885888457313,1241.4589077535081
57.458406934407655,80.62771228362008,21.183016582886893,1,-9.42307502772316,-10.324340178611005
21.80061209832283,90.0257803911749,4.595816815948419,0,95.33973841351069,92.92020569521534
74.48486783297639,62.75158505255404,20.856063363537366,1,-10.743151111320149,-10.745535826506174
3.4947103872858936,1.557499962057319,2.956677274014854,1,-0.6012389990572548,-0.6226319309692159
36.128353698773104,19.445360875334817,41.92564576982968,0,0.40515267522292187,0.39967285985760054
78.24105220502773,10.872894181483426,11.277210702989727,1,-6.712386252387797,-6.689235008045867
56.82539918448483,36.96912308133199,17.087126807537686,0,6.718012467750143,7.1952114185184985
26.855080818575164,50.63374836974084,43.6323518337132,1,-0.7239099571383332,-0.7142484350808672
69.80035881496173,5.296320679277524,37.567037005278046,1,-0.2537867015811316,-0.26194978271879443
57.171703471451266,35.49931960376988,11.732879720460865,0,14.652703473230208,14.743205692332284
79.82811733618233,18.738787787906936,4.523071514217307,0,76.41789796736263,73.11903836985267
73.76749343279252,65.05994645962852,36.06801506591164,0,3.7599866972112075,3.689217358524483
61.40068428158723,46.962964563109665,20.144424983717357,1,-7.417895285956311,-7.105897933553253
49.329589855770585,50.03644704645697,38.53791995679284,0,1.5523282283082995,1.6619479873207534
14.185030441084818,43.341487015312644,22.81944384638531,0,1.1713789042600715,1.180657603815011
26.871968770652995,95.64595133817014,17.954118235641545,1,-8.182287965843098,-7.973296522723838
42.490847818791444,22.25877738703476,23.10906500240743,0,1.800836831093525,1.771054616416916
60.33062941363248,52.14976172454356,37.67939029786316,0,2.1364927998350725,2.2160647784170195
51.85707766631518,73.86571946816825,45.20879404047833,1,-1.931820344284806,-1.8741533643978985
29.53026806999342,56.12759690032169,3.4385926328402014,1,-132.79791071942108,-140.17881391873044
1.6399714211813445,92.9730676859633,26.681465520120803,1,-0.21259052823462832,-0.21417761616106412
50.12768296818058,38.418867208487136,2.6089360251100024,1,-292.88213912506234,-282.9406369503499
29.276972867662064,46.903904771544624,23.952067706193578,1,-2.3914752595216857,-2.393586619388183
73.72622177034297,9.763709206258113,44.378858625748116,0,0.3906970627548707,0.3654976236292333
3.3706802617778657,61.29091199414092,18.717923054595175,1,-0.5809938162599877,-0.5896554625380961
58.8979533192733,29.532984876362498,46.69007063295152,1,-0.7742620901362666,-0.7979184084433514
94.20594951310048,16.870594912041316,31.89981511087986,1,-1.6205680345746254,-1.5618250957236934
18.266517444038453,54.9085979975463,46.77361184585731,0,0.48198067191363225,0.45845244810228336
47.69329958430894,53.69871607461115,38.101164645213466,0,1.968665981681194,1.7641876165866106
10.050777189896678,8.511292481180707,6.068323165789352,0,2.23111495046587,2.323045726704071
62.942509313873906,70.1233298959528,12.326417010571177,0,27.332464142518635,29.049112705917466
55.502636379026335,62.75344687443444,20.314352274591805,1,-8.365974969856381,-8.440054273116042
41.3291868970704,19.712710991903222,9.335237218591725,1,-8.939484557308823,-9.348727462458918
52.61632512590038,47.47405135325034,25.250668634056364,1,-3.935600649435706,-3.9176987890595134
89.76089118843201,72.31196873137743,24.09703962937304,0,10.589505643583747,11.178150630586869
20.433135928795636,53.41413831358638,47.85670070334168,1,-0.4791342748157001,-0.4765470019777644
3.233886658829376,40.15341854217345,22.25266626190291,0,0.2700724069104488,0.26223050497484945
86.304823585211,32.91150735001342,39.49571341011189,0,1.7838287296052446,1.8208866710236693
58.13459115640274,61.4289927977613,47.15361669772251,0,1.6548862567357798,1.6061200342403228
89.1751870907224,93.97176113271382,43.97245271772529,1,-4.081523595816564,-4.33391125485678
60.09757711790409,67.50273920727085,11.224713601067998,1,-31.811174071614033,-32.19792039992306
81.20594790601055,8.399844459995235,25.30546481842367,1,-1.0666867514246932,-1.0651982555640662
43.537662972159644,46.607812374731246,18.03924933250036,1,-5.977146352742193,-6.235724358549628
75.2361331975386,89.19158901955213,20.59307606172356,0,15.146361688077599,15.823695634362219
91.39110522209575,10.351780154307601,18.67953448604181,1,-2.840786054734722,-2.711358045308786
57.64017340849842,98.89869550161679,41.491601298575205,0,3.267141794630831,3.311276522056648
18.897729905675575,94.95786997089671,23.154813700999924,0,3.264701317660346,3.3470177817473568
27.61096388798962,8.74917359225771,26.661022279989723,0,0.3262050186845489,0.3398560502194338
20.66581311284317,93.40791872450593,49.139920495306654,0,0.8725701540727381,0.7994057984344627
25.43884573197756,36.950126435686755,3.938984337384306,0,67.1613726715671,60.582169620012195
31.3351294857526,84.62620754051039,24.909924349746692,0,4.197997924417077,4.27357721488576
55.95824488856566,42.41995043361388,38.92902364035969,0,1.5735274263157863,1.5663442538205459
59.21117131691945,44.64465615754907,8.406935951223101,1,-37.753531003978104,-37.4022438558483
43.22347497694425,63.79006600677672,30.965048136123922,1,-2.7163683687586295,-2.8756048797169593
61.92665720226271,77.67326450832235,12.733774197188872,0,31.60091146704942,29.664354807111728
9.075917635525226,4.345125943876615,43.50280154800381,1,-0.022689858062154192,-0.02083811655302578
9.691035468757837,59.722443557186295,17.027883604603886,1,-1.9486101890883198,-1.9961188967415222
18.011116575408188,19.48656641563973,17.124078028144567,1,-1.2751175749347932,-1.196910186196083
52.28967230599413,35.24900226845709,30.311500047376782,1,-1.8297167628579287,-2.0060783481624522
22.185473191133042,35.44889794936643,9.994582497875527,0,8.046338258759903,7.873033875975995
29.045155945765156,47.43697368189421,14.95954330624999,1,-6.41024472803784,-6.156785406909022
40.630970781126415,34.079504775741164,21.414960655851164,0,2.982935165217166,3.0193670576697005
81.3747462770276,11.628750726616108,18.328255293865407,0,2.7762567080699307,2.8169585560791885
2.3723514553731517,15.417245114019693,26.71898368227354,1,-0.04988740208273469,-0.05123254572561005
65.28850320342562,4.310360570548669,30.382367059379348,1,-0.2889825548063407,-0.30486467202384454
67.21877657302785,47.554659447546676,28.766705233758064,0,3.641045391717196,3.862810766178866
80.06692225530702,95.49032179044586,33.05424728760468,0,7.641098857401511,6.9977423456840215
93.342540966971,12.451847141163539,16.07972631378319,1,-4.134372448249311,-4.495273236651464
2.993647045979693,94.68018480730512,7.194885130596374,1,-5.714986160974723,-5.475350973574602
16.224586845808403,73.60278995847726,38.27956953012278,0,0.817921893587123,0.8149553828771888
88.73095811154332,64.11238149048215,42.688238748903416,1,-2.8547305139906083,-3.1217678713423074
46.39333765651452,64.88249777703273,13.59330537889918,0,17.29468793857738,16.290448124667012
56.89447325441289,82.84603719123193,20.947505851742967,0,10.560941544251527,10.74180290720907
66.63969316859159,11.585066573602315,25.429891631214208,0,1.2424392094240062,1.193830042646299
68.2275938450681,50.97067803298863,27.133015294893884,0,5.431618779842349,4.723722177756039
93.24229992833432,70.01202268781509,33.31501838329494,1,-5.850809302328767,-5.881735462050912
99.6979923237553,59.0952240622828,3.0385584344107457,0,617.9365099138481,638.1218433333752
72.29558863216309,83.44512803130617,36.35237705396683,0,4.604422397440049,4.565066988691176
29.43489971130993,8.154899192123798,4.036579341991104,1,-14.550137129415484,-14.731744250176058
88.09548782714002,69.37940291041743,23.946139815970525,1,-10.938469561351765,-10.65891980944624
5.872870539535399,53.86874530808706,41.555885642890516,0,0.18724387723793307,0.18319862204375584
23.877004434575124,38.5369255340144,23.109550350641417,1,-1.831018737922739,-1.7229549143985279
89.84118602890777,34.68722324116906,8.30539768964414,1,-46.68106762091903,-45.17770305023925
26.36295992949614,62.462430644645096,49.26665840529203,0,0.7041537067669844,0.6784328004223679
22.8444549025531,89.20854208978221,44.5749876416389,1,-1.115658535633066,-1.025663211927525
14.674404020884477,50.12141668401041,38.79436802802569,1,-0.4666355137032619,-0.4887046225610195
86.05206400704473,82.64759324361509,21.164068542061308,1,-17.475206838068754,-15.877904444617451
50.50576765991758,40.813481802552786,10.008440617575591,1,-22.35980397852838,-20.57840873654151
67.81442710236132,11.137051816524478,47.12914788950656,1,-0.3485101183758891,-0.3400268108419287
24.667572023427937,7.089067909405216,27.08520519933981,0,0.24178881119900397,0.23836982697016176
76.04600168011044,6.08210276104408,42.76541755898677,1,-0.23613979904825802,-0.2528975981559809
76.24054895124775,38.63486405380932,17.762655282211863,0,9.362656523765152,9.335758912528565
31.947204465921715,34.38653733274836,17.42912753689406,0,3.571765132308805,3.6163462935548045
41.657580668018,72.07576533863438,49.291483553027916,1,-1.1999637374596999,-1.2357753483922003
21.759337465589883,74.53932865690172,26.56981937624764,1,-2.3975357822017815,-2.2974916440594653
97.67954130896753,6.034542914540243,7.894075769176569,1,-9.393067604180462,-9.459004031898736
64.91465512878275,22.89120302601248,11.764059221740663,1,-11.38128997425117,-10.737346471943999
93.51984419083604,28.15192316573107,24.615269690243316,1,-4.327185397581025,-4.345128718920317
31.035168819284184,55.213586430138136,3.081074613932156,1,-181.67948354977563,-180.50766097534023
78.40720038669208,15.307007166788075,23.664165283536725,1,-2.229391264552064,-2.1432056854579713
76.82000574458947,14.260180720600037,21.528101261926253,1,-2.344170676449908,-2.363675804416395
69.47390953478761,94.43510003158784,39.18747700065486,1,-4.238420053623849,-4.272288546990008
96.59825855141324,80.61608782248032,18.392156259972847,1,-21.668070237262913,-23.021081359907352
39.96197827452524,18.88483530702586,49.144889315440366,1,-0.33755182915973514,-0.31246649692008954
13.941015035385972,41.2502129826436,9.857726045744254,1,-5.940395370871219,-5.917892906301603
67.49917706516202,36.20657792649899,29.95834756343861,0,2.61950599322679,2.723016340083992
73.20167024724341,79.30940333247533,5.395265553404477,1,-190.77014000406479,-199.44356215976939
57.93099677242265,51.51107873133408,36.95933521570512,0,2.2669050011605543,2.1845568141946043
21.47497142020623,13.657123962353236,49.74293071503661,0,0.12154018031206985,0.11853022470413559
50.94113822526618,74.16021425246815,41.137793249829976,1,-2.310885373378756,-2.2323261055805426
31.906783920343813,40.291909844266975,28.229473495294762,0,1.6846496560316424,1.6132264287190319
43.319186288502216,27.02950051558256,24.75232651258491,1,-2.05732515016165,-1.9111125305931722
64.87663900862174,38.17436358005129,41.9164681020755,1,-1.531886687233232,-1.409583426824459
74.77625952639262,50.27789979708274,46.86273015082549,0,1.6027187632550086,1.7119287772975862
23.99024439923297,34.96843612528394,49.471119764106554,1,-0.343347342085069,-0.3427736279759909
41.12721070404838,24.948671486584026,20.430422150659723,0,2.541212456810509,2.458227085912832
27.64699552817129,40.451700851594055,49.5549562649311,0,0.38765136836027964,0.45541835975480177
20.664529772325043,2.898118164239926,8.640386356517743,1,-0.7491320781493924,-0.8021863932227361
78.555334779588,77.47728676353508,13.42393902066355,0,33.99600774448173,33.77459468030318
91.01601674926225,17.923544463190993,5.3617901119609135,0,52.29617600708563,56.74428180171408
37.65298638277309,5.346556749433088,14.3151873077396,1,-0.9774216443199871,-0.9823800588506809
75.37661351300292,65.71617059760284,38.628940029282546,0,3.500917469342573,3.319581131718123
89.8025336470767,77.61967675354356,42.79329355074403,1,-3.692268213840207,-3.8063524012408694
84.76629684249292,81.56908402769147,39.165739610026016,1,-4.259800295877318,-4.507504113396587
19.098525465383364,49.857409083399396,31.922223130217116,1,-0.9982550771675485,-0.9344224977671861
95.67289626982277,21.331450284308545,26.184359113609634,1,-3.0382508888117448,-2.976633790200109
38.29096760251679,73.98554004773285,35.726510171468675,0,2.116915662187944,2.2195350007147425
34.5848254562098,70.27159463827938,20.15084391409387,1,-5.4712001192348305,-5.985203469339867
7.180701400500253,25.380802676214152,42.22410922348539,0,0.1054915122457679,0.10222361324400953
49.131191756383416,90.4373678304165,34.18231460486248,0,4.344118333221956,3.8027894340461468
11.792347948451942,11.33277435020007,35.192430226226016,1,-0.110426965413453,-0.10790411575241377
25.605442271815175,98.28613571954124,27.260863663324493,1,-3.509158923034565,-3.386455089418472
32.377319554960856,86.164533286769,44.376220226347456,1,-1.4267872987806625,-1.4166703853240061
81.07380602567672,69.10196590242845,13.348721950273571,0,33.6074781198584,31.440655399079446
87.67337638919375,93.93623893970346,19.676235014691486,1,-21.661832505772878,-21.272419917156316
30.944165428685498,72.50880566404707,39.10448591420676,0,1.4764206839720764,1.4672913732760735
86.01111400321281,19.855242705974547,25.144695910337546,1,-2.688018748178573,-2.701077200833581
85.86586279960932,44.77345767316836,44.57148665778535,1,-1.9313830844581794,-1.935204800552417
76.70044408810247,8.0787994088319,17.973566668379764,0,1.8555527651572419,1.9181217489572058
15.522816287502973,39.576084806523426,19.097178272162594,0,1.6729132617057565,1.6844764401728154
69.34196184317217,74.41869895398365,44.548053679944644,1,-2.623699566003601,-2.6002836733128456
94.5573823934763,39.257891742150925,23.754145688920012,1,-6.5812413275835695,-6.578753026197232
68.57150739794855,33.69912337134528,26.29010462592185,1,-3.1855940498200055,-3.3433178823409757
33.83006806167556,59.94021652852088,17.30542205144829,0,7.367128036713252,6.771061961071181
50.5573524256523,87.3482483708906,14.556827166775014,1,-21.71610090474609,-20.84035304642004
64.92677929175431,5.710736062065131,33.14148683108121,1,-0.3441927062118662,-0.3375763179853871
51.54647046412185,39.161573035273804,6.87219241551899,0,40.98015032078018,42.743338461184166
12.875341231366011,16.665833439711008,44.08435941796255,1,-0.10937919786327338,-0.11041211165419625
31.894340420550044,69.84007082245509,39.18095370149029,0,1.4119456017311622,1.4510029338452846
80.43720702480962,11.466731482682352,10.346664921584336,0,8.719107033991248,8.615804897266091
86.28038656345622,66.8159680994442,35.006977345403705,1,-4.444588721585146,-4.7041712190175256
14.592703238841453,29.331906208992827,30.529013142996106,1,-0.5172510079057157,-0.4592514186561008
95.28628848747374,20.692764559985246,10.042217486095561,0,20.032694524756725,19.551932172493277
33.55343916701232,93.69890322467356,14.386971796461392,0,14.839633339536853,15.189125276350039
66.56906013434127,2.8339330978496307,21.040338682957884,1,-0.4163338709499614,-0.4261441845468319
75.43068944971144,44.33994991706732,35.26289402702822,0,2.569159181403714,2.6897218532794045
81.38267722915046,3.141072253717584,32.29744703203329,0,0.25971843216591667,0.2450606098020711
94.62922052036708,48.87571176232857,27.0795075361582,1,-6.01919102512486,-6.3072033539865915
31.97903525485344,50.603690401647405,38.652116612587676,0,1.1139622894962256,1.0831808804626624
85.9921390006039,32.84458466807995,38.13894924070213,0,2.0187240232327675,1.9417131816192061
14.037003440184497,14.084015974977344,31.27509854905054,0,0.19458218423739165,0.20211732495003334
70.79904972900567,38.26236623571305,39.562514085856435,0,1.6771182982382862,1.7307386368663333
74.4557952218846,67.55403105332404,17.37890536418125,0,17.280011641513664,16.653477668162132
68.09460087893072,78.45718505580146,44.181226887807675,0,2.631906328105019,2.7369688661756912
25.979158877380144,53.54430963642609,31.130594204295097,1,-1.3316180937868096,-1.4353690866115747
87.43127155450513,59.39360504953581,41.2958121768091,1,-3.0943177580215604,-3.045050205122554
17.716987873669105,20.861020741340617,27.767676134723914,1,-0.467314003041125,-0.4793429806823008
6.309844360562253,29.445702989537295,11.703474004445338,1,-1.2140937623039778,-1.35647247148652
72.0290340705793,17.027665395183483,27.57809630523712,0,1.5556839870254473,1.6126277561666102
48.072095808040636,25.68023965045652,19.184471525052817,1,-3.3426948585119436,-3.3542269845212687
85.06070397590894,23.263791242327645,35.177452765817634,0,1.683406845094101,1.5991186472829382
38.95631696476764,52.42542985273252,24.313895795002054,1,-3.290384500094312,-3.45470356964818
17.65958026226357,56.70618682328221,41.9695274414567,0,0.5591975502398382,0.5685159620638374
83.8077770545171,94.54979466132895,34.22555310377392,1,-6.939403129481679,-6.764628653297124
55.342053532367096,20.36149406305078,34.54267721853488,0,0.933384755341079,0.9443933566355075
19.730383446645135,64.5258953059881,11.640611341062183,1,-8.715294278151383,-9.395458668110262
72.31801586005813,81.90866762976476,49.22823855807323,1,-2.4783724757823657,-2.444262082694437
51.60025021046055,56.463904914522196,42.24208525430295,1,-1.6264189948400878,-1.632796345701535
60.82698524179166,26.245361597606497,39.66123934347404,1,-1.0365406635979966,-1.0148837312941648
46.62893548245161,26.992472771980022,17.180546032841345,1,-4.11364384022062,-4.264069236728858
83.04218939798264,4.886052254028991,27.245950989514363,0,0.5508293539129593,0.5465790177986803
83.12670885262193,31.23897842829969,7.718056215642103,1,-45.78063806570219,-43.59347950262567
71.22949336061424,74.71576422133462,27.38532285647259,0,6.752615089180853,7.096371900131227
11.434736362249765,5.704257963503927,8.148573077681077,1,-1.080506393999248,-0.9823408040389092
84.04653232850282,22.710232967978236,28.09885435549046,1,-2.5179725227272245,-2.417487084255895
67.43028507275807,70.91701735464642,32.78737212759037,1,-4.271696531368168,-4.448281242667756
70.00539243442564,78.48250471946479,20.119602395245217,0,14.471027294504811,13.572678485774961
36.93530119998329,46.076522596130914,25.42869903823337,1,-2.541705441990216,-2.6319222577470116
88.04867605954367,70.10935950938624,43.90701599605471,1,-3.113272609729203,-3.2020711995293585
72.81178842325089,39.40726469683431,6.319594090437659,0,71.39099174383684,71.84550816003018
12.146456186390251,16.831411257388623,39.79491175698299,0,0.1340986106060481,0.12909666631993838
41.370025406210104,40.416799858767746,9.366972998813624,0,19.329541672870114,19.05676483414963
88.75165583405403,58.41681420011114,2.7986911574267914,0,721.6381793963225,661.9182904584603
5.67247346804052,94.85727490343614,10.093155534507341,1,-5.307886828208078,-5.28188797216477
96.1802453445629,7.806344256779054,38.48711630855399,0,0.5409143072876872,0.5068772922406157
68.23709426363672,51.2320152906511,20.85117759350614,0,8.392258397885882,8.040828334071294
63.50622178669428,33.56305804286171,43.75350532546292,1,-1.07246004043957,-1.1134022509550443
27.785366392311147,51.32285773339276,26.710669517931024,0,1.7977221721945469,1.9987450930149995
25.63038708517853,3.3735692902766363,2.090267244390217,0,20.709212559440306,19.789789278308646
94.26376372937095,31.98951011545655,36.11896687049441,0,2.296698898920984,2.3114352205888196
30.528972969178152,82.1669466051735,6.401412527340402,1,-62.57372759062942,-61.214980016351376
77.77502437518093,55.840231651609116,39.6796020396343,0,2.553850214640706,2.7583714655765292
39.919058022500835,45.60766678879562,9.237024940453821,0,21.33204873210351,21.338009648029406
14.786153007685694,29.26698209981862,17.92687290447016,0,1.348813835772047,1.3465548824465727
2.060814471840536,30.506209756344234,38.30230005164265,1,-0.04564447857231112,-0.04285262587858102
54.88147636450983,38.92704192546786,47.75733651634466,1,-1.0056929095362688,-0.9366923930008443
97.60210303634433,83.72150028649148,19.200263581689885,0,22.705031122618998,22.16571762329332
37.54448318711125,96.75410747401857,41.64061078974785,1,-2.0036765778622976,-2.094987129371324
36.36204106531144,44.426882753687075,10.348821008316097,0,15.227364805407628,15.083854816045406
35.06507016709477,39.94193103602842,40.551808739922066,1,-0.8026855382909209,-0.8516934552515659
52.53383989318098,84.80852680616641,33.2172089035563,1,-4.055311100652406,-4.037870531518476
44.62582345900506,43.263626742994056,10.444431853406053,0,17.650527752654742,17.698624893559547
88.11154804597443,55.64979905726947,15.822694057219168,0,18.68751641694231,19.58554091583586
51.04655838062554,23.8632247952757,7.456773541254765,0,20.198490445546522,21.90754392867778
51.26802598066831,74.60675104212845,19.76538354215135,1,-8.882787951336093,-9.790710999007148
14.698787877335104,53.6668435088074,10.978783415040592,0,6.91473180606589,6.54454020041344
98.2912145501282,81.09442047379382,32.555899727893205,1,-8.044111316165095,-7.520492313298286
25.74731619601414,78.29254027283831,49.73075010680738,1,-0.8087363866975975,-0.8150839305589563
8.263042678500664,22.28547205873283,1.588448991128943,0,72.61684189432135,72.98192049043783
66.65147864854568,71.84791950521847,27.505070851077633,1,-6.416640892512059,-6.32992332517224
59.941270645530395,80.20538638718577,29.109663279901476,1,-5.789582227099986,-5.673553005119096
42.09941974528183,35.26461683745711,45.796230694359785,0,0.7213682758146478,0.707873754684175
42.79703115418713,18.08830217732518,25.794261403579938,1,-1.1158997259892465,-1.1634969629411902
78.72132818359668,1.26058340237923,27.641369562600957,1,-0.12726763443270783,-0.12988077834432107
20.375551369865256,45.63946165622167,24.11098726509104,0,1.5899920593007346,1.5996313075402755
82.20507857554408,35.89084042234531,14.176310923512588,0,14.565593709485034,14.68100602841032
65.2259642756068,55.936073548715484,3.7454275291967702,0,272.2640466620219,260.0816366241144
42.478007604172916,19.61606816628979,21.02422642828197,1,-1.84142502106072,-1.8851071903186893
46.34483304180299,86.10688921898104,3.576982090793248,1,-310.7594779957879,-311.8930448936783
26.408073511423485,26.517766347182857,27.97413100382997,1,-0.8964773865979603,-0.8948710350308423
75.4593189370005,23.416530903677348,16.057388518872365,0,6.971385181060215,6.853076913149449
51.774599488221504,48.59069159195124,27.14651767474596,1,-3.4937706021777974,-3.4138275200779638
32.764599732234515,50.38625135068315,7.580551255364147,1,-27.548572563743758,-28.72865794739136
60.00896146033407,22.29343764972419,46.69886832122862,1,-0.6464511613026989,-0.6134517931081871
99.57771075308098,27.91421194586566,44.83154093394681,0,1.3545415328943453,1.3829936192751588
44.09096568599883,17.80081867636925,10.30982895091194,0,7.609532398032052,7.383914635918895
92.14844867708334,72.1275576539935,17.828769881406483,0,19.725228692396488,20.909637118656516
35.156667152532044,77.23881409415411,31.061145820747,1,-3.0359112342900674,-2.814545989993114
6.418537985573603,46.77052124846898,5.688624157989407,1,-9.247449416371722,-9.276707072259528
21.21996853047446,71.69461524581672,18.37382323469139,0,4.124177483748928,4.506425607184669
42.450819189440736,73.8576038018071,13.3045020541313,0,16.562406353307072,17.712670310883276
22.743857930862333,14.689277240103051,45.86031970711814,1,-0.15284187257406237,-0.15885116544888842
1.0224767836072983,96.65162445861914,42.77302117817106,0,0.05346295774467489,0.054016042200518664
91.58515223700519,82.28216276254668,29.411804322076325,1,-8.151470663708874,-8.711389542227087
84.54406171186197,21.243862658386526,26.496970506707136,0,2.4040349288235663,2.558139060110219
74.48693091720776,19.430338538860955,46.60556393272446,0,0.6631930349818723,0.6663231668720335
17.613644968956834,13.440453412378691,46.68896136596195,0,0.11077099574210261,0.10860122710164143
12.91599404478862,14.69947769164992,48.49717614223136,1,-0.08544728387287222,-0.08072291501163965
7.692870197765932,75.06801810384093,7.143565321301195,0,11.900329186376112,11.31653091206791
72.6788896885192,47.49577143821073,8.86733272739534,1,-42.780310878466075,-43.90128380768938
92.95198810810065,78.51048310124685,34.16009823531444,0,5.7506466126558635,6.2538593688699455
43.62304627039066,74.87923454067034,27.5302893538824,0,4.301654313279311,4.30978726891961
12.794926527608768,60.85665863701694,1.904829339768562,1,-210.46064135886158,-214.60199565065744
51.72688925247855,68.95029405128928,4.036776763486449,1,-225.32561444453845,-218.86837711741902
35.53435883840438,2.8172167135350374,44.515938730681455,0,0.046779095751909285,0.05051701352418723
38.107667510649776,31.865987033697174,43.57466898142993,1,-0.6306412943501195,-0.6395456497210029
62.51173179141502,64.14439574668161,18.506275177806213,0,13.002446771200198,11.707986626686992
72.15309321295804,1.9251503951381759,44.6614802295962,1,-0.07098660065374147,-0.06963913868621142
11.949756288442924,4.264717424576747,30.090078645497186,1,-0.051869956451973086,-0.056286295059433326
4.5234328498411625,85.33691026456793,40.48937670392619,0,0.22660629870763646,0.2354631120648128
99.43869996588577,68.7184613075151,21.9441224868505,0,14.343260928313086,14.190327767827302
24.04010654263963,27.27160357891405,6.556518039900528,1,-14.662750492376949,-15.251078007524677
6.329221965937449,69.1083211717522,22.252626069654795,1,-0.8836917311800941,-0.8833201331527877
19.79765758049608,79.45321024478706,23.407690101847997,0,2.8280968989048514,2.870834385839779
4.856826788497958,31.372634027900023,27.996265498189548,1,-0.18734511670243542,-0.19440319210367762
39.7892785671,4.567700372419558,6.173552932316972,1,-4.3176444740945525,-4.76862663629612
80.4377766606811,93.34513334408571,49.57869128943096,1,-3.008741749582744,-3.0546511594763617
34.78320052601434,35.172803991267415,12.962704219538411,1,-7.468773307458256,-7.280904075337301
44.97415728095829,11.541694565185932,10.729067773317553,0,4.466512570790289,4.509294856851824
67.88309058317644,49.69383026792159,26.81334302394089,0,5.283173863848212,4.692044805359466
51.38051293691814,77.07831177074925,27.323200790349542,1,-5.268998640102442,-5.304781277349024
86.2831229161111,22.943084147138357,22.551216153828967,1,-4.008271723103613,-3.8925815337781438
86.7375318295299,27.679514963202973,38.82271516993747,0,1.501719087459603,1.592919116131286
1.9811588536242106,25.028783693059733,26.31606563570153,1,-0.07813746366426476,-0.07160067602921726
78.02658434183672,99.17563223033613,30.875077302104224,1,-7.970098499661585,-8.117671382406295
46.61262642392571,20.54296963932371,36.463572884981495,1,-0.6966187066468978,-0.7201921064355709
98.89521358906265,57.976501479646274,2.226229976629464,1,-1179.8235377786768,-1156.8771014372087
48.83997551166808,92.60119952403947,28.961564944707195,1,-5.396012612527315,-5.391976605337564
98.70269859344145,15.542760318900145,44.325529090190095,0,0.7351212813397862,0.7808171076636775
75.70236675936792,97.11456558890232,1.8520484033462616,1,-2129.085114629628,-2143.3305969229673
25.611883576717325,94.80024620516683,20.853923086247093,1,-5.448688709653646,-5.58310054908567
54.30110294940881,88.57262671876799,46.38514506008567,1,-2.295189363929584,-2.2353747299691347
99.22142830837969,22.24109561167022,18.30456571184435,0,7.14301254256352,6.586319475553767
85.89553016744044,63.77145054508735,23.477712385811802,1,-10.353631799859624,-9.937686776181108
10.639322485330888,76.32825582316278,49.095528259171324,1,-0.33213586875832596,-0.33691119076908654
70.93082768418961,98.61676489144654,10.766869088578117,0,62.89960594115458,60.34022341304896
35.21237900121049,18.861958386055672,4.197504267125291,0,37.55072149756172,37.69639828661193
1.6912439261544636,76.83656405241035,43.11170695220391,0,0.06925826697502066,0.06991715512421894
40.94461593367296,34.541315822784185,43.55480171940606,0,0.6922644374166734,0.7455273792380052
24.240687750772157,18.38702009123223,24.131813899320647,1,-0.7134346555931461,-0.7653786668132261
82.06805778152668,42.716317180171636,26.196151549387025,1,-5.151889893483385,-5.108494965216216
34.395730275730784,79.58975530271302,41.954512111273964,1,-1.5134775625537036,-1.55526484013908
82.9248457014279,47.02013056670116,37.18941540767396,0,2.9140529349776316,2.8192254006325697
1.0591959446447357,54.2147869201018,13.992301108633523,1,-0.30251658632744827,-0.2933025100877893
31.474095852585794,99.520781609812,1.8277743985044044,0,928.3489711943595,937.6092030568807
24.875356216468433,40.51182065618518,24.505307964143743,0,1.7901229261043612,1.6781498577508027
24.123168745792487,61.924674716214746,43.08670397868643,1,-0.8496065116462231,-0.8046583880062694
7.750475356780807,37.15917595992181,44.895899157817944,0,0.15808535023152728,0.14288316659294345
19.52530277063967,39.88577898654179,47.85508365673154,0,0.32739805310112335,0.34006324596056
55.99940741867637,69.86843459109541,44.09859864302628,1,-2.130595141152896,-2.011939266807876
29.844746210936705,93.85081063339346,29.42213420960682,1,-3.214215378655732,-3.235620467423964
42.322083450585644,54.69353609873982,22.785674362568944,0,4.950687719116732,4.458402453158655
38.30982115437166,77.0715929659292,38.96764248017085,1,-2.1302360199225023,-1.944447384185965
87.71458757498957,9.831449322879418,37.251260083914225,1,-0.6258335009841938,-0.6214517775383802
90.62460090204104,21.904645705760768,27.369028073991263,0,2.7132157920809026,2.6501081030103055
49.80274019393015,50.71103245103371,5.279041255364987,0,90.77696631663618,90.62449079875209
33.68543908124484,2.9811606392487042,46.37798599255902,1,-0.045796289238788396,-0.046687844210269724
11.573269696234,26.03264289749332,23.324524337581444,1,-0.5736767770557376,-0.5537946336704931
95.3868850588274,52.22272769267165,18.80335531389695,0,13.666442377649766,14.08891384867453
6.9624675451294475,2.4811586273737705,31.84880236326981,1,-0.01715704773443644,-0.01703066094541696
30.467377479259763,27.19008233637813,34.018060097181866,0,0.6754154458077691,0.715857382249836
30.50855391583041,51.88905112811108,11.32370793448477,0,12.3182381093495,12.34582262865417
32.71972732788127,57.74177555014332,42.01000339568785,1,-1.0913269536375076,-1.070518992628984
17.26439748396852,92.64941761247525,15.206917589456515,1,-7.079466662069934,-6.9169037958001685
78.53298166144602,64.88921670181017,10.147512369801518,1,-48.69555975287807,-49.48863093108507
13.127288334632933,42.05884445046938,20.913592789870375,1,-1.37725051143023,-1.2623362844367452
63.85575925616312,93.10476653617371,36.797443963975795,1,-4.441023143815503,-4.390729509947437
13.26075664387593,78.70341535539163,48.30745074355037,0,0.4990526279326378,0.4472327975564432
7.9830281217026995,20.80088319016201,40.654781954200224,1,-0.10592357441692317,-0.10046763105440429
91.03352086490177,13.953393773533158,47.077070505839394,0,0.6099808509834623,0.5731421265703467
19.82274786555186,67.90535193853056,7.889684399749813,1,-21.565529805938475,-21.624625713823804
82.30376530141072,56.4284333921214,4.4876631443201624,0,223.65711150355932,230.60950148983673
54.91845623960645,79.17768776548282,28.32753333342689,1,-5.776621233944425,-5.41880617496558
8.70779544126819,74.14169995778995,15.224576669157683,1,-2.7659002259594954,-2.7853534078606903
95.58937095236868,62.89594185189399,41.57469367549437,0,3.7311283474924384,3.478356671523283
25.44915553219736,98.65183499126033,33.927405698713976,1,-2.2235539302425056,-2.1811083463779073
86.10488918990805,53.82538328093046,48.56568003530393,1,-1.9729246586115754,-1.9649703187828687
17.712190572671854,12.197469893670263,13.484825430833906,0,1.248116418965157,1.188095562771897
85.54034533204343,82.99908291678285,24.803421603406388,0,11.737095752545457,11.540406379788646
2.3096524776241045,25.93348287222519,25.56078339384231,0,0.08446968478414325,0.09167674073524937
51.66626520037859,77.95291266624791,12.719662948011434,1,-24.77054571204179,-24.89362879424154
77.17481536273412,95.75360250400509,29.91457657491238,0,8.882199784012286,8.25781219003755
93.54475623178556,69.98275588246979,22.721013317882736,0,12.657623877906751,12.681046523117425
91.01101148444222,60.00698593403031,22.88935624350381,1,-11.852705855350894,-10.423860664101877
82.14286208521685,46.57823139182902,18.774095750651696,1,-10.644417391852631,-10.855123475286552
88.93094361646911,37.076576733544925,1.829538268851218,1,-994.8502642949386,-985.0755351257886
20.722748897870574,35.94747034621179,26.58266660882466,1,-1.150599903437831,-1.0541893141513474
29.134245275461147,64.00089786524947,17.427143949316225,1,-6.65504229938113,-6.139562175644598
29.607883967184794,75.37603857683685,1.064673580232154,1,-1872.8368620382782,-1968.8277628093124
38.32833916916818,68.17318987895702,16.08924167543467,0,9.724347743890432,10.093980605377942
39.93874636813368,20.64260001816271,14.652788321398091,0,3.6656513932661827,3.8398855030909655
54.910977140812875,49.90473083420563,20.278959507958156,1,-6.675483800391335,-6.663609727326725
16.828096573277698,79.37236714612324,7.46074749252645,0,23.22312758025733,23.996043746730336
69.43341971481294,48.09470374071657,25.87650740711914,0,5.0121216669172775,4.987173672794658
17.589087391146144,54.12570469381389,34.92957727338837,0,0.7723883953729918,0.7802974918993516
31.720539728350207,77.34246876891139,31.87909288367405,0,2.269209768305287,2.414052377458526
50.83116793000925,66.46526532024406,40.38399243089034,1,-2.1245519479450437,-2.071602028131244
79.84761559082425,41.52514716735687,23.148406111366977,1,-6.050742402097493,-6.1877241735568385
74.207454090634,89.64585840822768,26.435494786646682,0,9.539204551636132,9.519253129849199
64.9079012846417,17.09413979768438,40.70969510209018,1,-0.6722407608933897,-0.6694977455321577
16.421552797436846,99.55612841044214,21.957357370142688,0,3.7194345926751833,3.3909554136297713
55.15748921594219,12.766405269147484,35.37836814508025,0,0.5831611236448397,0.5625971425026347
9.65720367818866,2.4800471393196513,22.2955160671816,1,-0.046127475093236205,-0.048181050891348325
38.35895450286843,89.11187121372771,21.46907353106657,0,7.354560469038836,7.416102404444323
41.93813649870596,25.250397328229653,38.250075601928856,1,-0.7158233374090881,-0.7237902849113993
4.941332505129629,73.24026311722537,9.567008857844346,1,-4.039274576602077,-3.9540451357713207
28.124821847527212,81.29052211827486,17.590712625137105,1,-7.10136074751282,-7.388611400617783
95.60929725938244,86.03965271217956,11.984441560598187,1,-57.590902183244076,-57.274745860728004
95.40962817513926,99.16782933075251,18.59638720541226,1,-27.055149117260516,-27.3593547028107
35.88037837100139,30.109931293959907,12.288366295935177,1,-7.097032146162029,-7.154486717559987
5.266910785884082,71.31409085079865,29.390875923246078,1,-0.4352117009134893,-0.4348167377081368
18.730398993489974,12.424585969801994,40.110369328274416,1,-0.12339875764481993,-0.1446490655629319
39.82956154992047,41.27411984432809,39.54403999967719,1,-1.0863273563936542,-1.0512869490721488
94.83019009895375,84.94919763794644,18.86054726289083,0,21.881185013730526,22.646303430917698
14.978707290181307,37.398146559851725,49.44925988881882,1,-0.2211388014070475,-0.22908930859842352
76.58806852315301,59.51844267302579,30.09886387058424,0,4.881938902521529,5.031673712890218
11.759571398094515,50.87357092873877,20.570614787136442,1,-1.4344034649749584,-1.413803892575147
98.1445001617364,64.94920158009246,41.94142468282985,0,3.4268680283462163,3.623709936696764
38.78003341180436,97.31654454938179,36.7638266194894,1,-2.723616980685655,-2.7922444749132413
77.74821935100654,6.51781712363881,37.714491504381115,1,-0.34728489881162833,-0.3562674201919006
34.91651719830205,57.82219023266134,10.610828136959707,1,-18.21452424493473,-17.93192423798662
63.13921883872206,86.4398491457782,23.947891061059202,0,9.85665954013614,9.516530788918473
20.009592389263638,48.656888463094326,43.22957841040554,0,0.4725771825362782,0.5209794278640153
15.456080910399292,8.77419140821571,25.697862373809105,1,-0.21261632251970888,-0.20535840805649372
93.86834981724499,56.49339588926032,34.489184427631464,0,4.420223098843657,4.458112414859389
91.84708051253891,33.87531519155822,29.808752918678962,1,-3.7067967271719744,-3.5015560818387894
88.85942508107536,16.339236748455654,42.275482598200725,0,0.7413471365082636,0.8123779304201076
62.917911566492755,85.05441681506383,14.94348114831853,0,23.595529930372404,23.964457925349848
81.01855291041154,52.63835178612104,29.198288616431878,0,5.175911482017397,5.002325754244064
7.834656754226116,93.3943648255276,7.038498732480395,1,-13.823165444603656,-14.770002662342733
34.14411514717724,80.79563395570383,34.82032805827392,0,2.2130345913739418,2.2752967073041748
32.05660935095847,69.60420758359307,36.86642407928289,0,1.7018752500558847,1.6416896089681714
63.92888687330871,1.4975248331658815,3.0990287382609223,1,-9.651012756362206,-9.968274029710644
36.23981957359341,43.35452220718675,34.113757217771266,1,-1.2678243834904674,-1.3500856542036848
15.7021713827244,20.5511418835512,21.31981755412353,0,0.6975206028926474,0.7099515358853014
60.050240465940824,91.1689931938379,7.080746929374435,0,99.37586839848137,109.19525434944615
81.62400814623906,18.283814482959666,21.57546983722491,1,-3.1947542193685585,-3.206005029160721
38.830225951537344,29.319945114269263,10.517413555083504,1,-10.814081490017932,-10.292364742244676
14.094602794749688,52.166840005715414,21.36241707404251,1,-1.6694745722736402,-1.611189384698836
20.47213153396948,27.072998280809845,19.83261236996786,1,-1.4303150067709138,-1.4090927215963724
24.510847211769015,21.776603050632996,37.18119020986681,1,-0.3926448785870713,-0.3861018493245172
30.689861706459087,60.31083318517249,38.93656235015158,0,1.229527201294595,1.2208858162390812
64.6367119801246,9.804022752747363,30.744404064842787,1,-0.6468561195329884,-0.6704268637294254
60.49360296923418,6.758608113371547,2.1116552669399296,1,-93.37560519718572,-91.68972644544426
69.91190629513687,37.85228422342107,46.62009167447871,0,1.2416681948170825,1.2175785549033509
36.8876964686198,72.34578099627836,34.62543072472594,1,-2.2242445295767537,-2.2258934725664434
82.57576753611785,55.92586906912085,2.675577046138253,1,-614.930436591968,-645.1050442756053
21.204678454420268,42.864770378211105,41.12281206149177,1,-0.5425535573764398,-0.5374852900864489
47.43503400429724,57.00940485823366,10.81304158118181,0,23.037360357747765,23.128633666272084
80.2929334326016,37.17969698067409,29.381838288984234,1,-3.522735893166946,-3.4580020179321993
18.835706125529306,93.67848720777917,23.86508412755917,1,-3.1232360134762294,-3.098102880029926
11.876448260337511,6.435584200166659,21.572100335398755,1,-0.17067823248913802,-0.16424406859439147
88.48471280111099,67.66575642395368,44.59597228609548,1,-3.143405658261708,-3.010550474339215
34.95003661316039,89.2369838179473,22.43070328656812,0,6.439227563301053,6.198787331187823
68.70314236599417,80.58458616479008,4.691861761084386,0,237.87883547896902,251.50010217904082
3.5095118221299093,19.220062447323226,47.38529763353267,1,-0.03052032381688639,-0.030040992608198532
69.31464195253551,30.296708549048546,46.10622633074175,1,-0.9377218633377186,-0.987873368247695
32.294029843150085,71.98774593200336,34.53720178949834,1,-1.9833464073473848,-1.9489761357217783
6.518344505156732,9.342785358895789,23.926733878469225,1,-0.10196884359179748,-0.10637678066530631
61.37146339326359,81.37430828342582,5.550114174232542,1,-166.91615103231922,-162.1249870416268
24.839577791244153,72.17178751587424,39.746657810296334,1,-1.1944185803122362,-1.1347767778042765
39.29391696313612,73.23105827429892,4.698417806777419,1,-140.7463289898937,-130.35189997418027
8.977500416364846,10.923895656491547,4.361448259862137,0,5.493896761979109,5.155508741278044
15.569161858399587,72.05829393680686,27.331808279529035,1,-1.5871690376086365,-1.5018013063236242
30.499746314088533,68.30199439677703,8.846283769047371,0,27.614494423584794,26.619989465683304
9.886190555455556,83.2613265913632,1.3787830996771002,0,411.3440470537486,432.9925265301264
91.17180020394521,5.117999669390481,21.732558118793527,1,-0.9228832799642623,-0.9879593691918265
1.5986572752138635,3.2879561783114273,7.723644348893231,0,0.0978346062814881,0.08811236413192206
48.90216166756683,37.92770288797751,8.86525534875387,0,21.609401717811572,23.599461804065054
13.201498355122594,15.730040101066136,4.768621298031398,0,8.63672973677167,9.132031217793713
31.460229858316904,56.28006327945197,11.049593932456887,1,-13.941271475391954,-14.501864137868527
92.67989642200828,91.81754124916813,36.05872480894508,0,6.712596827639485,6.544710945827896
17.007760774124698,39.75649330306756,40.63743805367178,0,0.42535719072804995,0.40945159605593506
96.61739965211493,84.65008734998781,23.174148557435732,1,-15.666023069782893,-15.229133087930538
21.37364332195275,1.023846577268781,25.821136978189465,1,-0.029560099519226127,-0.03282182437816139
74.41504473821612,17.682949702459236,2.6000966951159277,0,195.79082495721113,194.6419560021358
55.12104922483386,4.011930425754477,4.396496807194525,1,-12.13697784514085,-11.440825048527268
88.56339403207916,33.4865708709918,13.620818556826329,1,-16.187547820083775,-15.985216145578008
55.845332294809964,90.91076997395378,27.651022614944228,0,6.240584504987118,6.640179517607579
53.92136269647456,10.598260236299787,37.23800628801465,0,0.44490181624865716,0.41211896124426434
20.350342036471588,61.03456789763624,30.645150005563618,0,1.2789192356971544,1.322586496259009
17.456706843114215,45.698097972824975,20.214264894352624,1,-1.9042173842129426,-1.952290936392437
91.7324259604359,93.90835302421543,6.797879577153771,0,182.0276857397034,186.41470552573975
33.45598168615337,13.12939511117229,39.25788850947228,0,0.27624330008956577,0.28501296827941053
37.836143241326695,21.990757199720665,18.8255165283538,1,-2.571998213183744,-2.347757531157372
76.22254218441046,3.924654892537834,37.066646709656695,1,-0.2112179883373716,-0.2177300166508337
34.54352475985793,43.959589713506,26.13596325380275,1,-2.078614172453272,-2.223019430895782
95.25418221726127,28.505457056900774,37.194440624529435,1,-2.0525982901666913,-1.9627093818938892
74.05484913088122,87.12068745514176,45.45718851117602,0,2.8810335414005492,3.1222642202965956
60.14549501476858,60.88914050657775,46.1304462866363,0,1.790070791198869,1.7209475523242457
88.2086208939305,61.794983059594465,27.220232220029565,0,6.751116752086619,7.356658524827958
5.910984926598792,53.659158991248944,26.063909873516298,1,-0.43843071948707923,-0.4669007623631392
26.449206526731665,10.0931833856909,14.018244809639025,0,1.297050710233718,1.3584808845651062
47.03859708787009,45.05684968881017,46.85419174493528,1,-1.0186817144105984,-0.9654244262492756
23.47087540768058,99.95101378114313,23.438039192781424,1,-4.217400574966212,-4.2704529286653825
74.64661354291304,83.68769979375547,7.25197072508148,1,-124.95020907457956,-118.78446794351245
92.00159507431879,89.45244636254448,22.202540816700946,0,16.104583336666398,16.69483860558701
42.95324187316142,82.49940956540344,7.225609261662194,1,-66.67183160735449,-67.87312459844334
34.8711274110776,11.201127649667285,25.62405252859668,0,0.5226317742332676,0.5948837466404834
96.19352248161906,23.517377152415165,28.502500227954396,0,3.0133155089420494,2.7846383296626662
45.040390849926546,1.309043484284553,17.55003231318568,0,0.1918434536213214,0.191425761342205
49.415791644479036,31.047502362933034,4.510880097342749,1,-80.27420708264849,-75.3997419015156
35.81333736184863,11.752132832302765,47.23167324602871,0,0.1790705061561903,0.18866651299012535
91.0452988282017,47.80654118485672,38.894302560688054,0,3.0198778639920065,2.877218689353902
57.326592844903224,68.0356213688163,42.105172944750926,1,-2.1338787443091674,-2.1999943988375628
76.45528413098282,87.57602420876962,18.97655132002524,0,19.882618193657915,18.59337177695801
81.36886511673775,75.17249934399892,38.28072047095308,1,-4.3165341333944705,-4.174044193059083
34.843055149808556,93.91997398207201,24.78327186329052,0,5.406918972591576,5.32791036755138
43.93573880071762,6.33593074898509,10.85309093189625,1,-2.31290854022276,-2.363314241261947
84.9987056662202,2.2058037062376026,7.096745468453451,1,-3.5933085332848793,-3.72272294716524
36.96227981590521,66.47247326978506,17.907492596780788,1,-7.229953482889762,-7.661803824001594
79.59957821173327,29.645888612002377,7.740053462281844,1,-40.802776899128446,-39.39012128683457
94.15823993486927,26.09660059447154,49.91517983399936,1,-0.9918571236154547,-0.9862272322564847
62.69782693373269,33.757821681685634,3.410260521369081,0,176.43967451806867,181.99178663367945
74.421101457737,27.709809731344052,22.61603636908475,0,4.021172388448262,4.03177835906968
80.70463389207235,51.63220422385714,23.152582597128823,0,8.045030979352171,7.773565336138785
84.65892524076762,44.57469627518912,15.7309645005021,0,13.988172988853705,15.249318714262728
40.1102804478228,51.73042658628898,28.996226719640323,1,-2.3309620062782535,-2.4678501457471453
6.075082458423819,67.59864753854318,8.34887418342569,1,-6.227196012784477,-5.891614894255387
40.78575085243721,39.325920388143686,39.41170664877445,0,1.016741599574348,1.0326113028889456
67.7018667486249,25.87946102707352,17.289938194134276,1,-5.496428242888201,-5.860963130845151
45.584688192298486,17.4538531440658,29.975786900133446,0,0.8999823340529916,0.8854603540028928
75.14735193517946,35.59793783372993,36.066322567281006,1,-2.0216161474122556,-2.0565288033219877
36.34126051739772,74.43884104937104,44.5630637668179,1,-1.4426411100740955,-1.362227072031756
63.839669969298924,75.91378610103548,41.95358438615781,0,2.6096837268152315,2.7534243065040513
19.455560680543485,67.02363328173682,30.80714237707442,0,1.4386051972191911,1.3739435399377729
75.18757422785073,24.168789355380586,20.03126583881046,1,-4.662216817892211,-4.528810834304692
55.02390091248956,59.220538339615075,25.657028833673234,0,4.827573826990226,4.950066152617737
21.202374466113458,57.49827649610795,38.66800487556132,0,0.8546315937004475,0.8153344600602908
29.89920617628292,48.942353612862824,43.99973158541418,0,0.7161857147548172,0.7558653797907254
75.1122621496014,55.44791965200256,6.085314480656922,0,113.98229827768078,112.46827769317032
48.77752233049055,49.68727262974314,19.85795686215962,1,-6.132859954724269,-6.1460454736131584
22.387112598914147,56.98018024133671,39.02971332226153,1,-0.837509024567131,-0.8373965736853441
96.75984784665947,71.83508950749174,22.150936367104087,1,-14.533221261607544,-14.16601296741033
71.7973769618719,11.853191245940534,17.27916043924791,1,-2.932992240960608,-2.8503526532124583
95.75634842143982,75.21294946275334,21.154812144340212,0,15.225463904238365,16.093179295952392
43.28339949067398,14.452728862631826,30.53939259253119,0,0.6869211610003425,0.6707341648432983
48.034933728480325,7.596171842627095,49.99045206255627,0,0.14113063246348206,0.1460084022597057
89.8975664023169,97.63188893592529,25.156629026122058,1,-13.196907650391756,-13.868667502691215
52.979884684293076,95.74218511817371,11.216229272758767,1,-40.77270897080633,-40.32000594026376
71.02061227866105,6.983217949115841,8.979482188675643,1,-6.4764026011092986,-6.150882377943995
25.965114872057466,44.88209070602125,3.0751376263443,1,-124.70039091933397,-123.23504074650175
45.22592040156142,19.4382488916777,28.38204451099775,0,1.0689136807844477,1.091332777192607
13.221536715225156,49.04914481630739,27.684032482952876,0,0.8888576159486624,0.84616425416086
21.392023551819207,83.18754705695915,11.056462412235149,0,14.28861788142459,14.5571983283309
1.0933981114954776,95.11056569954614,35.071140916175786,1,-0.08571643271126579,-0.08454877030743403
4.887240113217363,63.7910126917022,37.314245039854356,1,-0.2081072038026861,-0.22391018822870726
97.751098494516,36.03666105396989,13.695812063723452,1,-18.302527439405356,-18.779784990135035
24.99301581853947,60.72923099881524,17.86088843745709,1,-4.362300533284523,-4.757845445562067
66.66776024089619,31.888129304736584,49.53311194501558,1,-0.8119240430738546,-0.8664702980717015
84.07087018116154,91.07254044237398,19.338958924685976,1,-21.38042154293057,-20.472308244340024
55.515385464419865,87.16964584747785,38.27928191604899,0,3.466031479660662,3.3025627393825747
16.161305508311663,56.264943277686434,23.18354590486706,1,-1.5627946791131475,-1.6918217428086153
73.08352729628047,33.155092622655694,39.87389656518782,1,-1.4072236899774653,-1.5240260469130271
60.42488959985872,30.045577882714856,38.682138700349746,1,-1.153376474373826,-1.2133203211813914
73.39380834539013,4.3083814758008865,33.720045234728246,0,0.291550914922633,0.27809762268382426
77.20491566285163,81.76626425150423,42.884138968483384,0,3.380673912663955,3.4326199291793
97.56562640078977,45.58793809086179,47.02170624900657,1,-2.095864388392239,-2.0116388708602595
57.78276472264429,33.18815991162618,29.41918270215211,0,2.176726352574453,2.2157475862841793
34.82247015636958,47.639925144777635,12.635976453914541,0,9.525086883467266,10.38993975494646
65.19799113312347,82.05506105501055,20.532819120559676,0,13.541405038799711,12.689439071755583
7.775630215019987,13.336806563044597,38.15697996215137,1,-0.0722350421743721,-0.07122614884959567
89.84233451383705,85.9079428359409,32.8932907710696,0,7.594033523869517,7.133451281655066
12.818720122481482,89.85337467572704,9.712118589697187,0,11.459104598301769,12.21099644635905
33.456440950696006,94.72408358835493,3.5107375161748107,0,271.0429516027099,257.1244829506033
81.75879268198597,40.35131124984015,34.46511808356118,1,-2.8460857328545677,-2.777362581732059
60.13392545474047,22.496899999729514,13.302872177437921,0,7.153619977392608,7.644540687363854
